Fecha,Proceso,Sistema,NodoP,Hora,PML,Energia,Perdidas,Congestion,CLAVE,NOMBRE,CENTRO DE CONTROL REGIONAL,ZONA DE CARGA,NIVEL DE TENSIÓN (kV),ZONA DE OPERACIÓN DE TRANSMISIÓN,GERENCIA REGIONAL DE TRANSMISIÓN,ZONA DE DISTRIBUCIÓN,GERENCIA DIVISIONAL DE DISTRIBUCIÓN,CLAVE DE ENTIDAD FEDERATIVA (INEGI),ENTIDAD FEDERATIVA (INEGI),CLAVE DE MUNICIPIO (INEGI),MUNICIPIO (INEGI),REGION DE TRANSMISION,RangoPML
2026-10-07,MDA,BCS,07ASJ-115,1,5422.95,5084.23,338.71,0.0,07ASJ-115,Aeropuerto San Jose del Cabo,BAJA CALIFORNIA SUR,LOS CABOS,115.0,LA PAZ,BAJA CALIFORNIA,LOS CABOS,BAJA CALIFORNIA,3,BAJA CALIFORNIA SUR,8,LOS CABOS,LOS CABOS,"5,000 - 10,000"
2026-10-07,MDA,BCS,07ASJ-115,2,5558.86,5207.32,351.54,0.0,07ASJ-115,Aeropuerto San Jose del Cabo,BAJA CALIFORNIA SUR,LOS CABOS,115.0,LA PAZ,BAJA CALIFORNIA,LOS CABOS,BAJA CALIFORNIA,3,BAJA CALIFORNIA SUR,8,LOS CABOS,LOS CABOS,"5,000 - 10,000"
2026-10-07,MDA,BCS,07ASJ-115,3,4329.22,4065.1,264.12,0.0,07ASJ-115,Aeropuerto San Jose del Cabo,BAJA CALIFORNIA SUR,LOS CABOS,115.0,LA PAZ,BAJA CALIFORNIA,LOS CABOS,BAJA CALIFORNIA,3,BAJA CALIFORNIA SUR,8,LOS CABOS,LOS CABOS,"2,000 - 5,000"
2026-10-07,MDA,BCS,07ASJ-115,4,4708.92,4411.07,297.85,0.0,07ASJ-115,Aeropuerto San Jose del Cabo,BAJA CALIFORNIA SUR,LOS CABOS,115.0,LA PAZ,BAJA CALIFORNIA,LOS CABOS,BAJA CALIFORNIA,3,BAJA CALIFORNIA SUR,8,LOS CABOS,LOS CABOS,"2,000 - 5,000"
2026-10-07,MDA,BCS,07ASJ-115,5,4884.35,4580.97,303.38,0.0,07ASJ-115,Aeropuerto San Jose del Cabo,BAJA CALIFORNIA SUR,LOS CABOS,115.0,LA PAZ,BAJA CALIFORNIA,LOS CABOS,BAJA CALIFORNIA,3,BAJA CALIFORNIA SUR,8,LOS CABOS,LOS CABOS,"2,000 - 5,000"
2026-10-07,MDA,BCS,07ASJ-115,6,4110.94,3856.0,254.94,0.0,07ASJ-115,Aeropuerto San Jose del Cabo,BAJA CALIFORNIA SUR,LOS CABOS,115.0,LA PAZ,BAJA CALIFORNIA,LOS CABOS,BAJA CALIFORNIA,3,BAJA CALIFORNIA SUR,8,LOS CABOS,LOS CABOS,"2,000 - 5,000"
2026-10-07,MDA,BCS,07ASJ-115,7,4263.84,3997.24,266.59,0.0,07ASJ-115,Aeropuerto San Jose del Cabo,BAJA CALIFORNIA SUR,LOS CABOS,115.0,LA PAZ,BAJA CALIFORNIA,LOS CABOS,BAJA CALIFORNIA,3,BAJA CALIFORNIA SUR,8,LOS CABOS,LOS CABOS,"2,000 - 5,000"
2026-10-07,MDA,BCS,07ASJ-115,8,6149.48,3652.84,245.92,2250.73,07ASJ-115,Aeropuerto San Jose del Cabo,BAJA CALIFORNIA SUR,LOS CABOS,115.0,LA PAZ,BAJA CALIFORNIA,LOS CABOS,BAJA CALIFORNIA,3,BAJA CALIFORNIA SUR,8,LOS CABOS,LOS CABOS,"5,000 - 10,000"
2026-10-07,MDA,BCS,07ASJ-115,9,6356.44,3995.5,276.9,2084.05,07ASJ-115,Aeropuerto San Jose del Cabo,BAJA CALIFORNIA SUR,LOS CABOS,115.0,LA PAZ,BAJA CALIFORNIA,LOS CABOS,BAJA CALIFORNIA,3,BAJA CALIFORNIA SUR,8,LOS CABOS,LOS CABOS,"5,000 - 10,000"
2026-10-07,MDA,BCS,07ASJ-115,10,6511.15,4499.47,323.1,1688.58,07ASJ-115,Aeropuerto San Jose del Cabo,BAJA CALIFORNIA SUR,LOS CABOS,115.0,LA PAZ,BAJA CALIFORNIA,LOS CABOS,BAJA CALIFORNIA,3,BAJA CALIFORNIA SUR,8,LOS CABOS,LOS CABOS,"5,000 - 10,000"
2026-10-07,MDA,BCS,07ASJ-115,11,6342.47,4841.13,355.93,1145.41,07ASJ-115,Aeropuerto San Jose del Cabo,BAJA CALIFORNIA SUR,LOS CABOS,115.0,LA PAZ,BAJA CALIFORNIA,LOS CABOS,BAJA CALIFORNIA,3,BAJA CALIFORNIA SUR,8,LOS CABOS,LOS CABOS,"5,000 - 10,000"
2026-10-07,MDA,BCS,07ASJ-115,12,6110.33,4841.77,361.78,906.77,07ASJ-115,Aeropuerto San Jose del Cabo,BAJA CALIFORNIA SUR,LOS CABOS,115.0,LA PAZ,BAJA CALIFORNIA,LOS CABOS,BAJA CALIFORNIA,3,BAJA CALIFORNIA SUR,8,LOS CABOS,LOS CABOS,"5,000 - 10,000"
2026-10-07,MDA,BCS,07ASJ-115,13,6674.97,3269.87,245.49,3159.6,07ASJ-115,Aeropuerto San Jose del Cabo,BAJA CALIFORNIA SUR,LOS CABOS,115.0,LA PAZ,BAJA CALIFORNIA,LOS CABOS,BAJA CALIFORNIA,3,BAJA CALIFORNIA SUR,8,LOS CABOS,LOS CABOS,"5,000 - 10,000"
2026-10-07,MDA,BCS,07ASJ-115,14,6103.18,4425.36,333.43,1344.39,07ASJ-115,Aeropuerto San Jose del Cabo,BAJA CALIFORNIA SUR,LOS CABOS,115.0,LA PAZ,BAJA CALIFORNIA,LOS CABOS,BAJA CALIFORNIA,3,BAJA CALIFORNIA SUR,8,LOS CABOS,LOS CABOS,"5,000 - 10,000"
2026-10-07,MDA,BCS,07ASJ-115,15,5495.21,4777.32,361.71,356.18,07ASJ-115,Aeropuerto San Jose del Cabo,BAJA CALIFORNIA SUR,LOS CABOS,115.0,LA PAZ,BAJA CALIFORNIA,LOS CABOS,BAJA CALIFORNIA,3,BAJA CALIFORNIA SUR,8,LOS CABOS,LOS CABOS,"5,000 - 10,000"
2026-10-07,MDA,BCS,07ASJ-115,16,5638.63,5258.41,380.22,0.0,07ASJ-115,Aeropuerto San Jose del Cabo,BAJA CALIFORNIA SUR,LOS CABOS,115.0,LA PAZ,BAJA CALIFORNIA,LOS CABOS,BAJA CALIFORNIA,3,BAJA CALIFORNIA SUR,8,LOS CABOS,LOS CABOS,"5,000 - 10,000"
2026-10-07,MDA,BCS,07ASJ-115,17,6433.46,6028.16,405.3,0.0,07ASJ-115,Aeropuerto San Jose del Cabo,BAJA CALIFORNIA SUR,LOS CABOS,115.0,LA PAZ,BAJA CALIFORNIA,LOS CABOS,BAJA CALIFORNIA,3,BAJA CALIFORNIA SUR,8,LOS CABOS,LOS CABOS,"5,000 - 10,000"
2026-10-07,MDA,BCS,07ASJ-115,18,6150.92,5787.64,363.28,0.0,07ASJ-115,Aeropuerto San Jose del Cabo,BAJA CALIFORNIA SUR,LOS CABOS,115.0,LA PAZ,BAJA CALIFORNIA,LOS CABOS,BAJA CALIFORNIA,3,BAJA CALIFORNIA SUR,8,LOS CABOS,LOS CABOS,"5,000 - 10,000"
2026-10-07,MDA,BCS,07ASJ-115,19,5843.23,5490.9,352.33,0.0,07ASJ-115,Aeropuerto San Jose del Cabo,BAJA CALIFORNIA SUR,LOS CABOS,115.0,LA PAZ,BAJA CALIFORNIA,LOS CABOS,BAJA CALIFORNIA,3,BAJA CALIFORNIA SUR,8,LOS CABOS,LOS CABOS,"5,000 - 10,000"
2026-10-07,MDA,BCS,07ASJ-115,20,5955.38,5588.99,366.39,0.0,07ASJ-115,Aeropuerto San Jose del Cabo,BAJA CALIFORNIA SUR,LOS CABOS,115.0,LA PAZ,BAJA CALIFORNIA,LOS CABOS,BAJA CALIFORNIA,3,BAJA CALIFORNIA SUR,8,LOS CABOS,LOS CABOS,"5,000 - 10,000"
2026-10-07,MDA,BCS,07ASJ-115,21,5827.41,5469.66,357.76,0.0,07ASJ-115,Aeropuerto San Jose del Cabo,BAJA CALIFORNIA SUR,LOS CABOS,115.0,LA PAZ,BAJA CALIFORNIA,LOS CABOS,BAJA CALIFORNIA,3,BAJA CALIFORNIA SUR,8,LOS CABOS,LOS CABOS,"5,000 - 10,000"
2026-10-07,MDA,BCS,07ASJ-115,22,5852.84,5491.24,361.6,0.0,07ASJ-115,Aeropuerto San Jose del Cabo,BAJA CALIFORNIA SUR,LOS CABOS,115.0,LA PAZ,BAJA CALIFORNIA,LOS CABOS,BAJA CALIFORNIA,3,BAJA CALIFORNIA SUR,8,LOS CABOS,LOS CABOS,"5,000 - 10,000"
2026-10-07,MDA,BCS,07ASJ-115,23,5742.95,5382.9,360.05,0.0,07ASJ-115,Aeropuerto San Jose del Cabo,BAJA CALIFORNIA SUR,LOS CABOS,115.0,LA PAZ,BAJA CALIFORNIA,LOS CABOS,BAJA CALIFORNIA,3,BAJA CALIFORNIA SUR,8,LOS CABOS,LOS CABOS,"5,000 - 10,000"
2026-10-07,MDA,BCS,07ASJ-115,24,5609.06,5262.61,346.45,0.0,07ASJ-115,Aeropuerto San Jose del Cabo,BAJA CALIFORNIA SUR,LOS CABOS,115.0,LA PAZ,BAJA CALIFORNIA,LOS CABOS,BAJA CALIFORNIA,3,BAJA CALIFORNIA SUR,8,LOS CABOS,LOS CABOS,"5,000 - 10,000"
2026-10-07,MDA,BCS,07BLE-115,1,5020.57,5084.23,-63.66,0.0,07BLE-115,Bledales,BAJA CALIFORNIA SUR,LA PAZ,115.0,LA PAZ,BAJA CALIFORNIA,LA PAZ,BAJA CALIFORNIA,3,BAJA CALIFORNIA SUR,3,LA PAZ,LA PAZ,"5,000 - 10,000"
2026-10-07,MDA,BCS,07BLE-115,2,5137.7,5207.32,-69.63,0.0,07BLE-115,Bledales,BAJA CALIFORNIA SUR,LA PAZ,115.0,LA PAZ,BAJA CALIFORNIA,LA PAZ,BAJA CALIFORNIA,3,BAJA CALIFORNIA SUR,3,LA PAZ,LA PAZ,"5,000 - 10,000"
2026-10-07,MDA,BCS,07BLE-115,3,4007.76,4065.1,-57.34,0.0,07BLE-115,Bledales,BAJA CALIFORNIA SUR,LA PAZ,115.0,LA PAZ,BAJA CALIFORNIA,LA PAZ,BAJA CALIFORNIA,3,BAJA CALIFORNIA SUR,3,LA PAZ,LA PAZ,"2,000 - 5,000"
2026-10-07,MDA,BCS,07BLE-115,4,4345.58,4411.07,-65.49,0.0,07BLE-115,Bledales,BAJA CALIFORNIA SUR,LA PAZ,115.0,LA PAZ,BAJA CALIFORNIA,LA PAZ,BAJA CALIFORNIA,3,BAJA CALIFORNIA SUR,3,LA PAZ,LA PAZ,"2,000 - 5,000"
2026-10-07,MDA,BCS,07BLE-115,5,4508.99,4580.97,-71.98,0.0,07BLE-115,Bledales,BAJA CALIFORNIA SUR,LA PAZ,115.0,LA PAZ,BAJA CALIFORNIA,LA PAZ,BAJA CALIFORNIA,3,BAJA CALIFORNIA SUR,3,LA PAZ,LA PAZ,"2,000 - 5,000"
2026-10-07,MDA,BCS,07BLE-115,6,3792.89,3856.0,-63.11,0.0,07BLE-115,Bledales,BAJA CALIFORNIA SUR,LA PAZ,115.0,LA PAZ,BAJA CALIFORNIA,LA PAZ,BAJA CALIFORNIA,3,BAJA CALIFORNIA SUR,3,LA PAZ,LA PAZ,"2,000 - 5,000"
2026-10-07,MDA,BCS,07BLE-115,7,3928.79,3997.24,-68.45,0.0,07BLE-115,Bledales,BAJA CALIFORNIA SUR,LA PAZ,115.0,LA PAZ,BAJA CALIFORNIA,LA PAZ,BAJA CALIFORNIA,3,BAJA CALIFORNIA SUR,3,LA PAZ,LA PAZ,"2,000 - 5,000"
2026-10-07,MDA,BCS,07BLE-115,8,3591.33,3652.84,-61.51,0.0,07BLE-115,Bledales,BAJA CALIFORNIA SUR,LA PAZ,115.0,LA PAZ,BAJA CALIFORNIA,LA PAZ,BAJA CALIFORNIA,3,BAJA CALIFORNIA SUR,3,LA PAZ,LA PAZ,"2,000 - 5,000"
2026-10-07,MDA,BCS,07BLE-115,9,3933.19,3995.5,-62.31,0.0,07BLE-115,Bledales,BAJA CALIFORNIA SUR,LA PAZ,115.0,LA PAZ,BAJA CALIFORNIA,LA PAZ,BAJA CALIFORNIA,3,BAJA CALIFORNIA SUR,3,LA PAZ,LA PAZ,"2,000 - 5,000"
2026-10-07,MDA,BCS,07BLE-115,10,4432.62,4499.47,-66.85,0.0,07BLE-115,Bledales,BAJA CALIFORNIA SUR,LA PAZ,115.0,LA PAZ,BAJA CALIFORNIA,LA PAZ,BAJA CALIFORNIA,3,BAJA CALIFORNIA SUR,3,LA PAZ,LA PAZ,"2,000 - 5,000"
2026-10-07,MDA,BCS,07BLE-115,11,4771.65,4841.13,-69.48,0.0,07BLE-115,Bledales,BAJA CALIFORNIA SUR,LA PAZ,115.0,LA PAZ,BAJA CALIFORNIA,LA PAZ,BAJA CALIFORNIA,3,BAJA CALIFORNIA SUR,3,LA PAZ,LA PAZ,"2,000 - 5,000"
2026-10-07,MDA,BCS,07BLE-115,12,4779.13,4841.77,-62.64,0.0,07BLE-115,Bledales,BAJA CALIFORNIA SUR,LA PAZ,115.0,LA PAZ,BAJA CALIFORNIA,LA PAZ,BAJA CALIFORNIA,3,BAJA CALIFORNIA SUR,3,LA PAZ,LA PAZ,"2,000 - 5,000"
2026-10-07,MDA,BCS,07BLE-115,13,3227.61,3269.87,-42.26,0.0,07BLE-115,Bledales,BAJA CALIFORNIA SUR,LA PAZ,115.0,LA PAZ,BAJA CALIFORNIA,LA PAZ,BAJA CALIFORNIA,3,BAJA CALIFORNIA SUR,3,LA PAZ,LA PAZ,"2,000 - 5,000"
2026-10-07,MDA,BCS,07BLE-115,14,4376.65,4425.36,-48.71,0.0,07BLE-115,Bledales,BAJA CALIFORNIA SUR,LA PAZ,115.0,LA PAZ,BAJA CALIFORNIA,LA PAZ,BAJA CALIFORNIA,3,BAJA CALIFORNIA SUR,3,LA PAZ,LA PAZ,"2,000 - 5,000"
2026-10-07,MDA,BCS,07BLE-115,15,4726.92,4777.32,-50.4,0.0,07BLE-115,Bledales,BAJA CALIFORNIA SUR,LA PAZ,115.0,LA PAZ,BAJA CALIFORNIA,LA PAZ,BAJA CALIFORNIA,3,BAJA CALIFORNIA SUR,3,LA PAZ,LA PAZ,"2,000 - 5,000"
2026-10-07,MDA,BCS,07BLE-115,16,5216.22,5258.41,-42.18,0.0,07BLE-115,Bledales,BAJA CALIFORNIA SUR,LA PAZ,115.0,LA PAZ,BAJA CALIFORNIA,LA PAZ,BAJA CALIFORNIA,3,BAJA CALIFORNIA SUR,3,LA PAZ,LA PAZ,"5,000 - 10,000"
2026-10-07,MDA,BCS,07BLE-115,17,5999.34,6028.16,-28.83,0.0,07BLE-115,Bledales,BAJA CALIFORNIA SUR,LA PAZ,115.0,LA PAZ,BAJA CALIFORNIA,LA PAZ,BAJA CALIFORNIA,3,BAJA CALIFORNIA SUR,3,LA PAZ,LA PAZ,"5,000 - 10,000"
2026-10-07,MDA,BCS,07BLE-115,18,5769.55,5787.64,-18.09,0.0,07BLE-115,Bledales,BAJA CALIFORNIA SUR,LA PAZ,115.0,LA PAZ,BAJA CALIFORNIA,LA PAZ,BAJA CALIFORNIA,3,BAJA CALIFORNIA SUR,3,LA PAZ,LA PAZ,"5,000 - 10,000"
2026-10-07,MDA,BCS,07BLE-115,19,5465.19,5490.9,-25.71,0.0,07BLE-115,Bledales,BAJA CALIFORNIA SUR,LA PAZ,115.0,LA PAZ,BAJA CALIFORNIA,LA PAZ,BAJA CALIFORNIA,3,BAJA CALIFORNIA SUR,3,LA PAZ,LA PAZ,"5,000 - 10,000"
2026-10-07,MDA,BCS,07BLE-115,20,5559.03,5588.99,-29.96,0.0,07BLE-115,Bledales,BAJA CALIFORNIA SUR,LA PAZ,115.0,LA PAZ,BAJA CALIFORNIA,LA PAZ,BAJA CALIFORNIA,3,BAJA CALIFORNIA SUR,3,LA PAZ,LA PAZ,"5,000 - 10,000"
2026-10-07,MDA,BCS,07BLE-115,21,5436.19,5469.66,-33.47,0.0,07BLE-115,Bledales,BAJA CALIFORNIA SUR,LA PAZ,115.0,LA PAZ,BAJA CALIFORNIA,LA PAZ,BAJA CALIFORNIA,3,BAJA CALIFORNIA SUR,3,LA PAZ,LA PAZ,"5,000 - 10,000"
2026-10-07,MDA,BCS,07BLE-115,22,5451.41,5491.24,-39.83,0.0,07BLE-115,Bledales,BAJA CALIFORNIA SUR,LA PAZ,115.0,LA PAZ,BAJA CALIFORNIA,LA PAZ,BAJA CALIFORNIA,3,BAJA CALIFORNIA SUR,3,LA PAZ,LA PAZ,"5,000 - 10,000"
2026-10-07,MDA,BCS,07BLE-115,23,5330.93,5382.9,-51.97,0.0,07BLE-115,Bledales,BAJA CALIFORNIA SUR,LA PAZ,115.0,LA PAZ,BAJA CALIFORNIA,LA PAZ,BAJA CALIFORNIA,3,BAJA CALIFORNIA SUR,3,LA PAZ,LA PAZ,"5,000 - 10,000"
2026-10-07,MDA,BCS,07BLE-115,24,5206.09,5262.61,-56.51,0.0,07BLE-115,Bledales,BAJA CALIFORNIA SUR,LA PAZ,115.0,LA PAZ,BAJA CALIFORNIA,LA PAZ,BAJA CALIFORNIA,3,BAJA CALIFORNIA SUR,3,LA PAZ,LA PAZ,"5,000 - 10,000"
2026-10-07,MDA,BCS,07CAB-115,1,5395.19,5084.23,310.96,0.0,07CAB-115,Cabo  Bello,BAJA CALIFORNIA SUR,LOS CABOS,115.0,LA PAZ,BAJA CALIFORNIA,LOS CABOS,BAJA CALIFORNIA,3,BAJA CALIFORNIA SUR,8,LOS CABOS,LOS CABOS,"5,000 - 10,000"
2026-10-07,MDA,BCS,07CAB-115,2,5543.85,5207.32,336.52,0.0,07CAB-115,Cabo  Bello,BAJA CALIFORNIA SUR,LOS CABOS,115.0,LA PAZ,BAJA CALIFORNIA,LOS CABOS,BAJA CALIFORNIA,3,BAJA CALIFORNIA SUR,8,LOS CABOS,LOS CABOS,"5,000 - 10,000"
2026-10-07,MDA,BCS,07CAB-115,3,4317.42,4065.1,252.33,0.0,07CAB-115,Cabo  Bello,BAJA CALIFORNIA SUR,LOS CABOS,115.0,LA PAZ,BAJA CALIFORNIA,LOS CABOS,BAJA CALIFORNIA,3,BAJA CALIFORNIA SUR,8,LOS CABOS,LOS CABOS,"2,000 - 5,000"
2026-10-07,MDA,BCS,07CAB-115,4,4697.9,4411.07,286.83,0.0,07CAB-115,Cabo  Bello,BAJA CALIFORNIA SUR,LOS CABOS,115.0,LA PAZ,BAJA CALIFORNIA,LOS CABOS,BAJA CALIFORNIA,3,BAJA CALIFORNIA SUR,8,LOS CABOS,LOS CABOS,"2,000 - 5,000"
2026-10-07,MDA,BCS,07CAB-115,5,4874.01,4580.97,293.04,0.0,07CAB-115,Cabo  Bello,BAJA CALIFORNIA SUR,LOS CABOS,115.0,LA PAZ,BAJA CALIFORNIA,LOS CABOS,BAJA CALIFORNIA,3,BAJA CALIFORNIA SUR,8,LOS CABOS,LOS CABOS,"2,000 - 5,000"
2026-10-07,MDA,BCS,07CAB-115,6,4102.59,3856.0,246.59,0.0,07CAB-115,Cabo  Bello,BAJA CALIFORNIA SUR,LOS CABOS,115.0,LA PAZ,BAJA CALIFORNIA,LOS CABOS,BAJA CALIFORNIA,3,BAJA CALIFORNIA SUR,8,LOS CABOS,LOS CABOS,"2,000 - 5,000"
2026-10-07,MDA,BCS,07CAB-115,7,4256.92,3997.24,259.67,0.0,07CAB-115,Cabo  Bello,BAJA CALIFORNIA SUR,LOS CABOS,115.0,LA PAZ,BAJA CALIFORNIA,LOS CABOS,BAJA CALIFORNIA,3,BAJA CALIFORNIA SUR,8,LOS CABOS,LOS CABOS,"2,000 - 5,000"
2026-10-07,MDA,BCS,07CAB-115,8,6139.96,3652.84,236.4,2250.73,07CAB-115,Cabo  Bello,BAJA CALIFORNIA SUR,LOS CABOS,115.0,LA PAZ,BAJA CALIFORNIA,LOS CABOS,BAJA CALIFORNIA,3,BAJA CALIFORNIA SUR,8,LOS CABOS,LOS CABOS,"5,000 - 10,000"
2026-10-07,MDA,BCS,07CAB-115,9,6332.28,3995.5,252.74,2084.05,07CAB-115,Cabo  Bello,BAJA CALIFORNIA SUR,LOS CABOS,115.0,LA PAZ,BAJA CALIFORNIA,LOS CABOS,BAJA CALIFORNIA,3,BAJA CALIFORNIA SUR,8,LOS CABOS,LOS CABOS,"5,000 - 10,000"
2026-10-07,MDA,BCS,07CAB-115,10,6474.72,4499.47,286.67,1688.58,07CAB-115,Cabo  Bello,BAJA CALIFORNIA SUR,LOS CABOS,115.0,LA PAZ,BAJA CALIFORNIA,LOS CABOS,BAJA CALIFORNIA,3,BAJA CALIFORNIA SUR,8,LOS CABOS,LOS CABOS,"5,000 - 10,000"
2026-10-07,MDA,BCS,07CAB-115,11,6297.69,4841.13,311.16,1145.41,07CAB-115,Cabo  Bello,BAJA CALIFORNIA SUR,LOS CABOS,115.0,LA PAZ,BAJA CALIFORNIA,LOS CABOS,BAJA CALIFORNIA,3,BAJA CALIFORNIA SUR,8,LOS CABOS,LOS CABOS,"5,000 - 10,000"
2026-10-07,MDA,BCS,07CAB-115,12,6061.18,4841.77,312.64,906.77,07CAB-115,Cabo  Bello,BAJA CALIFORNIA SUR,LOS CABOS,115.0,LA PAZ,BAJA CALIFORNIA,LOS CABOS,BAJA CALIFORNIA,3,BAJA CALIFORNIA SUR,8,LOS CABOS,LOS CABOS,"5,000 - 10,000"
2026-10-07,MDA,BCS,07CAB-115,13,6640.99,3269.87,211.52,3159.6,07CAB-115,Cabo  Bello,BAJA CALIFORNIA SUR,LOS CABOS,115.0,LA PAZ,BAJA CALIFORNIA,LOS CABOS,BAJA CALIFORNIA,3,BAJA CALIFORNIA SUR,8,LOS CABOS,LOS CABOS,"5,000 - 10,000"
2026-10-07,MDA,BCS,07CAB-115,14,6055.65,4425.36,285.9,1344.39,07CAB-115,Cabo  Bello,BAJA CALIFORNIA SUR,LOS CABOS,115.0,LA PAZ,BAJA CALIFORNIA,LOS CABOS,BAJA CALIFORNIA,3,BAJA CALIFORNIA SUR,8,LOS CABOS,LOS CABOS,"5,000 - 10,000"
2026-10-07,MDA,BCS,07CAB-115,15,5445.73,4777.32,312.23,356.18,07CAB-115,Cabo  Bello,BAJA CALIFORNIA SUR,LOS CABOS,115.0,LA PAZ,BAJA CALIFORNIA,LOS CABOS,BAJA CALIFORNIA,3,BAJA CALIFORNIA SUR,8,LOS CABOS,LOS CABOS,"5,000 - 10,000"
2026-10-07,MDA,BCS,07CAB-115,16,5582.21,5258.41,323.81,0.0,07CAB-115,Cabo  Bello,BAJA CALIFORNIA SUR,LOS CABOS,115.0,LA PAZ,BAJA CALIFORNIA,LOS CABOS,BAJA CALIFORNIA,3,BAJA CALIFORNIA SUR,8,LOS CABOS,LOS CABOS,"5,000 - 10,000"
2026-10-07,MDA,BCS,07CAB-115,17,6365.67,6028.16,337.51,0.0,07CAB-115,Cabo  Bello,BAJA CALIFORNIA SUR,LOS CABOS,115.0,LA PAZ,BAJA CALIFORNIA,LOS CABOS,BAJA CALIFORNIA,3,BAJA CALIFORNIA SUR,8,LOS CABOS,LOS CABOS,"5,000 - 10,000"
2026-10-07,MDA,BCS,07CAB-115,18,6086.52,5787.64,298.88,0.0,07CAB-115,Cabo  Bello,BAJA CALIFORNIA SUR,LOS CABOS,115.0,LA PAZ,BAJA CALIFORNIA,LOS CABOS,BAJA CALIFORNIA,3,BAJA CALIFORNIA SUR,8,LOS CABOS,LOS CABOS,"5,000 - 10,000"
2026-10-07,MDA,BCS,07CAB-115,19,5785.26,5490.9,294.36,0.0,07CAB-115,Cabo  Bello,BAJA CALIFORNIA SUR,LOS CABOS,115.0,LA PAZ,BAJA CALIFORNIA,LOS CABOS,BAJA CALIFORNIA,3,BAJA CALIFORNIA SUR,8,LOS CABOS,LOS CABOS,"5,000 - 10,000"
2026-10-07,MDA,BCS,07CAB-115,20,5892.7,5588.99,303.71,0.0,07CAB-115,Cabo  Bello,BAJA CALIFORNIA SUR,LOS CABOS,115.0,LA PAZ,BAJA CALIFORNIA,LOS CABOS,BAJA CALIFORNIA,3,BAJA CALIFORNIA SUR,8,LOS CABOS,LOS CABOS,"5,000 - 10,000"
2026-10-07,MDA,BCS,07CAB-115,21,5772.52,5469.66,302.86,0.0,07CAB-115,Cabo  Bello,BAJA CALIFORNIA SUR,LOS CABOS,115.0,LA PAZ,BAJA CALIFORNIA,LOS CABOS,BAJA CALIFORNIA,3,BAJA CALIFORNIA SUR,8,LOS CABOS,LOS CABOS,"5,000 - 10,000"
2026-10-07,MDA,BCS,07CAB-115,22,5803.07,5491.24,311.84,0.0,07CAB-115,Cabo  Bello,BAJA CALIFORNIA SUR,LOS CABOS,115.0,LA PAZ,BAJA CALIFORNIA,LOS CABOS,BAJA CALIFORNIA,3,BAJA CALIFORNIA SUR,8,LOS CABOS,LOS CABOS,"5,000 - 10,000"
2026-10-07,MDA,BCS,07CAB-115,23,5700.33,5382.9,317.43,0.0,07CAB-115,Cabo  Bello,BAJA CALIFORNIA SUR,LOS CABOS,115.0,LA PAZ,BAJA CALIFORNIA,LOS CABOS,BAJA CALIFORNIA,3,BAJA CALIFORNIA SUR,8,LOS CABOS,LOS CABOS,"5,000 - 10,000"
2026-10-07,MDA,BCS,07CAB-115,24,5574.47,5262.61,311.87,0.0,07CAB-115,Cabo  Bello,BAJA CALIFORNIA SUR,LOS CABOS,115.0,LA PAZ,BAJA CALIFORNIA,LOS CABOS,BAJA CALIFORNIA,3,BAJA CALIFORNIA SUR,8,LOS CABOS,LOS CABOS,"5,000 - 10,000"
2026-10-07,MDA,BCS,07CAD-115,1,5385.9,5084.23,301.67,0.0,07CAD-115,Cabo San Lucas Dos,BAJA CALIFORNIA SUR,LOS CABOS,115.0,LA PAZ,BAJA CALIFORNIA,LOS CABOS,BAJA CALIFORNIA,3,BAJA CALIFORNIA SUR,8,LOS CABOS,LOS CABOS,"5,000 - 10,000"
2026-10-07,MDA,BCS,07CAD-115,2,5528.2,5207.32,320.88,0.0,07CAD-115,Cabo San Lucas Dos,BAJA CALIFORNIA SUR,LOS CABOS,115.0,LA PAZ,BAJA CALIFORNIA,LOS CABOS,BAJA CALIFORNIA,3,BAJA CALIFORNIA SUR,8,LOS CABOS,LOS CABOS,"5,000 - 10,000"
2026-10-07,MDA,BCS,07CAD-115,3,4305.79,4065.1,240.69,0.0,07CAD-115,Cabo San Lucas Dos,BAJA CALIFORNIA SUR,LOS CABOS,115.0,LA PAZ,BAJA CALIFORNIA,LOS CABOS,BAJA CALIFORNIA,3,BAJA CALIFORNIA SUR,8,LOS CABOS,LOS CABOS,"2,000 - 5,000"
2026-10-07,MDA,BCS,07CAD-115,4,4686.05,4411.07,274.98,0.0,07CAD-115,Cabo San Lucas Dos,BAJA CALIFORNIA SUR,LOS CABOS,115.0,LA PAZ,BAJA CALIFORNIA,LOS CABOS,BAJA CALIFORNIA,3,BAJA CALIFORNIA SUR,8,LOS CABOS,LOS CABOS,"2,000 - 5,000"
2026-10-07,MDA,BCS,07CAD-115,5,4861.66,4580.97,280.69,0.0,07CAD-115,Cabo San Lucas Dos,BAJA CALIFORNIA SUR,LOS CABOS,115.0,LA PAZ,BAJA CALIFORNIA,LOS CABOS,BAJA CALIFORNIA,3,BAJA CALIFORNIA SUR,8,LOS CABOS,LOS CABOS,"2,000 - 5,000"
2026-10-07,MDA,BCS,07CAD-115,6,4092.24,3856.0,236.24,0.0,07CAD-115,Cabo San Lucas Dos,BAJA CALIFORNIA SUR,LOS CABOS,115.0,LA PAZ,BAJA CALIFORNIA,LOS CABOS,BAJA CALIFORNIA,3,BAJA CALIFORNIA SUR,8,LOS CABOS,LOS CABOS,"2,000 - 5,000"
2026-10-07,MDA,BCS,07CAD-115,7,4246.45,3997.24,249.21,0.0,07CAD-115,Cabo San Lucas Dos,BAJA CALIFORNIA SUR,LOS CABOS,115.0,LA PAZ,BAJA CALIFORNIA,LOS CABOS,BAJA CALIFORNIA,3,BAJA CALIFORNIA SUR,8,LOS CABOS,LOS CABOS,"2,000 - 5,000"
2026-10-07,MDA,BCS,07CAD-115,8,6131.29,3652.84,227.73,2250.73,07CAD-115,Cabo San Lucas Dos,BAJA CALIFORNIA SUR,LOS CABOS,115.0,LA PAZ,BAJA CALIFORNIA,LOS CABOS,BAJA CALIFORNIA,3,BAJA CALIFORNIA SUR,8,LOS CABOS,LOS CABOS,"5,000 - 10,000"
2026-10-07,MDA,BCS,07CAD-115,9,6326.93,3995.5,247.39,2084.05,07CAD-115,Cabo San Lucas Dos,BAJA CALIFORNIA SUR,LOS CABOS,115.0,LA PAZ,BAJA CALIFORNIA,LOS CABOS,BAJA CALIFORNIA,3,BAJA CALIFORNIA SUR,8,LOS CABOS,LOS CABOS,"5,000 - 10,000"
2026-10-07,MDA,BCS,07CAD-115,10,6467.75,4499.47,279.7,1688.58,07CAD-115,Cabo San Lucas Dos,BAJA CALIFORNIA SUR,LOS CABOS,115.0,LA PAZ,BAJA CALIFORNIA,LOS CABOS,BAJA CALIFORNIA,3,BAJA CALIFORNIA SUR,8,LOS CABOS,LOS CABOS,"5,000 - 10,000"
2026-10-07,MDA,BCS,07CAD-115,11,6288.19,4841.13,301.65,1145.41,07CAD-115,Cabo San Lucas Dos,BAJA CALIFORNIA SUR,LOS CABOS,115.0,LA PAZ,BAJA CALIFORNIA,LOS CABOS,BAJA CALIFORNIA,3,BAJA CALIFORNIA SUR,8,LOS CABOS,LOS CABOS,"5,000 - 10,000"
2026-10-07,MDA,BCS,07CAD-115,12,6050.85,4841.77,302.3,906.77,07CAD-115,Cabo San Lucas Dos,BAJA CALIFORNIA SUR,LOS CABOS,115.0,LA PAZ,BAJA CALIFORNIA,LOS CABOS,BAJA CALIFORNIA,3,BAJA CALIFORNIA SUR,8,LOS CABOS,LOS CABOS,"5,000 - 10,000"
2026-10-07,MDA,BCS,07CAD-115,13,6634.3,3269.87,204.83,3159.6,07CAD-115,Cabo San Lucas Dos,BAJA CALIFORNIA SUR,LOS CABOS,115.0,LA PAZ,BAJA CALIFORNIA,LOS CABOS,BAJA CALIFORNIA,3,BAJA CALIFORNIA SUR,8,LOS CABOS,LOS CABOS,"5,000 - 10,000"
2026-10-07,MDA,BCS,07CAD-115,14,6044.82,4425.36,275.07,1344.39,07CAD-115,Cabo San Lucas Dos,BAJA CALIFORNIA SUR,LOS CABOS,115.0,LA PAZ,BAJA CALIFORNIA,LOS CABOS,BAJA CALIFORNIA,3,BAJA CALIFORNIA SUR,8,LOS CABOS,LOS CABOS,"5,000 - 10,000"
2026-10-07,MDA,BCS,07CAD-115,15,5432.04,4777.32,298.54,356.18,07CAD-115,Cabo San Lucas Dos,BAJA CALIFORNIA SUR,LOS CABOS,115.0,LA PAZ,BAJA CALIFORNIA,LOS CABOS,BAJA CALIFORNIA,3,BAJA CALIFORNIA SUR,8,LOS CABOS,LOS CABOS,"5,000 - 10,000"
2026-10-07,MDA,BCS,07CAD-115,16,5568.84,5258.41,310.44,0.0,07CAD-115,Cabo San Lucas Dos,BAJA CALIFORNIA SUR,LOS CABOS,115.0,LA PAZ,BAJA CALIFORNIA,LOS CABOS,BAJA CALIFORNIA,3,BAJA CALIFORNIA SUR,8,LOS CABOS,LOS CABOS,"5,000 - 10,000"
2026-10-07,MDA,BCS,07CAD-115,17,6352.04,6028.16,323.87,0.0,07CAD-115,Cabo San Lucas Dos,BAJA CALIFORNIA SUR,LOS CABOS,115.0,LA PAZ,BAJA CALIFORNIA,LOS CABOS,BAJA CALIFORNIA,3,BAJA CALIFORNIA SUR,8,LOS CABOS,LOS CABOS,"5,000 - 10,000"
2026-10-07,MDA,BCS,07CAD-115,18,6074.63,5787.64,286.99,0.0,07CAD-115,Cabo San Lucas Dos,BAJA CALIFORNIA SUR,LOS CABOS,115.0,LA PAZ,BAJA CALIFORNIA,LOS CABOS,BAJA CALIFORNIA,3,BAJA CALIFORNIA SUR,8,LOS CABOS,LOS CABOS,"5,000 - 10,000"
2026-10-07,MDA,BCS,07CAD-115,19,5773.88,5490.9,282.98,0.0,07CAD-115,Cabo San Lucas Dos,BAJA CALIFORNIA SUR,LOS CABOS,115.0,LA PAZ,BAJA CALIFORNIA,LOS CABOS,BAJA CALIFORNIA,3,BAJA CALIFORNIA SUR,8,LOS CABOS,LOS CABOS,"5,000 - 10,000"
2026-10-07,MDA,BCS,07CAD-115,20,5881.83,5588.99,292.84,0.0,07CAD-115,Cabo San Lucas Dos,BAJA CALIFORNIA SUR,LOS CABOS,115.0,LA PAZ,BAJA CALIFORNIA,LOS CABOS,BAJA CALIFORNIA,3,BAJA CALIFORNIA SUR,8,LOS CABOS,LOS CABOS,"5,000 - 10,000"
2026-10-07,MDA,BCS,07CAD-115,21,5761.96,5469.66,292.3,0.0,07CAD-115,Cabo San Lucas Dos,BAJA CALIFORNIA SUR,LOS CABOS,115.0,LA PAZ,BAJA CALIFORNIA,LOS CABOS,BAJA CALIFORNIA,3,BAJA CALIFORNIA SUR,8,LOS CABOS,LOS CABOS,"5,000 - 10,000"
2026-10-07,MDA,BCS,07CAD-115,22,5793.33,5491.24,302.09,0.0,07CAD-115,Cabo San Lucas Dos,BAJA CALIFORNIA SUR,LOS CABOS,115.0,LA PAZ,BAJA CALIFORNIA,LOS CABOS,BAJA CALIFORNIA,3,BAJA CALIFORNIA SUR,8,LOS CABOS,LOS CABOS,"5,000 - 10,000"
2026-10-07,MDA,BCS,07CAD-115,23,5691.06,5382.9,308.16,0.0,07CAD-115,Cabo San Lucas Dos,BAJA CALIFORNIA SUR,LOS CABOS,115.0,LA PAZ,BAJA CALIFORNIA,LOS CABOS,BAJA CALIFORNIA,3,BAJA CALIFORNIA SUR,8,LOS CABOS,LOS CABOS,"5,000 - 10,000"
2026-10-07,MDA,BCS,07CAD-115,24,5565.81,5262.61,303.21,0.0,07CAD-115,Cabo San Lucas Dos,BAJA CALIFORNIA SUR,LOS CABOS,115.0,LA PAZ,BAJA CALIFORNIA,LOS CABOS,BAJA CALIFORNIA,3,BAJA CALIFORNIA SUR,8,LOS CABOS,LOS CABOS,"5,000 - 10,000"
2026-10-07,MDA,BCS,07CAF-115,1,5379.22,5084.23,294.99,0.0,07CAF-115,Cabo Falso,BAJA CALIFORNIA SUR,LOS CABOS,115.0,LA PAZ,BAJA CALIFORNIA,LOS CABOS,BAJA CALIFORNIA,3,BAJA CALIFORNIA SUR,8,LOS CABOS,LOS CABOS,"5,000 - 10,000"
2026-10-07,MDA,BCS,07CAF-115,2,5520.28,5207.32,312.96,0.0,07CAF-115,Cabo Falso,BAJA CALIFORNIA SUR,LOS CABOS,115.0,LA PAZ,BAJA CALIFORNIA,LOS CABOS,BAJA CALIFORNIA,3,BAJA CALIFORNIA SUR,8,LOS CABOS,LOS CABOS,"5,000 - 10,000"
2026-10-07,MDA,BCS,07CAF-115,3,4299.73,4065.1,234.63,0.0,07CAF-115,Cabo Falso,BAJA CALIFORNIA SUR,LOS CABOS,115.0,LA PAZ,BAJA CALIFORNIA,LOS CABOS,BAJA CALIFORNIA,3,BAJA CALIFORNIA SUR,8,LOS CABOS,LOS CABOS,"2,000 - 5,000"
2026-10-07,MDA,BCS,07CAF-115,4,4680.0,4411.07,268.93,0.0,07CAF-115,Cabo Falso,BAJA CALIFORNIA SUR,LOS CABOS,115.0,LA PAZ,BAJA CALIFORNIA,LOS CABOS,BAJA CALIFORNIA,3,BAJA CALIFORNIA SUR,8,LOS CABOS,LOS CABOS,"2,000 - 5,000"
2026-10-07,MDA,BCS,07CAF-115,5,4855.42,4580.97,274.45,0.0,07CAF-115,Cabo Falso,BAJA CALIFORNIA SUR,LOS CABOS,115.0,LA PAZ,BAJA CALIFORNIA,LOS CABOS,BAJA CALIFORNIA,3,BAJA CALIFORNIA SUR,8,LOS CABOS,LOS CABOS,"2,000 - 5,000"
2026-10-07,MDA,BCS,07CAF-115,6,4087.03,3856.0,231.03,0.0,07CAF-115,Cabo Falso,BAJA CALIFORNIA SUR,LOS CABOS,115.0,LA PAZ,BAJA CALIFORNIA,LOS CABOS,BAJA CALIFORNIA,3,BAJA CALIFORNIA SUR,8,LOS CABOS,LOS CABOS,"2,000 - 5,000"
2026-10-07,MDA,BCS,07CAF-115,7,4241.39,3997.24,244.15,0.0,07CAF-115,Cabo Falso,BAJA CALIFORNIA SUR,LOS CABOS,115.0,LA PAZ,BAJA CALIFORNIA,LOS CABOS,BAJA CALIFORNIA,3,BAJA CALIFORNIA SUR,8,LOS CABOS,LOS CABOS,"2,000 - 5,000"
2026-10-07,MDA,BCS,07CAF-115,8,6126.84,3652.84,223.27,2250.73,07CAF-115,Cabo Falso,BAJA CALIFORNIA SUR,LOS CABOS,115.0,LA PAZ,BAJA CALIFORNIA,LOS CABOS,BAJA CALIFORNIA,3,BAJA CALIFORNIA SUR,8,LOS CABOS,LOS CABOS,"5,000 - 10,000"
2026-10-07,MDA,BCS,07CAF-115,9,6322.59,3995.5,243.04,2084.05,07CAF-115,Cabo Falso,BAJA CALIFORNIA SUR,LOS CABOS,115.0,LA PAZ,BAJA CALIFORNIA,LOS CABOS,BAJA CALIFORNIA,3,BAJA CALIFORNIA SUR,8,LOS CABOS,LOS CABOS,"5,000 - 10,000"
2026-10-07,MDA,BCS,07CAF-115,10,6461.77,4499.47,273.72,1688.58,07CAF-115,Cabo Falso,BAJA CALIFORNIA SUR,LOS CABOS,115.0,LA PAZ,BAJA CALIFORNIA,LOS CABOS,BAJA CALIFORNIA,3,BAJA CALIFORNIA SUR,8,LOS CABOS,LOS CABOS,"5,000 - 10,000"
2026-10-07,MDA,BCS,07CAF-115,11,6280.51,4841.13,293.97,1145.41,07CAF-115,Cabo Falso,BAJA CALIFORNIA SUR,LOS CABOS,115.0,LA PAZ,BAJA CALIFORNIA,LOS CABOS,BAJA CALIFORNIA,3,BAJA CALIFORNIA SUR,8,LOS CABOS,LOS CABOS,"5,000 - 10,000"
2026-10-07,MDA,BCS,07CAF-115,12,6042.46,4841.77,293.92,906.77,07CAF-115,Cabo Falso,BAJA CALIFORNIA SUR,LOS CABOS,115.0,LA PAZ,BAJA CALIFORNIA,LOS CABOS,BAJA CALIFORNIA,3,BAJA CALIFORNIA SUR,8,LOS CABOS,LOS CABOS,"5,000 - 10,000"
2026-10-07,MDA,BCS,07CAF-115,13,6628.55,3269.87,199.08,3159.6,07CAF-115,Cabo Falso,BAJA CALIFORNIA SUR,LOS CABOS,115.0,LA PAZ,BAJA CALIFORNIA,LOS CABOS,BAJA CALIFORNIA,3,BAJA CALIFORNIA SUR,8,LOS CABOS,LOS CABOS,"5,000 - 10,000"
2026-10-07,MDA,BCS,07CAF-115,14,6036.06,4425.36,266.32,1344.39,07CAF-115,Cabo Falso,BAJA CALIFORNIA SUR,LOS CABOS,115.0,LA PAZ,BAJA CALIFORNIA,LOS CABOS,BAJA CALIFORNIA,3,BAJA CALIFORNIA SUR,8,LOS CABOS,LOS CABOS,"5,000 - 10,000"
2026-10-07,MDA,BCS,07CAF-115,15,5421.83,4777.32,288.33,356.18,07CAF-115,Cabo Falso,BAJA CALIFORNIA SUR,LOS CABOS,115.0,LA PAZ,BAJA CALIFORNIA,LOS CABOS,BAJA CALIFORNIA,3,BAJA CALIFORNIA SUR,8,LOS CABOS,LOS CABOS,"5,000 - 10,000"
2026-10-07,MDA,BCS,07CAF-115,16,5558.27,5258.41,299.86,0.0,07CAF-115,Cabo Falso,BAJA CALIFORNIA SUR,LOS CABOS,115.0,LA PAZ,BAJA CALIFORNIA,LOS CABOS,BAJA CALIFORNIA,3,BAJA CALIFORNIA SUR,8,LOS CABOS,LOS CABOS,"5,000 - 10,000"
2026-10-07,MDA,BCS,07CAF-115,17,6339.8,6028.16,311.64,0.0,07CAF-115,Cabo Falso,BAJA CALIFORNIA SUR,LOS CABOS,115.0,LA PAZ,BAJA CALIFORNIA,LOS CABOS,BAJA CALIFORNIA,3,BAJA CALIFORNIA SUR,8,LOS CABOS,LOS CABOS,"5,000 - 10,000"
2026-10-07,MDA,BCS,07CAF-115,18,6063.48,5787.64,275.84,0.0,07CAF-115,Cabo Falso,BAJA CALIFORNIA SUR,LOS CABOS,115.0,LA PAZ,BAJA CALIFORNIA,LOS CABOS,BAJA CALIFORNIA,3,BAJA CALIFORNIA SUR,8,LOS CABOS,LOS CABOS,"5,000 - 10,000"
2026-10-07,MDA,BCS,07CAF-115,19,5763.65,5490.9,272.75,0.0,07CAF-115,Cabo Falso,BAJA CALIFORNIA SUR,LOS CABOS,115.0,LA PAZ,BAJA CALIFORNIA,LOS CABOS,BAJA CALIFORNIA,3,BAJA CALIFORNIA SUR,8,LOS CABOS,LOS CABOS,"5,000 - 10,000"
2026-10-07,MDA,BCS,07CAF-115,20,5871.74,5588.99,282.75,0.0,07CAF-115,Cabo Falso,BAJA CALIFORNIA SUR,LOS CABOS,115.0,LA PAZ,BAJA CALIFORNIA,LOS CABOS,BAJA CALIFORNIA,3,BAJA CALIFORNIA SUR,8,LOS CABOS,LOS CABOS,"5,000 - 10,000"
2026-10-07,MDA,BCS,07CAF-115,21,5752.32,5469.66,282.66,0.0,07CAF-115,Cabo Falso,BAJA CALIFORNIA SUR,LOS CABOS,115.0,LA PAZ,BAJA CALIFORNIA,LOS CABOS,BAJA CALIFORNIA,3,BAJA CALIFORNIA SUR,8,LOS CABOS,LOS CABOS,"5,000 - 10,000"
2026-10-07,MDA,BCS,07CAF-115,22,5784.6,5491.24,293.36,0.0,07CAF-115,Cabo Falso,BAJA CALIFORNIA SUR,LOS CABOS,115.0,LA PAZ,BAJA CALIFORNIA,LOS CABOS,BAJA CALIFORNIA,3,BAJA CALIFORNIA SUR,8,LOS CABOS,LOS CABOS,"5,000 - 10,000"
2026-10-07,MDA,BCS,07CAF-115,23,5683.18,5382.9,300.28,0.0,07CAF-115,Cabo Falso,BAJA CALIFORNIA SUR,LOS CABOS,115.0,LA PAZ,BAJA CALIFORNIA,LOS CABOS,BAJA CALIFORNIA,3,BAJA CALIFORNIA SUR,8,LOS CABOS,LOS CABOS,"5,000 - 10,000"
2026-10-07,MDA,BCS,07CAF-115,24,5558.63,5262.61,296.02,0.0,07CAF-115,Cabo Falso,BAJA CALIFORNIA SUR,LOS CABOS,115.0,LA PAZ,BAJA CALIFORNIA,LOS CABOS,BAJA CALIFORNIA,3,BAJA CALIFORNIA SUR,8,LOS CABOS,LOS CABOS,"5,000 - 10,000"
2026-10-07,MDA,BCS,07CAR-115,1,5035.66,5084.23,-48.57,0.0,07CAR-115,Camino Real,BAJA CALIFORNIA SUR,LA PAZ,115.0,LA PAZ,BAJA CALIFORNIA ,LA PAZ,BAJA CALIFORNIA,3,BAJA CALIFORNIA SUR,3,LA PAZ,LA PAZ,"5,000 - 10,000"
2026-10-07,MDA,BCS,07CAR-115,2,5155.35,5207.32,-51.97,0.0,07CAR-115,Camino Real,BAJA CALIFORNIA SUR,LA PAZ,115.0,LA PAZ,BAJA CALIFORNIA ,LA PAZ,BAJA CALIFORNIA,3,BAJA CALIFORNIA SUR,3,LA PAZ,LA PAZ,"5,000 - 10,000"
2026-10-07,MDA,BCS,07CAR-115,3,4018.47,4065.1,-46.63,0.0,07CAR-115,Camino Real,BAJA CALIFORNIA SUR,LA PAZ,115.0,LA PAZ,BAJA CALIFORNIA ,LA PAZ,BAJA CALIFORNIA,3,BAJA CALIFORNIA SUR,3,LA PAZ,LA PAZ,"2,000 - 5,000"
2026-10-07,MDA,BCS,07CAR-115,4,4362.47,4411.07,-48.6,0.0,07CAR-115,Camino Real,BAJA CALIFORNIA SUR,LA PAZ,115.0,LA PAZ,BAJA CALIFORNIA ,LA PAZ,BAJA CALIFORNIA,3,BAJA CALIFORNIA SUR,3,LA PAZ,LA PAZ,"2,000 - 5,000"
2026-10-07,MDA,BCS,07CAR-115,5,4515.83,4580.97,-65.15,0.0,07CAR-115,Camino Real,BAJA CALIFORNIA SUR,LA PAZ,115.0,LA PAZ,BAJA CALIFORNIA ,LA PAZ,BAJA CALIFORNIA,3,BAJA CALIFORNIA SUR,3,LA PAZ,LA PAZ,"2,000 - 5,000"
2026-10-07,MDA,BCS,07CAR-115,6,3797.85,3856.0,-58.15,0.0,07CAR-115,Camino Real,BAJA CALIFORNIA SUR,LA PAZ,115.0,LA PAZ,BAJA CALIFORNIA ,LA PAZ,BAJA CALIFORNIA,3,BAJA CALIFORNIA SUR,3,LA PAZ,LA PAZ,"2,000 - 5,000"
2026-10-07,MDA,BCS,07CAR-115,7,3932.18,3997.24,-65.07,0.0,07CAR-115,Camino Real,BAJA CALIFORNIA SUR,LA PAZ,115.0,LA PAZ,BAJA CALIFORNIA ,LA PAZ,BAJA CALIFORNIA,3,BAJA CALIFORNIA SUR,3,LA PAZ,LA PAZ,"2,000 - 5,000"
2026-10-07,MDA,BCS,07CAR-115,8,3597.37,3652.84,-55.47,0.0,07CAR-115,Camino Real,BAJA CALIFORNIA SUR,LA PAZ,115.0,LA PAZ,BAJA CALIFORNIA ,LA PAZ,BAJA CALIFORNIA,3,BAJA CALIFORNIA SUR,3,LA PAZ,LA PAZ,"2,000 - 5,000"
2026-10-07,MDA,BCS,07CAR-115,9,3956.82,3995.5,-38.68,0.0,07CAR-115,Camino Real,BAJA CALIFORNIA SUR,LA PAZ,115.0,LA PAZ,BAJA CALIFORNIA ,LA PAZ,BAJA CALIFORNIA,3,BAJA CALIFORNIA SUR,3,LA PAZ,LA PAZ,"2,000 - 5,000"
2026-10-07,MDA,BCS,07CAR-115,10,4464.21,4499.47,-35.26,0.0,07CAR-115,Camino Real,BAJA CALIFORNIA SUR,LA PAZ,115.0,LA PAZ,BAJA CALIFORNIA ,LA PAZ,BAJA CALIFORNIA,3,BAJA CALIFORNIA SUR,3,LA PAZ,LA PAZ,"2,000 - 5,000"
2026-10-07,MDA,BCS,07CAR-115,11,4805.37,4841.13,-35.75,0.0,07CAR-115,Camino Real,BAJA CALIFORNIA SUR,LA PAZ,115.0,LA PAZ,BAJA CALIFORNIA ,LA PAZ,BAJA CALIFORNIA,3,BAJA CALIFORNIA SUR,3,LA PAZ,LA PAZ,"2,000 - 5,000"
2026-10-07,MDA,BCS,07CAR-115,12,4818.58,4841.77,-23.19,0.0,07CAR-115,Camino Real,BAJA CALIFORNIA SUR,LA PAZ,115.0,LA PAZ,BAJA CALIFORNIA ,LA PAZ,BAJA CALIFORNIA,3,BAJA CALIFORNIA SUR,3,LA PAZ,LA PAZ,"2,000 - 5,000"
2026-10-07,MDA,BCS,07CAR-115,13,3247.13,3269.87,-22.75,0.0,07CAR-115,Camino Real,BAJA CALIFORNIA SUR,LA PAZ,115.0,LA PAZ,BAJA CALIFORNIA ,LA PAZ,BAJA CALIFORNIA,3,BAJA CALIFORNIA SUR,3,LA PAZ,LA PAZ,"2,000 - 5,000"
2026-10-07,MDA,BCS,07CAR-115,14,4406.04,4425.36,-19.33,0.0,07CAR-115,Camino Real,BAJA CALIFORNIA SUR,LA PAZ,115.0,LA PAZ,BAJA CALIFORNIA ,LA PAZ,BAJA CALIFORNIA,3,BAJA CALIFORNIA SUR,3,LA PAZ,LA PAZ,"2,000 - 5,000"
2026-10-07,MDA,BCS,07CAR-115,15,4751.49,4777.32,-25.83,0.0,07CAR-115,Camino Real,BAJA CALIFORNIA SUR,LA PAZ,115.0,LA PAZ,BAJA CALIFORNIA ,LA PAZ,BAJA CALIFORNIA,3,BAJA CALIFORNIA SUR,3,LA PAZ,LA PAZ,"2,000 - 5,000"
2026-10-07,MDA,BCS,07CAR-115,16,5247.28,5258.41,-11.12,0.0,07CAR-115,Camino Real,BAJA CALIFORNIA SUR,LA PAZ,115.0,LA PAZ,BAJA CALIFORNIA ,LA PAZ,BAJA CALIFORNIA,3,BAJA CALIFORNIA SUR,3,LA PAZ,LA PAZ,"5,000 - 10,000"
2026-10-07,MDA,BCS,07CAR-115,17,6034.15,6028.16,5.98,0.0,07CAR-115,Camino Real,BAJA CALIFORNIA SUR,LA PAZ,115.0,LA PAZ,BAJA CALIFORNIA ,LA PAZ,BAJA CALIFORNIA,3,BAJA CALIFORNIA SUR,3,LA PAZ,LA PAZ,"5,000 - 10,000"
2026-10-07,MDA,BCS,07CAR-115,18,5793.26,5787.64,5.63,0.0,07CAR-115,Camino Real,BAJA CALIFORNIA SUR,LA PAZ,115.0,LA PAZ,BAJA CALIFORNIA ,LA PAZ,BAJA CALIFORNIA,3,BAJA CALIFORNIA SUR,3,LA PAZ,LA PAZ,"5,000 - 10,000"
2026-10-07,MDA,BCS,07CAR-115,19,5479.83,5490.9,-11.07,0.0,07CAR-115,Camino Real,BAJA CALIFORNIA SUR,LA PAZ,115.0,LA PAZ,BAJA CALIFORNIA ,LA PAZ,BAJA CALIFORNIA,3,BAJA CALIFORNIA SUR,3,LA PAZ,LA PAZ,"5,000 - 10,000"
2026-10-07,MDA,BCS,07CAR-115,20,5578.86,5588.99,-10.13,0.0,07CAR-115,Camino Real,BAJA CALIFORNIA SUR,LA PAZ,115.0,LA PAZ,BAJA CALIFORNIA ,LA PAZ,BAJA CALIFORNIA,3,BAJA CALIFORNIA SUR,3,LA PAZ,LA PAZ,"5,000 - 10,000"
2026-10-07,MDA,BCS,07CAR-115,21,5447.5,5469.66,-22.16,0.0,07CAR-115,Camino Real,BAJA CALIFORNIA SUR,LA PAZ,115.0,LA PAZ,BAJA CALIFORNIA ,LA PAZ,BAJA CALIFORNIA,3,BAJA CALIFORNIA SUR,3,LA PAZ,LA PAZ,"5,000 - 10,000"
2026-10-07,MDA,BCS,07CAR-115,22,5460.96,5491.24,-30.28,0.0,07CAR-115,Camino Real,BAJA CALIFORNIA SUR,LA PAZ,115.0,LA PAZ,BAJA CALIFORNIA ,LA PAZ,BAJA CALIFORNIA,3,BAJA CALIFORNIA SUR,3,LA PAZ,LA PAZ,"5,000 - 10,000"
2026-10-07,MDA,BCS,07CAR-115,23,5342.48,5382.9,-40.42,0.0,07CAR-115,Camino Real,BAJA CALIFORNIA SUR,LA PAZ,115.0,LA PAZ,BAJA CALIFORNIA ,LA PAZ,BAJA CALIFORNIA,3,BAJA CALIFORNIA SUR,3,LA PAZ,LA PAZ,"5,000 - 10,000"
2026-10-07,MDA,BCS,07CAR-115,24,5205.39,5262.61,-57.22,0.0,07CAR-115,Camino Real,BAJA CALIFORNIA SUR,LA PAZ,115.0,LA PAZ,BAJA CALIFORNIA ,LA PAZ,BAJA CALIFORNIA,3,BAJA CALIFORNIA SUR,3,LA PAZ,LA PAZ,"5,000 - 10,000"
2026-10-07,MDA,BCS,07CAS-115,1,5397.22,5084.23,312.99,0.0,07CAS-115,Cabo del Sol,BAJA CALIFORNIA SUR,LOS CABOS,115.0,LA PAZ,BAJA CALIFORNIA,LOS CABOS,BAJA CALIFORNIA,3,BAJA CALIFORNIA SUR,8,LOS CABOS,LOS CABOS,"5,000 - 10,000"
2026-10-07,MDA,BCS,07CAS-115,2,5541.49,5207.32,334.17,0.0,07CAS-115,Cabo del Sol,BAJA CALIFORNIA SUR,LOS CABOS,115.0,LA PAZ,BAJA CALIFORNIA,LOS CABOS,BAJA CALIFORNIA,3,BAJA CALIFORNIA SUR,8,LOS CABOS,LOS CABOS,"5,000 - 10,000"
2026-10-07,MDA,BCS,07CAS-115,3,4316.16,4065.1,251.07,0.0,07CAS-115,Cabo del Sol,BAJA CALIFORNIA SUR,LOS CABOS,115.0,LA PAZ,BAJA CALIFORNIA,LOS CABOS,BAJA CALIFORNIA,3,BAJA CALIFORNIA SUR,8,LOS CABOS,LOS CABOS,"2,000 - 5,000"
2026-10-07,MDA,BCS,07CAS-115,4,4696.11,4411.07,285.04,0.0,07CAS-115,Cabo del Sol,BAJA CALIFORNIA SUR,LOS CABOS,115.0,LA PAZ,BAJA CALIFORNIA,LOS CABOS,BAJA CALIFORNIA,3,BAJA CALIFORNIA SUR,8,LOS CABOS,LOS CABOS,"2,000 - 5,000"
2026-10-07,MDA,BCS,07CAS-115,5,4872.05,4580.97,291.07,0.0,07CAS-115,Cabo del Sol,BAJA CALIFORNIA SUR,LOS CABOS,115.0,LA PAZ,BAJA CALIFORNIA,LOS CABOS,BAJA CALIFORNIA,3,BAJA CALIFORNIA SUR,8,LOS CABOS,LOS CABOS,"2,000 - 5,000"
2026-10-07,MDA,BCS,07CAS-115,6,4100.92,3856.0,244.92,0.0,07CAS-115,Cabo del Sol,BAJA CALIFORNIA SUR,LOS CABOS,115.0,LA PAZ,BAJA CALIFORNIA,LOS CABOS,BAJA CALIFORNIA,3,BAJA CALIFORNIA SUR,8,LOS CABOS,LOS CABOS,"2,000 - 5,000"
2026-10-07,MDA,BCS,07CAS-115,7,4254.69,3997.24,257.45,0.0,07CAS-115,Cabo del Sol,BAJA CALIFORNIA SUR,LOS CABOS,115.0,LA PAZ,BAJA CALIFORNIA,LOS CABOS,BAJA CALIFORNIA,3,BAJA CALIFORNIA SUR,8,LOS CABOS,LOS CABOS,"2,000 - 5,000"
2026-10-07,MDA,BCS,07CAS-115,8,6138.67,3652.84,235.11,2250.73,07CAS-115,Cabo del Sol,BAJA CALIFORNIA SUR,LOS CABOS,115.0,LA PAZ,BAJA CALIFORNIA,LOS CABOS,BAJA CALIFORNIA,3,BAJA CALIFORNIA SUR,8,LOS CABOS,LOS CABOS,"5,000 - 10,000"
2026-10-07,MDA,BCS,07CAS-115,9,6334.51,3995.5,254.96,2084.05,07CAS-115,Cabo del Sol,BAJA CALIFORNIA SUR,LOS CABOS,115.0,LA PAZ,BAJA CALIFORNIA,LOS CABOS,BAJA CALIFORNIA,3,BAJA CALIFORNIA SUR,8,LOS CABOS,LOS CABOS,"5,000 - 10,000"
2026-10-07,MDA,BCS,07CAS-115,10,6478.19,4499.47,290.14,1688.58,07CAS-115,Cabo del Sol,BAJA CALIFORNIA SUR,LOS CABOS,115.0,LA PAZ,BAJA CALIFORNIA,LOS CABOS,BAJA CALIFORNIA,3,BAJA CALIFORNIA SUR,8,LOS CABOS,LOS CABOS,"5,000 - 10,000"
2026-10-07,MDA,BCS,07CAS-115,11,6301.68,4841.13,315.15,1145.41,07CAS-115,Cabo del Sol,BAJA CALIFORNIA SUR,LOS CABOS,115.0,LA PAZ,BAJA CALIFORNIA,LOS CABOS,BAJA CALIFORNIA,3,BAJA CALIFORNIA SUR,8,LOS CABOS,LOS CABOS,"5,000 - 10,000"
2026-10-07,MDA,BCS,07CAS-115,12,6065.73,4841.77,317.18,906.77,07CAS-115,Cabo del Sol,BAJA CALIFORNIA SUR,LOS CABOS,115.0,LA PAZ,BAJA CALIFORNIA,LOS CABOS,BAJA CALIFORNIA,3,BAJA CALIFORNIA SUR,8,LOS CABOS,LOS CABOS,"5,000 - 10,000"
2026-10-07,MDA,BCS,07CAS-115,13,6644.09,3269.87,214.61,3159.6,07CAS-115,Cabo del Sol,BAJA CALIFORNIA SUR,LOS CABOS,115.0,LA PAZ,BAJA CALIFORNIA,LOS CABOS,BAJA CALIFORNIA,3,BAJA CALIFORNIA SUR,8,LOS CABOS,LOS CABOS,"5,000 - 10,000"
2026-10-07,MDA,BCS,07CAS-115,14,6059.45,4425.36,289.7,1344.39,07CAS-115,Cabo del Sol,BAJA CALIFORNIA SUR,LOS CABOS,115.0,LA PAZ,BAJA CALIFORNIA,LOS CABOS,BAJA CALIFORNIA,3,BAJA CALIFORNIA SUR,8,LOS CABOS,LOS CABOS,"5,000 - 10,000"
2026-10-07,MDA,BCS,07CAS-115,15,5449.09,4777.32,315.59,356.18,07CAS-115,Cabo del Sol,BAJA CALIFORNIA SUR,LOS CABOS,115.0,LA PAZ,BAJA CALIFORNIA,LOS CABOS,BAJA CALIFORNIA,3,BAJA CALIFORNIA SUR,8,LOS CABOS,LOS CABOS,"5,000 - 10,000"
2026-10-07,MDA,BCS,07CAS-115,16,5586.41,5258.41,328.0,0.0,07CAS-115,Cabo del Sol,BAJA CALIFORNIA SUR,LOS CABOS,115.0,LA PAZ,BAJA CALIFORNIA,LOS CABOS,BAJA CALIFORNIA,3,BAJA CALIFORNIA SUR,8,LOS CABOS,LOS CABOS,"5,000 - 10,000"
2026-10-07,MDA,BCS,07CAS-115,17,6371.34,6028.16,343.18,0.0,07CAS-115,Cabo del Sol,BAJA CALIFORNIA SUR,LOS CABOS,115.0,LA PAZ,BAJA CALIFORNIA,LOS CABOS,BAJA CALIFORNIA,3,BAJA CALIFORNIA SUR,8,LOS CABOS,LOS CABOS,"5,000 - 10,000"
2026-10-07,MDA,BCS,07CAS-115,18,6092.54,5787.64,304.9,0.0,07CAS-115,Cabo del Sol,BAJA CALIFORNIA SUR,LOS CABOS,115.0,LA PAZ,BAJA CALIFORNIA,LOS CABOS,BAJA CALIFORNIA,3,BAJA CALIFORNIA SUR,8,LOS CABOS,LOS CABOS,"5,000 - 10,000"
2026-10-07,MDA,BCS,07CAS-115,19,5789.96,5490.9,299.05,0.0,07CAS-115,Cabo del Sol,BAJA CALIFORNIA SUR,LOS CABOS,115.0,LA PAZ,BAJA CALIFORNIA,LOS CABOS,BAJA CALIFORNIA,3,BAJA CALIFORNIA SUR,8,LOS CABOS,LOS CABOS,"5,000 - 10,000"
2026-10-07,MDA,BCS,07CAS-115,20,5898.04,5588.99,309.05,0.0,07CAS-115,Cabo del Sol,BAJA CALIFORNIA SUR,LOS CABOS,115.0,LA PAZ,BAJA CALIFORNIA,LOS CABOS,BAJA CALIFORNIA,3,BAJA CALIFORNIA SUR,8,LOS CABOS,LOS CABOS,"5,000 - 10,000"
2026-10-07,MDA,BCS,07CAS-115,21,5777.44,5469.66,307.79,0.0,07CAS-115,Cabo del Sol,BAJA CALIFORNIA SUR,LOS CABOS,115.0,LA PAZ,BAJA CALIFORNIA,LOS CABOS,BAJA CALIFORNIA,3,BAJA CALIFORNIA SUR,8,LOS CABOS,LOS CABOS,"5,000 - 10,000"
2026-10-07,MDA,BCS,07CAS-115,22,5807.66,5491.24,316.42,0.0,07CAS-115,Cabo del Sol,BAJA CALIFORNIA SUR,LOS CABOS,115.0,LA PAZ,BAJA CALIFORNIA,LOS CABOS,BAJA CALIFORNIA,3,BAJA CALIFORNIA SUR,8,LOS CABOS,LOS CABOS,"5,000 - 10,000"
2026-10-07,MDA,BCS,07CAS-115,23,5704.25,5382.9,321.35,0.0,07CAS-115,Cabo del Sol,BAJA CALIFORNIA SUR,LOS CABOS,115.0,LA PAZ,BAJA CALIFORNIA,LOS CABOS,BAJA CALIFORNIA,3,BAJA CALIFORNIA SUR,8,LOS CABOS,LOS CABOS,"5,000 - 10,000"
2026-10-07,MDA,BCS,07CAS-115,24,5577.88,5262.61,315.27,0.0,07CAS-115,Cabo del Sol,BAJA CALIFORNIA SUR,LOS CABOS,115.0,LA PAZ,BAJA CALIFORNIA,LOS CABOS,BAJA CALIFORNIA,3,BAJA CALIFORNIA SUR,8,LOS CABOS,LOS CABOS,"5,000 - 10,000"
2026-10-07,MDA,BCS,07COR-230,1,5061.18,5084.23,-23.05,0.0,07COR-230,Coromuel,BAJA CALIFORNIA SUR,LA PAZ,230.0,LA PAZ,BAJA CALIFORNIA,LA PAZ,BAJA CALIFORNIA,3,BAJA CALIFORNIA SUR,3,LA PAZ,LA PAZ,"5,000 - 10,000"
2026-10-07,MDA,BCS,07COR-230,2,5185.39,5207.32,-21.94,0.0,07COR-230,Coromuel,BAJA CALIFORNIA SUR,LA PAZ,230.0,LA PAZ,BAJA CALIFORNIA,LA PAZ,BAJA CALIFORNIA,3,BAJA CALIFORNIA SUR,3,LA PAZ,LA PAZ,"5,000 - 10,000"
2026-10-07,MDA,BCS,07COR-230,3,4047.97,4065.1,-17.13,0.0,07COR-230,Coromuel,BAJA CALIFORNIA SUR,LA PAZ,230.0,LA PAZ,BAJA CALIFORNIA,LA PAZ,BAJA CALIFORNIA,3,BAJA CALIFORNIA SUR,3,LA PAZ,LA PAZ,"2,000 - 5,000"
2026-10-07,MDA,BCS,07COR-230,4,4393.01,4411.07,-18.06,0.0,07COR-230,Coromuel,BAJA CALIFORNIA SUR,LA PAZ,230.0,LA PAZ,BAJA CALIFORNIA,LA PAZ,BAJA CALIFORNIA,3,BAJA CALIFORNIA SUR,3,LA PAZ,LA PAZ,"2,000 - 5,000"
2026-10-07,MDA,BCS,07COR-230,5,4561.67,4580.97,-19.3,0.0,07COR-230,Coromuel,BAJA CALIFORNIA SUR,LA PAZ,230.0,LA PAZ,BAJA CALIFORNIA,LA PAZ,BAJA CALIFORNIA,3,BAJA CALIFORNIA SUR,3,LA PAZ,LA PAZ,"2,000 - 5,000"
2026-10-07,MDA,BCS,07COR-230,6,3840.28,3856.0,-15.72,0.0,07COR-230,Coromuel,BAJA CALIFORNIA SUR,LA PAZ,230.0,LA PAZ,BAJA CALIFORNIA,LA PAZ,BAJA CALIFORNIA,3,BAJA CALIFORNIA SUR,3,LA PAZ,LA PAZ,"2,000 - 5,000"
2026-10-07,MDA,BCS,07COR-230,7,3980.95,3997.24,-16.3,0.0,07COR-230,Coromuel,BAJA CALIFORNIA SUR,LA PAZ,230.0,LA PAZ,BAJA CALIFORNIA,LA PAZ,BAJA CALIFORNIA,3,BAJA CALIFORNIA SUR,3,LA PAZ,LA PAZ,"2,000 - 5,000"
2026-10-07,MDA,BCS,07COR-230,8,3638.38,3652.84,-14.46,0.0,07COR-230,Coromuel,BAJA CALIFORNIA SUR,LA PAZ,230.0,LA PAZ,BAJA CALIFORNIA,LA PAZ,BAJA CALIFORNIA,3,BAJA CALIFORNIA SUR,3,LA PAZ,LA PAZ,"2,000 - 5,000"
2026-10-07,MDA,BCS,07COR-230,9,3979.66,3995.5,-15.84,0.0,07COR-230,Coromuel,BAJA CALIFORNIA SUR,LA PAZ,230.0,LA PAZ,BAJA CALIFORNIA,LA PAZ,BAJA CALIFORNIA,3,BAJA CALIFORNIA SUR,3,LA PAZ,LA PAZ,"2,000 - 5,000"
2026-10-07,MDA,BCS,07COR-230,10,4481.63,4499.47,-17.84,0.0,07COR-230,Coromuel,BAJA CALIFORNIA SUR,LA PAZ,230.0,LA PAZ,BAJA CALIFORNIA,LA PAZ,BAJA CALIFORNIA,3,BAJA CALIFORNIA SUR,3,LA PAZ,LA PAZ,"2,000 - 5,000"
2026-10-07,MDA,BCS,07COR-230,11,4821.93,4841.13,-19.19,0.0,07COR-230,Coromuel,BAJA CALIFORNIA SUR,LA PAZ,230.0,LA PAZ,BAJA CALIFORNIA,LA PAZ,BAJA CALIFORNIA,3,BAJA CALIFORNIA SUR,3,LA PAZ,LA PAZ,"2,000 - 5,000"
2026-10-07,MDA,BCS,07COR-230,12,4821.26,4841.77,-20.52,0.0,07COR-230,Coromuel,BAJA CALIFORNIA SUR,LA PAZ,230.0,LA PAZ,BAJA CALIFORNIA,LA PAZ,BAJA CALIFORNIA,3,BAJA CALIFORNIA SUR,3,LA PAZ,LA PAZ,"2,000 - 5,000"
2026-10-07,MDA,BCS,07COR-230,13,3256.02,3269.87,-13.86,0.0,07COR-230,Coromuel,BAJA CALIFORNIA SUR,LA PAZ,230.0,LA PAZ,BAJA CALIFORNIA,LA PAZ,BAJA CALIFORNIA,3,BAJA CALIFORNIA SUR,3,LA PAZ,LA PAZ,"2,000 - 5,000"
2026-10-07,MDA,BCS,07COR-230,14,4405.36,4425.36,-20.0,0.0,07COR-230,Coromuel,BAJA CALIFORNIA SUR,LA PAZ,230.0,LA PAZ,BAJA CALIFORNIA,LA PAZ,BAJA CALIFORNIA,3,BAJA CALIFORNIA SUR,3,LA PAZ,LA PAZ,"2,000 - 5,000"
2026-10-07,MDA,BCS,07COR-230,15,4755.16,4777.32,-22.15,0.0,07COR-230,Coromuel,BAJA CALIFORNIA SUR,LA PAZ,230.0,LA PAZ,BAJA CALIFORNIA,LA PAZ,BAJA CALIFORNIA,3,BAJA CALIFORNIA SUR,3,LA PAZ,LA PAZ,"2,000 - 5,000"
2026-10-07,MDA,BCS,07COR-230,16,5233.35,5258.41,-25.05,0.0,07COR-230,Coromuel,BAJA CALIFORNIA SUR,LA PAZ,230.0,LA PAZ,BAJA CALIFORNIA,LA PAZ,BAJA CALIFORNIA,3,BAJA CALIFORNIA SUR,3,LA PAZ,LA PAZ,"5,000 - 10,000"
2026-10-07,MDA,BCS,07COR-230,17,5998.93,6028.16,-29.24,0.0,07COR-230,Coromuel,BAJA CALIFORNIA SUR,LA PAZ,230.0,LA PAZ,BAJA CALIFORNIA,LA PAZ,BAJA CALIFORNIA,3,BAJA CALIFORNIA SUR,3,LA PAZ,LA PAZ,"5,000 - 10,000"
2026-10-07,MDA,BCS,07COR-230,18,5759.57,5787.64,-28.07,0.0,07COR-230,Coromuel,BAJA CALIFORNIA SUR,LA PAZ,230.0,LA PAZ,BAJA CALIFORNIA,LA PAZ,BAJA CALIFORNIA,3,BAJA CALIFORNIA SUR,3,LA PAZ,LA PAZ,"5,000 - 10,000"
2026-10-07,MDA,BCS,07COR-230,19,5464.27,5490.9,-26.63,0.0,07COR-230,Coromuel,BAJA CALIFORNIA SUR,LA PAZ,230.0,LA PAZ,BAJA CALIFORNIA,LA PAZ,BAJA CALIFORNIA,3,BAJA CALIFORNIA SUR,3,LA PAZ,LA PAZ,"5,000 - 10,000"
2026-10-07,MDA,BCS,07COR-230,20,5561.88,5588.99,-27.11,0.0,07COR-230,Coromuel,BAJA CALIFORNIA SUR,LA PAZ,230.0,LA PAZ,BAJA CALIFORNIA,LA PAZ,BAJA CALIFORNIA,3,BAJA CALIFORNIA SUR,3,LA PAZ,LA PAZ,"5,000 - 10,000"
2026-10-07,MDA,BCS,07COR-230,21,5443.13,5469.66,-26.53,0.0,07COR-230,Coromuel,BAJA CALIFORNIA SUR,LA PAZ,230.0,LA PAZ,BAJA CALIFORNIA,LA PAZ,BAJA CALIFORNIA,3,BAJA CALIFORNIA SUR,3,LA PAZ,LA PAZ,"5,000 - 10,000"
2026-10-07,MDA,BCS,07COR-230,22,5464.61,5491.24,-26.63,0.0,07COR-230,Coromuel,BAJA CALIFORNIA SUR,LA PAZ,230.0,LA PAZ,BAJA CALIFORNIA,LA PAZ,BAJA CALIFORNIA,3,BAJA CALIFORNIA SUR,3,LA PAZ,LA PAZ,"5,000 - 10,000"
2026-10-07,MDA,BCS,07COR-230,23,5357.61,5382.9,-25.29,0.0,07COR-230,Coromuel,BAJA CALIFORNIA SUR,LA PAZ,230.0,LA PAZ,BAJA CALIFORNIA,LA PAZ,BAJA CALIFORNIA,3,BAJA CALIFORNIA SUR,3,LA PAZ,LA PAZ,"5,000 - 10,000"
2026-10-07,MDA,BCS,07COR-230,24,5238.12,5262.61,-24.49,0.0,07COR-230,Coromuel,BAJA CALIFORNIA SUR,LA PAZ,230.0,LA PAZ,BAJA CALIFORNIA,LA PAZ,BAJA CALIFORNIA,3,BAJA CALIFORNIA SUR,3,LA PAZ,LA PAZ,"5,000 - 10,000"
2026-10-07,MDA,BCS,07CRE-115,1,5395.05,5084.23,310.82,0.0,07CRE-115,Cabo Real,BAJA CALIFORNIA SUR,LOS CABOS,115.0,LA PAZ,BAJA CALIFORNIA,LOS CABOS,BAJA CALIFORNIA,3,BAJA CALIFORNIA SUR,8,LOS CABOS,LOS CABOS,"5,000 - 10,000"
2026-10-07,MDA,BCS,07CRE-115,2,5533.62,5207.32,326.29,0.0,07CRE-115,Cabo Real,BAJA CALIFORNIA SUR,LOS CABOS,115.0,LA PAZ,BAJA CALIFORNIA,LOS CABOS,BAJA CALIFORNIA,3,BAJA CALIFORNIA SUR,8,LOS CABOS,LOS CABOS,"5,000 - 10,000"
2026-10-07,MDA,BCS,07CRE-115,3,4310.62,4065.1,245.52,0.0,07CRE-115,Cabo Real,BAJA CALIFORNIA SUR,LOS CABOS,115.0,LA PAZ,BAJA CALIFORNIA,LOS CABOS,BAJA CALIFORNIA,3,BAJA CALIFORNIA SUR,8,LOS CABOS,LOS CABOS,"2,000 - 5,000"
2026-10-07,MDA,BCS,07CRE-115,4,4689.39,4411.07,278.32,0.0,07CRE-115,Cabo Real,BAJA CALIFORNIA SUR,LOS CABOS,115.0,LA PAZ,BAJA CALIFORNIA,LOS CABOS,BAJA CALIFORNIA,3,BAJA CALIFORNIA SUR,8,LOS CABOS,LOS CABOS,"2,000 - 5,000"
2026-10-07,MDA,BCS,07CRE-115,5,4865.2,4580.97,284.23,0.0,07CRE-115,Cabo Real,BAJA CALIFORNIA SUR,LOS CABOS,115.0,LA PAZ,BAJA CALIFORNIA,LOS CABOS,BAJA CALIFORNIA,3,BAJA CALIFORNIA SUR,8,LOS CABOS,LOS CABOS,"2,000 - 5,000"
2026-10-07,MDA,BCS,07CRE-115,6,4095.2,3856.0,239.2,0.0,07CRE-115,Cabo Real,BAJA CALIFORNIA SUR,LOS CABOS,115.0,LA PAZ,BAJA CALIFORNIA,LOS CABOS,BAJA CALIFORNIA,3,BAJA CALIFORNIA SUR,8,LOS CABOS,LOS CABOS,"2,000 - 5,000"
2026-10-07,MDA,BCS,07CRE-115,7,4249.1,3997.24,251.86,0.0,07CRE-115,Cabo Real,BAJA CALIFORNIA SUR,LOS CABOS,115.0,LA PAZ,BAJA CALIFORNIA,LOS CABOS,BAJA CALIFORNIA,3,BAJA CALIFORNIA SUR,8,LOS CABOS,LOS CABOS,"2,000 - 5,000"
2026-10-07,MDA,BCS,07CRE-115,8,6133.99,3652.84,230.43,2250.73,07CRE-115,Cabo Real,BAJA CALIFORNIA SUR,LOS CABOS,115.0,LA PAZ,BAJA CALIFORNIA,LOS CABOS,BAJA CALIFORNIA,3,BAJA CALIFORNIA SUR,8,LOS CABOS,LOS CABOS,"5,000 - 10,000"
2026-10-07,MDA,BCS,07CRE-115,9,6333.09,3995.5,253.54,2084.05,07CRE-115,Cabo Real,BAJA CALIFORNIA SUR,LOS CABOS,115.0,LA PAZ,BAJA CALIFORNIA,LOS CABOS,BAJA CALIFORNIA,3,BAJA CALIFORNIA SUR,8,LOS CABOS,LOS CABOS,"5,000 - 10,000"
2026-10-07,MDA,BCS,07CRE-115,10,6477.56,4499.47,289.52,1688.58,07CRE-115,Cabo Real,BAJA CALIFORNIA SUR,LOS CABOS,115.0,LA PAZ,BAJA CALIFORNIA,LOS CABOS,BAJA CALIFORNIA,3,BAJA CALIFORNIA SUR,8,LOS CABOS,LOS CABOS,"5,000 - 10,000"
2026-10-07,MDA,BCS,07CRE-115,11,6301.76,4841.13,315.22,1145.41,07CRE-115,Cabo Real,BAJA CALIFORNIA SUR,LOS CABOS,115.0,LA PAZ,BAJA CALIFORNIA,LOS CABOS,BAJA CALIFORNIA,3,BAJA CALIFORNIA SUR,8,LOS CABOS,LOS CABOS,"5,000 - 10,000"
2026-10-07,MDA,BCS,07CRE-115,12,6066.35,4841.77,317.81,906.77,07CRE-115,Cabo Real,BAJA CALIFORNIA SUR,LOS CABOS,115.0,LA PAZ,BAJA CALIFORNIA,LOS CABOS,BAJA CALIFORNIA,3,BAJA CALIFORNIA SUR,8,LOS CABOS,LOS CABOS,"5,000 - 10,000"
2026-10-07,MDA,BCS,07CRE-115,13,6644.62,3269.87,215.15,3159.6,07CRE-115,Cabo Real,BAJA CALIFORNIA SUR,LOS CABOS,115.0,LA PAZ,BAJA CALIFORNIA,LOS CABOS,BAJA CALIFORNIA,3,BAJA CALIFORNIA SUR,8,LOS CABOS,LOS CABOS,"5,000 - 10,000"
2026-10-07,MDA,BCS,07CRE-115,14,6060.43,4425.36,290.68,1344.39,07CRE-115,Cabo Real,BAJA CALIFORNIA SUR,LOS CABOS,115.0,LA PAZ,BAJA CALIFORNIA,LOS CABOS,BAJA CALIFORNIA,3,BAJA CALIFORNIA SUR,8,LOS CABOS,LOS CABOS,"5,000 - 10,000"
2026-10-07,MDA,BCS,07CRE-115,15,5449.99,4777.32,316.49,356.18,07CRE-115,Cabo Real,BAJA CALIFORNIA SUR,LOS CABOS,115.0,LA PAZ,BAJA CALIFORNIA,LOS CABOS,BAJA CALIFORNIA,3,BAJA CALIFORNIA SUR,8,LOS CABOS,LOS CABOS,"5,000 - 10,000"
2026-10-07,MDA,BCS,07CRE-115,16,5587.44,5258.41,329.03,0.0,07CRE-115,Cabo Real,BAJA CALIFORNIA SUR,LOS CABOS,115.0,LA PAZ,BAJA CALIFORNIA,LOS CABOS,BAJA CALIFORNIA,3,BAJA CALIFORNIA SUR,8,LOS CABOS,LOS CABOS,"5,000 - 10,000"
2026-10-07,MDA,BCS,07CRE-115,17,6372.4,6028.16,344.24,0.0,07CRE-115,Cabo Real,BAJA CALIFORNIA SUR,LOS CABOS,115.0,LA PAZ,BAJA CALIFORNIA,LOS CABOS,BAJA CALIFORNIA,3,BAJA CALIFORNIA SUR,8,LOS CABOS,LOS CABOS,"5,000 - 10,000"
2026-10-07,MDA,BCS,07CRE-115,18,6094.17,5787.64,306.53,0.0,07CRE-115,Cabo Real,BAJA CALIFORNIA SUR,LOS CABOS,115.0,LA PAZ,BAJA CALIFORNIA,LOS CABOS,BAJA CALIFORNIA,3,BAJA CALIFORNIA SUR,8,LOS CABOS,LOS CABOS,"5,000 - 10,000"
2026-10-07,MDA,BCS,07CRE-115,19,5791.62,5490.9,300.72,0.0,07CRE-115,Cabo Real,BAJA CALIFORNIA SUR,LOS CABOS,115.0,LA PAZ,BAJA CALIFORNIA,LOS CABOS,BAJA CALIFORNIA,3,BAJA CALIFORNIA SUR,8,LOS CABOS,LOS CABOS,"5,000 - 10,000"
2026-10-07,MDA,BCS,07CRE-115,20,5900.44,5588.99,311.45,0.0,07CRE-115,Cabo Real,BAJA CALIFORNIA SUR,LOS CABOS,115.0,LA PAZ,BAJA CALIFORNIA,LOS CABOS,BAJA CALIFORNIA,3,BAJA CALIFORNIA SUR,8,LOS CABOS,LOS CABOS,"5,000 - 10,000"
2026-10-07,MDA,BCS,07CRE-115,21,5778.9,5469.66,309.24,0.0,07CRE-115,Cabo Real,BAJA CALIFORNIA SUR,LOS CABOS,115.0,LA PAZ,BAJA CALIFORNIA,LOS CABOS,BAJA CALIFORNIA,3,BAJA CALIFORNIA SUR,8,LOS CABOS,LOS CABOS,"5,000 - 10,000"
2026-10-07,MDA,BCS,07CRE-115,22,5808.07,5491.24,316.83,0.0,07CRE-115,Cabo Real,BAJA CALIFORNIA SUR,LOS CABOS,115.0,LA PAZ,BAJA CALIFORNIA,LOS CABOS,BAJA CALIFORNIA,3,BAJA CALIFORNIA SUR,8,LOS CABOS,LOS CABOS,"5,000 - 10,000"
2026-10-07,MDA,BCS,07CRE-115,23,5704.01,5382.9,321.11,0.0,07CRE-115,Cabo Real,BAJA CALIFORNIA SUR,LOS CABOS,115.0,LA PAZ,BAJA CALIFORNIA,LOS CABOS,BAJA CALIFORNIA,3,BAJA CALIFORNIA SUR,8,LOS CABOS,LOS CABOS,"5,000 - 10,000"
2026-10-07,MDA,BCS,07CRE-115,24,5576.49,5262.61,313.89,0.0,07CRE-115,Cabo Real,BAJA CALIFORNIA SUR,LOS CABOS,115.0,LA PAZ,BAJA CALIFORNIA,LOS CABOS,BAJA CALIFORNIA,3,BAJA CALIFORNIA SUR,8,LOS CABOS,LOS CABOS,"5,000 - 10,000"
2026-10-07,MDA,BCS,07DLC-115,1,5368.75,5084.23,284.51,0.0,07DLC-115,Desaladora Los Cabos,BAJA CALIFORNIA SUR,LOS CABOS,115.0,LA PAZ,BAJA CALIFORNIA,LOS CABOS,BAJA CALIFORNIA,3,BAJA CALIFORNIA SUR,8,LOS CABOS,LOS CABOS,"5,000 - 10,000"
2026-10-07,MDA,BCS,07DLC-115,2,5509.65,5207.32,302.32,0.0,07DLC-115,Desaladora Los Cabos,BAJA CALIFORNIA SUR,LOS CABOS,115.0,LA PAZ,BAJA CALIFORNIA,LOS CABOS,BAJA CALIFORNIA,3,BAJA CALIFORNIA SUR,8,LOS CABOS,LOS CABOS,"5,000 - 10,000"
2026-10-07,MDA,BCS,07DLC-115,3,4291.86,4065.1,226.76,0.0,07DLC-115,Desaladora Los Cabos,BAJA CALIFORNIA SUR,LOS CABOS,115.0,LA PAZ,BAJA CALIFORNIA,LOS CABOS,BAJA CALIFORNIA,3,BAJA CALIFORNIA SUR,8,LOS CABOS,LOS CABOS,"2,000 - 5,000"
2026-10-07,MDA,BCS,07DLC-115,4,4671.81,4411.07,260.75,0.0,07DLC-115,Desaladora Los Cabos,BAJA CALIFORNIA SUR,LOS CABOS,115.0,LA PAZ,BAJA CALIFORNIA,LOS CABOS,BAJA CALIFORNIA,3,BAJA CALIFORNIA SUR,8,LOS CABOS,LOS CABOS,"2,000 - 5,000"
2026-10-07,MDA,BCS,07DLC-115,5,4847.11,4580.97,266.14,0.0,07DLC-115,Desaladora Los Cabos,BAJA CALIFORNIA SUR,LOS CABOS,115.0,LA PAZ,BAJA CALIFORNIA,LOS CABOS,BAJA CALIFORNIA,3,BAJA CALIFORNIA SUR,8,LOS CABOS,LOS CABOS,"2,000 - 5,000"
2026-10-07,MDA,BCS,07DLC-115,6,4080.03,3856.0,224.03,0.0,07DLC-115,Desaladora Los Cabos,BAJA CALIFORNIA SUR,LOS CABOS,115.0,LA PAZ,BAJA CALIFORNIA,LOS CABOS,BAJA CALIFORNIA,3,BAJA CALIFORNIA SUR,8,LOS CABOS,LOS CABOS,"2,000 - 5,000"
2026-10-07,MDA,BCS,07DLC-115,7,4234.48,3997.24,237.24,0.0,07DLC-115,Desaladora Los Cabos,BAJA CALIFORNIA SUR,LOS CABOS,115.0,LA PAZ,BAJA CALIFORNIA,LOS CABOS,BAJA CALIFORNIA,3,BAJA CALIFORNIA SUR,8,LOS CABOS,LOS CABOS,"2,000 - 5,000"
2026-10-07,MDA,BCS,07DLC-115,8,6120.43,3652.84,216.87,2250.73,07DLC-115,Desaladora Los Cabos,BAJA CALIFORNIA SUR,LOS CABOS,115.0,LA PAZ,BAJA CALIFORNIA,LOS CABOS,BAJA CALIFORNIA,3,BAJA CALIFORNIA SUR,8,LOS CABOS,LOS CABOS,"5,000 - 10,000"
2026-10-07,MDA,BCS,07DLC-115,9,6315.4,3995.5,235.85,2084.05,07DLC-115,Desaladora Los Cabos,BAJA CALIFORNIA SUR,LOS CABOS,115.0,LA PAZ,BAJA CALIFORNIA,LOS CABOS,BAJA CALIFORNIA,3,BAJA CALIFORNIA SUR,8,LOS CABOS,LOS CABOS,"5,000 - 10,000"
2026-10-07,MDA,BCS,07DLC-115,10,6452.83,4499.47,264.79,1688.58,07DLC-115,Desaladora Los Cabos,BAJA CALIFORNIA SUR,LOS CABOS,115.0,LA PAZ,BAJA CALIFORNIA,LOS CABOS,BAJA CALIFORNIA,3,BAJA CALIFORNIA SUR,8,LOS CABOS,LOS CABOS,"5,000 - 10,000"
2026-10-07,MDA,BCS,07DLC-115,11,6270.2,4841.13,283.66,1145.41,07DLC-115,Desaladora Los Cabos,BAJA CALIFORNIA SUR,LOS CABOS,115.0,LA PAZ,BAJA CALIFORNIA,LOS CABOS,BAJA CALIFORNIA,3,BAJA CALIFORNIA SUR,8,LOS CABOS,LOS CABOS,"5,000 - 10,000"
2026-10-07,MDA,BCS,07DLC-115,12,6031.46,4841.77,282.91,906.77,07DLC-115,Desaladora Los Cabos,BAJA CALIFORNIA SUR,LOS CABOS,115.0,LA PAZ,BAJA CALIFORNIA,LOS CABOS,BAJA CALIFORNIA,3,BAJA CALIFORNIA SUR,8,LOS CABOS,LOS CABOS,"5,000 - 10,000"
2026-10-07,MDA,BCS,07DLC-115,13,6620.83,3269.87,191.35,3159.6,07DLC-115,Desaladora Los Cabos,BAJA CALIFORNIA SUR,LOS CABOS,115.0,LA PAZ,BAJA CALIFORNIA,LOS CABOS,BAJA CALIFORNIA,3,BAJA CALIFORNIA SUR,8,LOS CABOS,LOS CABOS,"5,000 - 10,000"
2026-10-07,MDA,BCS,07DLC-115,14,6025.24,4425.36,255.49,1344.39,07DLC-115,Desaladora Los Cabos,BAJA CALIFORNIA SUR,LOS CABOS,115.0,LA PAZ,BAJA CALIFORNIA,LOS CABOS,BAJA CALIFORNIA,3,BAJA CALIFORNIA SUR,8,LOS CABOS,LOS CABOS,"5,000 - 10,000"
2026-10-07,MDA,BCS,07DLC-115,15,5409.43,4777.32,275.93,356.18,07DLC-115,Desaladora Los Cabos,BAJA CALIFORNIA SUR,LOS CABOS,115.0,LA PAZ,BAJA CALIFORNIA,LOS CABOS,BAJA CALIFORNIA,3,BAJA CALIFORNIA SUR,8,LOS CABOS,LOS CABOS,"5,000 - 10,000"
2026-10-07,MDA,BCS,07DLC-115,16,5544.77,5258.41,286.36,0.0,07DLC-115,Desaladora Los Cabos,BAJA CALIFORNIA SUR,LOS CABOS,115.0,LA PAZ,BAJA CALIFORNIA,LOS CABOS,BAJA CALIFORNIA,3,BAJA CALIFORNIA SUR,8,LOS CABOS,LOS CABOS,"5,000 - 10,000"
2026-10-07,MDA,BCS,07DLC-115,17,6324.89,6028.16,296.72,0.0,07DLC-115,Desaladora Los Cabos,BAJA CALIFORNIA SUR,LOS CABOS,115.0,LA PAZ,BAJA CALIFORNIA,LOS CABOS,BAJA CALIFORNIA,3,BAJA CALIFORNIA SUR,8,LOS CABOS,LOS CABOS,"5,000 - 10,000"
2026-10-07,MDA,BCS,07DLC-115,18,6049.61,5787.64,261.97,0.0,07DLC-115,Desaladora Los Cabos,BAJA CALIFORNIA SUR,LOS CABOS,115.0,LA PAZ,BAJA CALIFORNIA,LOS CABOS,BAJA CALIFORNIA,3,BAJA CALIFORNIA SUR,8,LOS CABOS,LOS CABOS,"5,000 - 10,000"
2026-10-07,MDA,BCS,07DLC-115,19,5750.24,5490.9,259.34,0.0,07DLC-115,Desaladora Los Cabos,BAJA CALIFORNIA SUR,LOS CABOS,115.0,LA PAZ,BAJA CALIFORNIA,LOS CABOS,BAJA CALIFORNIA,3,BAJA CALIFORNIA SUR,8,LOS CABOS,LOS CABOS,"5,000 - 10,000"
2026-10-07,MDA,BCS,07DLC-115,20,5857.38,5588.99,268.39,0.0,07DLC-115,Desaladora Los Cabos,BAJA CALIFORNIA SUR,LOS CABOS,115.0,LA PAZ,BAJA CALIFORNIA,LOS CABOS,BAJA CALIFORNIA,3,BAJA CALIFORNIA SUR,8,LOS CABOS,LOS CABOS,"5,000 - 10,000"
2026-10-07,MDA,BCS,07DLC-115,21,5737.95,5469.66,268.3,0.0,07DLC-115,Desaladora Los Cabos,BAJA CALIFORNIA SUR,LOS CABOS,115.0,LA PAZ,BAJA CALIFORNIA,LOS CABOS,BAJA CALIFORNIA,3,BAJA CALIFORNIA SUR,8,LOS CABOS,LOS CABOS,"5,000 - 10,000"
2026-10-07,MDA,BCS,07DLC-115,22,5770.4,5491.24,279.17,0.0,07DLC-115,Desaladora Los Cabos,BAJA CALIFORNIA SUR,LOS CABOS,115.0,LA PAZ,BAJA CALIFORNIA,LOS CABOS,BAJA CALIFORNIA,3,BAJA CALIFORNIA SUR,8,LOS CABOS,LOS CABOS,"5,000 - 10,000"
2026-10-07,MDA,BCS,07DLC-115,23,5670.16,5382.9,287.26,0.0,07DLC-115,Desaladora Los Cabos,BAJA CALIFORNIA SUR,LOS CABOS,115.0,LA PAZ,BAJA CALIFORNIA,LOS CABOS,BAJA CALIFORNIA,3,BAJA CALIFORNIA SUR,8,LOS CABOS,LOS CABOS,"5,000 - 10,000"
2026-10-07,MDA,BCS,07DLC-115,24,5546.8,5262.61,284.2,0.0,07DLC-115,Desaladora Los Cabos,BAJA CALIFORNIA SUR,LOS CABOS,115.0,LA PAZ,BAJA CALIFORNIA,LOS CABOS,BAJA CALIFORNIA,3,BAJA CALIFORNIA SUR,8,LOS CABOS,LOS CABOS,"5,000 - 10,000"
2026-10-07,MDA,BCS,07DOM-115,1,4467.24,5084.23,-616.99,0.0,07DOM-115,Santo Domingo,BAJA CALIFORNIA SUR,CONSTITUCION,115.0,LA PAZ,BAJA CALIFORNIA,CONSTITUCION,BAJA CALIFORNIA,3,BAJA CALIFORNIA SUR,1,COMONDU,CONSTITUCION,"2,000 - 5,000"
2026-10-07,MDA,BCS,07DOM-115,2,4556.39,5207.32,-650.93,0.0,07DOM-115,Santo Domingo,BAJA CALIFORNIA SUR,CONSTITUCION,115.0,LA PAZ,BAJA CALIFORNIA,CONSTITUCION,BAJA CALIFORNIA,3,BAJA CALIFORNIA SUR,1,COMONDU,CONSTITUCION,"2,000 - 5,000"
2026-10-07,MDA,BCS,07DOM-115,3,3570.88,4065.1,-494.22,0.0,07DOM-115,Santo Domingo,BAJA CALIFORNIA SUR,CONSTITUCION,115.0,LA PAZ,BAJA CALIFORNIA,CONSTITUCION,BAJA CALIFORNIA,3,BAJA CALIFORNIA SUR,1,COMONDU,CONSTITUCION,"2,000 - 5,000"
2026-10-07,MDA,BCS,07DOM-115,4,3828.55,4411.07,-582.52,0.0,07DOM-115,Santo Domingo,BAJA CALIFORNIA SUR,CONSTITUCION,115.0,LA PAZ,BAJA CALIFORNIA,CONSTITUCION,BAJA CALIFORNIA,3,BAJA CALIFORNIA SUR,1,COMONDU,CONSTITUCION,"2,000 - 5,000"
2026-10-07,MDA,BCS,07DOM-115,5,4052.68,4580.97,-528.29,0.0,07DOM-115,Santo Domingo,BAJA CALIFORNIA SUR,CONSTITUCION,115.0,LA PAZ,BAJA CALIFORNIA,CONSTITUCION,BAJA CALIFORNIA,3,BAJA CALIFORNIA SUR,1,COMONDU,CONSTITUCION,"2,000 - 5,000"
2026-10-07,MDA,BCS,07DOM-115,6,3392.25,3856.0,-463.75,0.0,07DOM-115,Santo Domingo,BAJA CALIFORNIA SUR,CONSTITUCION,115.0,LA PAZ,BAJA CALIFORNIA,CONSTITUCION,BAJA CALIFORNIA,3,BAJA CALIFORNIA SUR,1,COMONDU,CONSTITUCION,"2,000 - 5,000"
2026-10-07,MDA,BCS,07DOM-115,7,3496.95,3997.24,-500.3,0.0,07DOM-115,Santo Domingo,BAJA CALIFORNIA SUR,CONSTITUCION,115.0,LA PAZ,BAJA CALIFORNIA,CONSTITUCION,BAJA CALIFORNIA,3,BAJA CALIFORNIA SUR,1,COMONDU,CONSTITUCION,"2,000 - 5,000"
2026-10-07,MDA,BCS,07DOM-115,8,3212.21,3652.84,-440.63,0.0,07DOM-115,Santo Domingo,BAJA CALIFORNIA SUR,CONSTITUCION,115.0,LA PAZ,BAJA CALIFORNIA,CONSTITUCION,BAJA CALIFORNIA,3,BAJA CALIFORNIA SUR,1,COMONDU,CONSTITUCION,"2,000 - 5,000"
2026-10-07,MDA,BCS,07DOM-115,9,3411.5,3995.5,-584.0,0.0,07DOM-115,Santo Domingo,BAJA CALIFORNIA SUR,CONSTITUCION,115.0,LA PAZ,BAJA CALIFORNIA,CONSTITUCION,BAJA CALIFORNIA,3,BAJA CALIFORNIA SUR,1,COMONDU,CONSTITUCION,"2,000 - 5,000"
2026-10-07,MDA,BCS,07DOM-115,10,3865.08,4499.47,-634.39,0.0,07DOM-115,Santo Domingo,BAJA CALIFORNIA SUR,CONSTITUCION,115.0,LA PAZ,BAJA CALIFORNIA,CONSTITUCION,BAJA CALIFORNIA,3,BAJA CALIFORNIA SUR,1,COMONDU,CONSTITUCION,"2,000 - 5,000"
2026-10-07,MDA,BCS,07DOM-115,11,4171.14,4841.13,-669.99,0.0,07DOM-115,Santo Domingo,BAJA CALIFORNIA SUR,CONSTITUCION,115.0,LA PAZ,BAJA CALIFORNIA,CONSTITUCION,BAJA CALIFORNIA,3,BAJA CALIFORNIA SUR,1,COMONDU,CONSTITUCION,"2,000 - 5,000"
2026-10-07,MDA,BCS,07DOM-115,12,4180.56,4841.77,-661.21,0.0,07DOM-115,Santo Domingo,BAJA CALIFORNIA SUR,CONSTITUCION,115.0,LA PAZ,BAJA CALIFORNIA,CONSTITUCION,BAJA CALIFORNIA,3,BAJA CALIFORNIA SUR,1,COMONDU,CONSTITUCION,"2,000 - 5,000"
2026-10-07,MDA,BCS,07DOM-115,13,2902.82,3269.87,-367.05,0.0,07DOM-115,Santo Domingo,BAJA CALIFORNIA SUR,CONSTITUCION,115.0,LA PAZ,BAJA CALIFORNIA,CONSTITUCION,BAJA CALIFORNIA,3,BAJA CALIFORNIA SUR,1,COMONDU,CONSTITUCION,"2,000 - 5,000"
2026-10-07,MDA,BCS,07DOM-115,14,3901.59,4425.36,-523.77,0.0,07DOM-115,Santo Domingo,BAJA CALIFORNIA SUR,CONSTITUCION,115.0,LA PAZ,BAJA CALIFORNIA,CONSTITUCION,BAJA CALIFORNIA,3,BAJA CALIFORNIA SUR,1,COMONDU,CONSTITUCION,"2,000 - 5,000"
2026-10-07,MDA,BCS,07DOM-115,15,4254.34,4777.32,-522.97,0.0,07DOM-115,Santo Domingo,BAJA CALIFORNIA SUR,CONSTITUCION,115.0,LA PAZ,BAJA CALIFORNIA,CONSTITUCION,BAJA CALIFORNIA,3,BAJA CALIFORNIA SUR,1,COMONDU,CONSTITUCION,"2,000 - 5,000"
2026-10-07,MDA,BCS,07DOM-115,16,4618.53,5258.41,-639.88,0.0,07DOM-115,Santo Domingo,BAJA CALIFORNIA SUR,CONSTITUCION,115.0,LA PAZ,BAJA CALIFORNIA,CONSTITUCION,BAJA CALIFORNIA,3,BAJA CALIFORNIA SUR,1,COMONDU,CONSTITUCION,"2,000 - 5,000"
2026-10-07,MDA,BCS,07DOM-115,17,5334.1,6028.16,-694.06,0.0,07DOM-115,Santo Domingo,BAJA CALIFORNIA SUR,CONSTITUCION,115.0,LA PAZ,BAJA CALIFORNIA,CONSTITUCION,BAJA CALIFORNIA,3,BAJA CALIFORNIA SUR,1,COMONDU,CONSTITUCION,"5,000 - 10,000"
2026-10-07,MDA,BCS,07DOM-115,18,5250.23,5787.64,-537.41,0.0,07DOM-115,Santo Domingo,BAJA CALIFORNIA SUR,CONSTITUCION,115.0,LA PAZ,BAJA CALIFORNIA,CONSTITUCION,BAJA CALIFORNIA,3,BAJA CALIFORNIA SUR,1,COMONDU,CONSTITUCION,"5,000 - 10,000"
2026-10-07,MDA,BCS,07DOM-115,19,5013.2,5490.9,-477.7,0.0,07DOM-115,Santo Domingo,BAJA CALIFORNIA SUR,CONSTITUCION,115.0,LA PAZ,BAJA CALIFORNIA,CONSTITUCION,BAJA CALIFORNIA,3,BAJA CALIFORNIA SUR,1,COMONDU,CONSTITUCION,"5,000 - 10,000"
2026-10-07,MDA,BCS,07DOM-115,20,5084.13,5588.99,-504.86,0.0,07DOM-115,Santo Domingo,BAJA CALIFORNIA SUR,CONSTITUCION,115.0,LA PAZ,BAJA CALIFORNIA,CONSTITUCION,BAJA CALIFORNIA,3,BAJA CALIFORNIA SUR,1,COMONDU,CONSTITUCION,"5,000 - 10,000"
2026-10-07,MDA,BCS,07DOM-115,21,5025.44,5469.66,-444.21,0.0,07DOM-115,Santo Domingo,BAJA CALIFORNIA SUR,CONSTITUCION,115.0,LA PAZ,BAJA CALIFORNIA,CONSTITUCION,BAJA CALIFORNIA,3,BAJA CALIFORNIA SUR,1,COMONDU,CONSTITUCION,"5,000 - 10,000"
2026-10-07,MDA,BCS,07DOM-115,22,5013.21,5491.24,-478.02,0.0,07DOM-115,Santo Domingo,BAJA CALIFORNIA SUR,CONSTITUCION,115.0,LA PAZ,BAJA CALIFORNIA,CONSTITUCION,BAJA CALIFORNIA,3,BAJA CALIFORNIA SUR,1,COMONDU,CONSTITUCION,"5,000 - 10,000"
2026-10-07,MDA,BCS,07DOM-115,23,4794.17,5382.9,-588.73,0.0,07DOM-115,Santo Domingo,BAJA CALIFORNIA SUR,CONSTITUCION,115.0,LA PAZ,BAJA CALIFORNIA,CONSTITUCION,BAJA CALIFORNIA,3,BAJA CALIFORNIA SUR,1,COMONDU,CONSTITUCION,"2,000 - 5,000"
2026-10-07,MDA,BCS,07DOM-115,24,4829.58,5262.61,-433.02,0.0,07DOM-115,Santo Domingo,BAJA CALIFORNIA SUR,CONSTITUCION,115.0,LA PAZ,BAJA CALIFORNIA,CONSTITUCION,BAJA CALIFORNIA,3,BAJA CALIFORNIA SUR,1,COMONDU,CONSTITUCION,"2,000 - 5,000"
2026-10-07,MDA,BCS,07ETR-115,1,5107.54,5084.23,23.31,0.0,07ETR-115,El Triunfo,BAJA CALIFORNIA SUR,LA PAZ,115.0,LA PAZ,BAJA CALIFORNIA,LA PAZ,BAJA CALIFORNIA,3,BAJA CALIFORNIA SUR,3,LA PAZ,LA PAZ,"5,000 - 10,000"
2026-10-07,MDA,BCS,07ETR-115,2,5228.11,5207.32,20.79,0.0,07ETR-115,El Triunfo,BAJA CALIFORNIA SUR,LA PAZ,115.0,LA PAZ,BAJA CALIFORNIA,LA PAZ,BAJA CALIFORNIA,3,BAJA CALIFORNIA SUR,3,LA PAZ,LA PAZ,"5,000 - 10,000"
2026-10-07,MDA,BCS,07ETR-115,3,4074.43,4065.1,9.33,0.0,07ETR-115,El Triunfo,BAJA CALIFORNIA SUR,LA PAZ,115.0,LA PAZ,BAJA CALIFORNIA,LA PAZ,BAJA CALIFORNIA,3,BAJA CALIFORNIA SUR,3,LA PAZ,LA PAZ,"2,000 - 5,000"
2026-10-07,MDA,BCS,07ETR-115,4,4424.15,4411.07,13.08,0.0,07ETR-115,El Triunfo,BAJA CALIFORNIA SUR,LA PAZ,115.0,LA PAZ,BAJA CALIFORNIA,LA PAZ,BAJA CALIFORNIA,3,BAJA CALIFORNIA SUR,3,LA PAZ,LA PAZ,"2,000 - 5,000"
2026-10-07,MDA,BCS,07ETR-115,5,4580.21,4580.97,-0.76,0.0,07ETR-115,El Triunfo,BAJA CALIFORNIA SUR,LA PAZ,115.0,LA PAZ,BAJA CALIFORNIA,LA PAZ,BAJA CALIFORNIA,3,BAJA CALIFORNIA SUR,3,LA PAZ,LA PAZ,"2,000 - 5,000"
2026-10-07,MDA,BCS,07ETR-115,6,3852.33,3856.0,-3.67,0.0,07ETR-115,El Triunfo,BAJA CALIFORNIA SUR,LA PAZ,115.0,LA PAZ,BAJA CALIFORNIA,LA PAZ,BAJA CALIFORNIA,3,BAJA CALIFORNIA SUR,3,LA PAZ,LA PAZ,"2,000 - 5,000"
2026-10-07,MDA,BCS,07ETR-115,7,3989.67,3997.24,-7.57,0.0,07ETR-115,El Triunfo,BAJA CALIFORNIA SUR,LA PAZ,115.0,LA PAZ,BAJA CALIFORNIA,LA PAZ,BAJA CALIFORNIA,3,BAJA CALIFORNIA SUR,3,LA PAZ,LA PAZ,"2,000 - 5,000"
2026-10-07,MDA,BCS,07ETR-115,8,3651.63,3652.84,-1.21,0.0,07ETR-115,El Triunfo,BAJA CALIFORNIA SUR,LA PAZ,115.0,LA PAZ,BAJA CALIFORNIA,LA PAZ,BAJA CALIFORNIA,3,BAJA CALIFORNIA SUR,3,LA PAZ,LA PAZ,"2,000 - 5,000"
2026-10-07,MDA,BCS,07ETR-115,9,4020.1,3995.5,24.6,0.0,07ETR-115,El Triunfo,BAJA CALIFORNIA SUR,LA PAZ,115.0,LA PAZ,BAJA CALIFORNIA,LA PAZ,BAJA CALIFORNIA,3,BAJA CALIFORNIA SUR,3,LA PAZ,LA PAZ,"2,000 - 5,000"
2026-10-07,MDA,BCS,07ETR-115,10,4537.85,4499.47,38.38,0.0,07ETR-115,El Triunfo,BAJA CALIFORNIA SUR,LA PAZ,115.0,LA PAZ,BAJA CALIFORNIA,LA PAZ,BAJA CALIFORNIA,3,BAJA CALIFORNIA SUR,3,LA PAZ,LA PAZ,"2,000 - 5,000"
2026-10-07,MDA,BCS,07ETR-115,11,4884.78,4841.13,43.66,0.0,07ETR-115,El Triunfo,BAJA CALIFORNIA SUR,LA PAZ,115.0,LA PAZ,BAJA CALIFORNIA,LA PAZ,BAJA CALIFORNIA,3,BAJA CALIFORNIA SUR,3,LA PAZ,LA PAZ,"2,000 - 5,000"
2026-10-07,MDA,BCS,07ETR-115,12,4898.73,4841.77,56.96,0.0,07ETR-115,El Triunfo,BAJA CALIFORNIA SUR,LA PAZ,115.0,LA PAZ,BAJA CALIFORNIA,LA PAZ,BAJA CALIFORNIA,3,BAJA CALIFORNIA SUR,3,LA PAZ,LA PAZ,"2,000 - 5,000"
2026-10-07,MDA,BCS,07ETR-115,13,3300.36,3269.87,30.48,0.0,07ETR-115,El Triunfo,BAJA CALIFORNIA SUR,LA PAZ,115.0,LA PAZ,BAJA CALIFORNIA,LA PAZ,BAJA CALIFORNIA,3,BAJA CALIFORNIA SUR,3,LA PAZ,LA PAZ,"2,000 - 5,000"
2026-10-07,MDA,BCS,07ETR-115,14,4477.77,4425.36,52.41,0.0,07ETR-115,El Triunfo,BAJA CALIFORNIA SUR,LA PAZ,115.0,LA PAZ,BAJA CALIFORNIA,LA PAZ,BAJA CALIFORNIA,3,BAJA CALIFORNIA SUR,3,LA PAZ,LA PAZ,"2,000 - 5,000"
2026-10-07,MDA,BCS,07ETR-115,15,4830.39,4777.32,53.08,0.0,07ETR-115,El Triunfo,BAJA CALIFORNIA SUR,LA PAZ,115.0,LA PAZ,BAJA CALIFORNIA,LA PAZ,BAJA CALIFORNIA,3,BAJA CALIFORNIA SUR,3,LA PAZ,LA PAZ,"2,000 - 5,000"
2026-10-07,MDA,BCS,07ETR-115,16,5332.05,5258.41,73.64,0.0,07ETR-115,El Triunfo,BAJA CALIFORNIA SUR,LA PAZ,115.0,LA PAZ,BAJA CALIFORNIA,LA PAZ,BAJA CALIFORNIA,3,BAJA CALIFORNIA SUR,3,LA PAZ,LA PAZ,"5,000 - 10,000"
2026-10-07,MDA,BCS,07ETR-115,17,6127.61,6028.16,99.45,0.0,07ETR-115,El Triunfo,BAJA CALIFORNIA SUR,LA PAZ,115.0,LA PAZ,BAJA CALIFORNIA,LA PAZ,BAJA CALIFORNIA,3,BAJA CALIFORNIA SUR,3,LA PAZ,LA PAZ,"5,000 - 10,000"
2026-10-07,MDA,BCS,07ETR-115,18,5878.59,5787.64,90.95,0.0,07ETR-115,El Triunfo,BAJA CALIFORNIA SUR,LA PAZ,115.0,LA PAZ,BAJA CALIFORNIA,LA PAZ,BAJA CALIFORNIA,3,BAJA CALIFORNIA SUR,3,LA PAZ,LA PAZ,"5,000 - 10,000"
2026-10-07,MDA,BCS,07ETR-115,19,5564.55,5490.9,73.65,0.0,07ETR-115,El Triunfo,BAJA CALIFORNIA SUR,LA PAZ,115.0,LA PAZ,BAJA CALIFORNIA,LA PAZ,BAJA CALIFORNIA,3,BAJA CALIFORNIA SUR,3,LA PAZ,LA PAZ,"5,000 - 10,000"
2026-10-07,MDA,BCS,07ETR-115,20,5665.87,5588.99,76.88,0.0,07ETR-115,El Triunfo,BAJA CALIFORNIA SUR,LA PAZ,115.0,LA PAZ,BAJA CALIFORNIA,LA PAZ,BAJA CALIFORNIA,3,BAJA CALIFORNIA SUR,3,LA PAZ,LA PAZ,"5,000 - 10,000"
2026-10-07,MDA,BCS,07ETR-115,21,5530.47,5469.66,60.81,0.0,07ETR-115,El Triunfo,BAJA CALIFORNIA SUR,LA PAZ,115.0,LA PAZ,BAJA CALIFORNIA,LA PAZ,BAJA CALIFORNIA,3,BAJA CALIFORNIA SUR,3,LA PAZ,LA PAZ,"5,000 - 10,000"
2026-10-07,MDA,BCS,07ETR-115,22,5541.29,5491.24,50.06,0.0,07ETR-115,El Triunfo,BAJA CALIFORNIA SUR,LA PAZ,115.0,LA PAZ,BAJA CALIFORNIA,LA PAZ,BAJA CALIFORNIA,3,BAJA CALIFORNIA SUR,3,LA PAZ,LA PAZ,"5,000 - 10,000"
2026-10-07,MDA,BCS,07ETR-115,23,5419.94,5382.9,37.04,0.0,07ETR-115,El Triunfo,BAJA CALIFORNIA SUR,LA PAZ,115.0,LA PAZ,BAJA CALIFORNIA,LA PAZ,BAJA CALIFORNIA,3,BAJA CALIFORNIA SUR,3,LA PAZ,LA PAZ,"5,000 - 10,000"
2026-10-07,MDA,BCS,07ETR-115,24,5279.87,5262.61,17.26,0.0,07ETR-115,El Triunfo,BAJA CALIFORNIA SUR,LA PAZ,115.0,LA PAZ,BAJA CALIFORNIA,LA PAZ,BAJA CALIFORNIA,3,BAJA CALIFORNIA SUR,3,LA PAZ,LA PAZ,"5,000 - 10,000"
2026-10-07,MDA,BCS,07GAO-115,1,4268.76,5084.23,-815.47,0.0,07GAO-115,Central Termica Gral. Agustin Olachea,BAJA CALIFORNIA SUR,CONSTITUCION,115.0,LA PAZ,BAJA CALIFORNIA,CONSTITUCION,BAJA CALIFORNIA,3,BAJA CALIFORNIA SUR,1,COMONDU,CONSTITUCION,"2,000 - 5,000"
2026-10-07,MDA,BCS,07GAO-115,2,4354.29,5207.32,-853.04,0.0,07GAO-115,Central Termica Gral. Agustin Olachea,BAJA CALIFORNIA SUR,CONSTITUCION,115.0,LA PAZ,BAJA CALIFORNIA,CONSTITUCION,BAJA CALIFORNIA,3,BAJA CALIFORNIA SUR,1,COMONDU,CONSTITUCION,"2,000 - 5,000"
2026-10-07,MDA,BCS,07GAO-115,3,3419.16,4065.1,-645.93,0.0,07GAO-115,Central Termica Gral. Agustin Olachea,BAJA CALIFORNIA SUR,CONSTITUCION,115.0,LA PAZ,BAJA CALIFORNIA,CONSTITUCION,BAJA CALIFORNIA,3,BAJA CALIFORNIA SUR,1,COMONDU,CONSTITUCION,"2,000 - 5,000"
2026-10-07,MDA,BCS,07GAO-115,4,3660.21,4411.07,-750.86,0.0,07GAO-115,Central Termica Gral. Agustin Olachea,BAJA CALIFORNIA SUR,CONSTITUCION,115.0,LA PAZ,BAJA CALIFORNIA,CONSTITUCION,BAJA CALIFORNIA,3,BAJA CALIFORNIA SUR,1,COMONDU,CONSTITUCION,"2,000 - 5,000"
2026-10-07,MDA,BCS,07GAO-115,5,3892.7,4580.97,-688.27,0.0,07GAO-115,Central Termica Gral. Agustin Olachea,BAJA CALIFORNIA SUR,CONSTITUCION,115.0,LA PAZ,BAJA CALIFORNIA,CONSTITUCION,BAJA CALIFORNIA,3,BAJA CALIFORNIA SUR,1,COMONDU,CONSTITUCION,"2,000 - 5,000"
2026-10-07,MDA,BCS,07GAO-115,6,3255.36,3856.0,-600.64,0.0,07GAO-115,Central Termica Gral. Agustin Olachea,BAJA CALIFORNIA SUR,CONSTITUCION,115.0,LA PAZ,BAJA CALIFORNIA,CONSTITUCION,BAJA CALIFORNIA,3,BAJA CALIFORNIA SUR,1,COMONDU,CONSTITUCION,"2,000 - 5,000"
2026-10-07,MDA,BCS,07GAO-115,7,3352.9,3997.24,-644.34,0.0,07GAO-115,Central Termica Gral. Agustin Olachea,BAJA CALIFORNIA SUR,CONSTITUCION,115.0,LA PAZ,BAJA CALIFORNIA,CONSTITUCION,BAJA CALIFORNIA,3,BAJA CALIFORNIA SUR,1,COMONDU,CONSTITUCION,"2,000 - 5,000"
2026-10-07,MDA,BCS,07GAO-115,8,3092.89,3652.84,-559.95,0.0,07GAO-115,Central Termica Gral. Agustin Olachea,BAJA CALIFORNIA SUR,CONSTITUCION,115.0,LA PAZ,BAJA CALIFORNIA,CONSTITUCION,BAJA CALIFORNIA,3,BAJA CALIFORNIA SUR,1,COMONDU,CONSTITUCION,"2,000 - 5,000"
2026-10-07,MDA,BCS,07GAO-115,9,3286.0,3995.5,-709.5,0.0,07GAO-115,Central Termica Gral. Agustin Olachea,BAJA CALIFORNIA SUR,CONSTITUCION,115.0,LA PAZ,BAJA CALIFORNIA,CONSTITUCION,BAJA CALIFORNIA,3,BAJA CALIFORNIA SUR,1,COMONDU,CONSTITUCION,"2,000 - 5,000"
2026-10-07,MDA,BCS,07GAO-115,10,3729.04,4499.47,-770.43,0.0,07GAO-115,Central Termica Gral. Agustin Olachea,BAJA CALIFORNIA SUR,CONSTITUCION,115.0,LA PAZ,BAJA CALIFORNIA,CONSTITUCION,BAJA CALIFORNIA,3,BAJA CALIFORNIA SUR,1,COMONDU,CONSTITUCION,"2,000 - 5,000"
2026-10-07,MDA,BCS,07GAO-115,11,4024.04,4841.13,-817.08,0.0,07GAO-115,Central Termica Gral. Agustin Olachea,BAJA CALIFORNIA SUR,CONSTITUCION,115.0,LA PAZ,BAJA CALIFORNIA,CONSTITUCION,BAJA CALIFORNIA,3,BAJA CALIFORNIA SUR,1,COMONDU,CONSTITUCION,"2,000 - 5,000"
2026-10-07,MDA,BCS,07GAO-115,12,4031.06,4841.77,-810.72,0.0,07GAO-115,Central Termica Gral. Agustin Olachea,BAJA CALIFORNIA SUR,CONSTITUCION,115.0,LA PAZ,BAJA CALIFORNIA,CONSTITUCION,BAJA CALIFORNIA,3,BAJA CALIFORNIA SUR,1,COMONDU,CONSTITUCION,"2,000 - 5,000"
2026-10-07,MDA,BCS,07GAO-115,13,2808.86,3269.87,-461.02,0.0,07GAO-115,Central Termica Gral. Agustin Olachea,BAJA CALIFORNIA SUR,CONSTITUCION,115.0,LA PAZ,BAJA CALIFORNIA,CONSTITUCION,BAJA CALIFORNIA,3,BAJA CALIFORNIA SUR,1,COMONDU,CONSTITUCION,"2,000 - 5,000"
2026-10-07,MDA,BCS,07GAO-115,14,3760.55,4425.36,-664.81,0.0,07GAO-115,Central Termica Gral. Agustin Olachea,BAJA CALIFORNIA SUR,CONSTITUCION,115.0,LA PAZ,BAJA CALIFORNIA,CONSTITUCION,BAJA CALIFORNIA,3,BAJA CALIFORNIA SUR,1,COMONDU,CONSTITUCION,"2,000 - 5,000"
2026-10-07,MDA,BCS,07GAO-115,15,4100.92,4777.32,-676.4,0.0,07GAO-115,Central Termica Gral. Agustin Olachea,BAJA CALIFORNIA SUR,CONSTITUCION,115.0,LA PAZ,BAJA CALIFORNIA,CONSTITUCION,BAJA CALIFORNIA,3,BAJA CALIFORNIA SUR,1,COMONDU,CONSTITUCION,"2,000 - 5,000"
2026-10-07,MDA,BCS,07GAO-115,16,4439.03,5258.41,-819.38,0.0,07GAO-115,Central Termica Gral. Agustin Olachea,BAJA CALIFORNIA SUR,CONSTITUCION,115.0,LA PAZ,BAJA CALIFORNIA,CONSTITUCION,BAJA CALIFORNIA,3,BAJA CALIFORNIA SUR,1,COMONDU,CONSTITUCION,"2,000 - 5,000"
2026-10-07,MDA,BCS,07GAO-115,17,5118.18,6028.16,-909.99,0.0,07GAO-115,Central Termica Gral. Agustin Olachea,BAJA CALIFORNIA SUR,CONSTITUCION,115.0,LA PAZ,BAJA CALIFORNIA,CONSTITUCION,BAJA CALIFORNIA,3,BAJA CALIFORNIA SUR,1,COMONDU,CONSTITUCION,"5,000 - 10,000"
2026-10-07,MDA,BCS,07GAO-115,18,5025.97,5787.64,-761.67,0.0,07GAO-115,Central Termica Gral. Agustin Olachea,BAJA CALIFORNIA SUR,CONSTITUCION,115.0,LA PAZ,BAJA CALIFORNIA,CONSTITUCION,BAJA CALIFORNIA,3,BAJA CALIFORNIA SUR,1,COMONDU,CONSTITUCION,"5,000 - 10,000"
2026-10-07,MDA,BCS,07GAO-115,19,4797.15,5490.9,-693.75,0.0,07GAO-115,Central Termica Gral. Agustin Olachea,BAJA CALIFORNIA SUR,CONSTITUCION,115.0,LA PAZ,BAJA CALIFORNIA,CONSTITUCION,BAJA CALIFORNIA,3,BAJA CALIFORNIA SUR,1,COMONDU,CONSTITUCION,"2,000 - 5,000"
2026-10-07,MDA,BCS,07GAO-115,20,4864.6,5588.99,-724.39,0.0,07GAO-115,Central Termica Gral. Agustin Olachea,BAJA CALIFORNIA SUR,CONSTITUCION,115.0,LA PAZ,BAJA CALIFORNIA,CONSTITUCION,BAJA CALIFORNIA,3,BAJA CALIFORNIA SUR,1,COMONDU,CONSTITUCION,"2,000 - 5,000"
2026-10-07,MDA,BCS,07GAO-115,21,4810.28,5469.66,-659.38,0.0,07GAO-115,Central Termica Gral. Agustin Olachea,BAJA CALIFORNIA SUR,CONSTITUCION,115.0,LA PAZ,BAJA CALIFORNIA,CONSTITUCION,BAJA CALIFORNIA,3,BAJA CALIFORNIA SUR,1,COMONDU,CONSTITUCION,"2,000 - 5,000"
2026-10-07,MDA,BCS,07GAO-115,22,4797.86,5491.24,-693.38,0.0,07GAO-115,Central Termica Gral. Agustin Olachea,BAJA CALIFORNIA SUR,CONSTITUCION,115.0,LA PAZ,BAJA CALIFORNIA,CONSTITUCION,BAJA CALIFORNIA,3,BAJA CALIFORNIA SUR,1,COMONDU,CONSTITUCION,"2,000 - 5,000"
2026-10-07,MDA,BCS,07GAO-115,23,4569.0,5382.9,-813.9,0.0,07GAO-115,Central Termica Gral. Agustin Olachea,BAJA CALIFORNIA SUR,CONSTITUCION,115.0,LA PAZ,BAJA CALIFORNIA,CONSTITUCION,BAJA CALIFORNIA,3,BAJA CALIFORNIA SUR,1,COMONDU,CONSTITUCION,"2,000 - 5,000"
2026-10-07,MDA,BCS,07GAO-115,24,4612.44,5262.61,-650.17,0.0,07GAO-115,Central Termica Gral. Agustin Olachea,BAJA CALIFORNIA SUR,CONSTITUCION,115.0,LA PAZ,BAJA CALIFORNIA,CONSTITUCION,BAJA CALIFORNIA,3,BAJA CALIFORNIA SUR,1,COMONDU,CONSTITUCION,"2,000 - 5,000"
2026-10-07,MDA,BCS,07INS-115,1,4462.02,5084.23,-622.21,0.0,07INS-115,Insurgentes,BAJA CALIFORNIA SUR,CONSTITUCION,115.0,LA PAZ,BAJA CALIFORNIA,CONSTITUCION,BAJA CALIFORNIA,3,BAJA CALIFORNIA SUR,1,COMONDU,CONSTITUCION,"2,000 - 5,000"
2026-10-07,MDA,BCS,07INS-115,2,4551.13,5207.32,-656.2,0.0,07INS-115,Insurgentes,BAJA CALIFORNIA SUR,CONSTITUCION,115.0,LA PAZ,BAJA CALIFORNIA,CONSTITUCION,BAJA CALIFORNIA,3,BAJA CALIFORNIA SUR,1,COMONDU,CONSTITUCION,"2,000 - 5,000"
2026-10-07,MDA,BCS,07INS-115,3,3566.92,4065.1,-498.18,0.0,07INS-115,Insurgentes,BAJA CALIFORNIA SUR,CONSTITUCION,115.0,LA PAZ,BAJA CALIFORNIA,CONSTITUCION,BAJA CALIFORNIA,3,BAJA CALIFORNIA SUR,1,COMONDU,CONSTITUCION,"2,000 - 5,000"
2026-10-07,MDA,BCS,07INS-115,4,3824.45,4411.07,-586.62,0.0,07INS-115,Insurgentes,BAJA CALIFORNIA SUR,CONSTITUCION,115.0,LA PAZ,BAJA CALIFORNIA,CONSTITUCION,BAJA CALIFORNIA,3,BAJA CALIFORNIA SUR,1,COMONDU,CONSTITUCION,"2,000 - 5,000"
2026-10-07,MDA,BCS,07INS-115,5,4048.49,4580.97,-532.48,0.0,07INS-115,Insurgentes,BAJA CALIFORNIA SUR,CONSTITUCION,115.0,LA PAZ,BAJA CALIFORNIA,CONSTITUCION,BAJA CALIFORNIA,3,BAJA CALIFORNIA SUR,1,COMONDU,CONSTITUCION,"2,000 - 5,000"
2026-10-07,MDA,BCS,07INS-115,6,3388.86,3856.0,-467.14,0.0,07INS-115,Insurgentes,BAJA CALIFORNIA SUR,CONSTITUCION,115.0,LA PAZ,BAJA CALIFORNIA,CONSTITUCION,BAJA CALIFORNIA,3,BAJA CALIFORNIA SUR,1,COMONDU,CONSTITUCION,"2,000 - 5,000"
2026-10-07,MDA,BCS,07INS-115,7,3493.45,3997.24,-503.8,0.0,07INS-115,Insurgentes,BAJA CALIFORNIA SUR,CONSTITUCION,115.0,LA PAZ,BAJA CALIFORNIA,CONSTITUCION,BAJA CALIFORNIA,3,BAJA CALIFORNIA SUR,1,COMONDU,CONSTITUCION,"2,000 - 5,000"
2026-10-07,MDA,BCS,07INS-115,8,3208.97,3652.84,-443.87,0.0,07INS-115,Insurgentes,BAJA CALIFORNIA SUR,CONSTITUCION,115.0,LA PAZ,BAJA CALIFORNIA,CONSTITUCION,BAJA CALIFORNIA,3,BAJA CALIFORNIA SUR,1,COMONDU,CONSTITUCION,"2,000 - 5,000"
2026-10-07,MDA,BCS,07INS-115,9,3407.78,3995.5,-587.72,0.0,07INS-115,Insurgentes,BAJA CALIFORNIA SUR,CONSTITUCION,115.0,LA PAZ,BAJA CALIFORNIA,CONSTITUCION,BAJA CALIFORNIA,3,BAJA CALIFORNIA SUR,1,COMONDU,CONSTITUCION,"2,000 - 5,000"
2026-10-07,MDA,BCS,07INS-115,10,3860.74,4499.47,-638.73,0.0,07INS-115,Insurgentes,BAJA CALIFORNIA SUR,CONSTITUCION,115.0,LA PAZ,BAJA CALIFORNIA,CONSTITUCION,BAJA CALIFORNIA,3,BAJA CALIFORNIA SUR,1,COMONDU,CONSTITUCION,"2,000 - 5,000"
2026-10-07,MDA,BCS,07INS-115,11,4166.03,4841.13,-675.1,0.0,07INS-115,Insurgentes,BAJA CALIFORNIA SUR,CONSTITUCION,115.0,LA PAZ,BAJA CALIFORNIA,CONSTITUCION,BAJA CALIFORNIA,3,BAJA CALIFORNIA SUR,1,COMONDU,CONSTITUCION,"2,000 - 5,000"
2026-10-07,MDA,BCS,07INS-115,12,4175.01,4841.77,-666.76,0.0,07INS-115,Insurgentes,BAJA CALIFORNIA SUR,CONSTITUCION,115.0,LA PAZ,BAJA CALIFORNIA,CONSTITUCION,BAJA CALIFORNIA,3,BAJA CALIFORNIA SUR,1,COMONDU,CONSTITUCION,"2,000 - 5,000"
2026-10-07,MDA,BCS,07INS-115,13,2898.74,3269.87,-371.14,0.0,07INS-115,Insurgentes,BAJA CALIFORNIA SUR,CONSTITUCION,115.0,LA PAZ,BAJA CALIFORNIA,CONSTITUCION,BAJA CALIFORNIA,3,BAJA CALIFORNIA SUR,1,COMONDU,CONSTITUCION,"2,000 - 5,000"
2026-10-07,MDA,BCS,07INS-115,14,3896.6,4425.36,-528.76,0.0,07INS-115,Insurgentes,BAJA CALIFORNIA SUR,CONSTITUCION,115.0,LA PAZ,BAJA CALIFORNIA,CONSTITUCION,BAJA CALIFORNIA,3,BAJA CALIFORNIA SUR,1,COMONDU,CONSTITUCION,"2,000 - 5,000"
2026-10-07,MDA,BCS,07INS-115,15,4249.54,4777.32,-527.77,0.0,07INS-115,Insurgentes,BAJA CALIFORNIA SUR,CONSTITUCION,115.0,LA PAZ,BAJA CALIFORNIA,CONSTITUCION,BAJA CALIFORNIA,3,BAJA CALIFORNIA SUR,1,COMONDU,CONSTITUCION,"2,000 - 5,000"
2026-10-07,MDA,BCS,07INS-115,16,4612.2,5258.41,-646.21,0.0,07INS-115,Insurgentes,BAJA CALIFORNIA SUR,CONSTITUCION,115.0,LA PAZ,BAJA CALIFORNIA,CONSTITUCION,BAJA CALIFORNIA,3,BAJA CALIFORNIA SUR,1,COMONDU,CONSTITUCION,"2,000 - 5,000"
2026-10-07,MDA,BCS,07INS-115,17,5325.43,6028.16,-702.73,0.0,07INS-115,Insurgentes,BAJA CALIFORNIA SUR,CONSTITUCION,115.0,LA PAZ,BAJA CALIFORNIA,CONSTITUCION,BAJA CALIFORNIA,3,BAJA CALIFORNIA SUR,1,COMONDU,CONSTITUCION,"5,000 - 10,000"
2026-10-07,MDA,BCS,07INS-115,18,5241.77,5787.64,-545.87,0.0,07INS-115,Insurgentes,BAJA CALIFORNIA SUR,CONSTITUCION,115.0,LA PAZ,BAJA CALIFORNIA,CONSTITUCION,BAJA CALIFORNIA,3,BAJA CALIFORNIA SUR,1,COMONDU,CONSTITUCION,"5,000 - 10,000"
2026-10-07,MDA,BCS,07INS-115,19,5005.06,5490.9,-485.84,0.0,07INS-115,Insurgentes,BAJA CALIFORNIA SUR,CONSTITUCION,115.0,LA PAZ,BAJA CALIFORNIA,CONSTITUCION,BAJA CALIFORNIA,3,BAJA CALIFORNIA SUR,1,COMONDU,CONSTITUCION,"5,000 - 10,000"
2026-10-07,MDA,BCS,07INS-115,20,5075.98,5588.99,-513.01,0.0,07INS-115,Insurgentes,BAJA CALIFORNIA SUR,CONSTITUCION,115.0,LA PAZ,BAJA CALIFORNIA,CONSTITUCION,BAJA CALIFORNIA,3,BAJA CALIFORNIA SUR,1,COMONDU,CONSTITUCION,"5,000 - 10,000"
2026-10-07,MDA,BCS,07INS-115,21,5017.37,5469.66,-452.28,0.0,07INS-115,Insurgentes,BAJA CALIFORNIA SUR,CONSTITUCION,115.0,LA PAZ,BAJA CALIFORNIA,CONSTITUCION,BAJA CALIFORNIA,3,BAJA CALIFORNIA SUR,1,COMONDU,CONSTITUCION,"5,000 - 10,000"
2026-10-07,MDA,BCS,07INS-115,22,5005.06,5491.24,-486.18,0.0,07INS-115,Insurgentes,BAJA CALIFORNIA SUR,CONSTITUCION,115.0,LA PAZ,BAJA CALIFORNIA,CONSTITUCION,BAJA CALIFORNIA,3,BAJA CALIFORNIA SUR,1,COMONDU,CONSTITUCION,"5,000 - 10,000"
2026-10-07,MDA,BCS,07INS-115,23,4786.57,5382.9,-596.33,0.0,07INS-115,Insurgentes,BAJA CALIFORNIA SUR,CONSTITUCION,115.0,LA PAZ,BAJA CALIFORNIA,CONSTITUCION,BAJA CALIFORNIA,3,BAJA CALIFORNIA SUR,1,COMONDU,CONSTITUCION,"2,000 - 5,000"
2026-10-07,MDA,BCS,07INS-115,24,4822.53,5262.61,-440.08,0.0,07INS-115,Insurgentes,BAJA CALIFORNIA SUR,CONSTITUCION,115.0,LA PAZ,BAJA CALIFORNIA,CONSTITUCION,BAJA CALIFORNIA,3,BAJA CALIFORNIA SUR,1,COMONDU,CONSTITUCION,"2,000 - 5,000"
2026-10-07,MDA,BCS,07LAP-115,1,4583.8,5084.23,-500.43,0.0,07LAP-115,Las Pilas,BAJA CALIFORNIA SUR,CONSTITUCION,115.0,LA PAZ,BAJA CALIFORNIA,CONSTITUCION,BAJA CALIFORNIA,3,BAJA CALIFORNIA SUR,1,COMONDU,LA PAZ,"2,000 - 5,000"
2026-10-07,MDA,BCS,07LAP-115,2,4680.09,5207.32,-527.23,0.0,07LAP-115,Las Pilas,BAJA CALIFORNIA SUR,CONSTITUCION,115.0,LA PAZ,BAJA CALIFORNIA,CONSTITUCION,BAJA CALIFORNIA,3,BAJA CALIFORNIA SUR,1,COMONDU,LA PAZ,"2,000 - 5,000"
2026-10-07,MDA,BCS,07LAP-115,3,3664.32,4065.1,-400.78,0.0,07LAP-115,Las Pilas,BAJA CALIFORNIA SUR,CONSTITUCION,115.0,LA PAZ,BAJA CALIFORNIA,CONSTITUCION,BAJA CALIFORNIA,3,BAJA CALIFORNIA SUR,1,COMONDU,LA PAZ,"2,000 - 5,000"
2026-10-07,MDA,BCS,07LAP-115,4,3943.07,4411.07,-468.0,0.0,07LAP-115,Las Pilas,BAJA CALIFORNIA SUR,CONSTITUCION,115.0,LA PAZ,BAJA CALIFORNIA,CONSTITUCION,BAJA CALIFORNIA,3,BAJA CALIFORNIA SUR,1,COMONDU,LA PAZ,"2,000 - 5,000"
2026-10-07,MDA,BCS,07LAP-115,5,4151.19,4580.97,-429.78,0.0,07LAP-115,Las Pilas,BAJA CALIFORNIA SUR,CONSTITUCION,115.0,LA PAZ,BAJA CALIFORNIA,CONSTITUCION,BAJA CALIFORNIA,3,BAJA CALIFORNIA SUR,1,COMONDU,LA PAZ,"2,000 - 5,000"
2026-10-07,MDA,BCS,07LAP-115,6,3481.11,3856.0,-374.89,0.0,07LAP-115,Las Pilas,BAJA CALIFORNIA SUR,CONSTITUCION,115.0,LA PAZ,BAJA CALIFORNIA,CONSTITUCION,BAJA CALIFORNIA,3,BAJA CALIFORNIA SUR,1,COMONDU,LA PAZ,"2,000 - 5,000"
2026-10-07,MDA,BCS,07LAP-115,7,3596.33,3997.24,-400.92,0.0,07LAP-115,Las Pilas,BAJA CALIFORNIA SUR,CONSTITUCION,115.0,LA PAZ,BAJA CALIFORNIA,CONSTITUCION,BAJA CALIFORNIA,3,BAJA CALIFORNIA SUR,1,COMONDU,LA PAZ,"2,000 - 5,000"
2026-10-07,MDA,BCS,07LAP-115,8,3301.65,3652.84,-351.18,0.0,07LAP-115,Las Pilas,BAJA CALIFORNIA SUR,CONSTITUCION,115.0,LA PAZ,BAJA CALIFORNIA,CONSTITUCION,BAJA CALIFORNIA,3,BAJA CALIFORNIA SUR,1,COMONDU,LA PAZ,"2,000 - 5,000"
2026-10-07,MDA,BCS,07LAP-115,9,3546.77,3995.5,-448.73,0.0,07LAP-115,Las Pilas,BAJA CALIFORNIA SUR,CONSTITUCION,115.0,LA PAZ,BAJA CALIFORNIA,CONSTITUCION,BAJA CALIFORNIA,3,BAJA CALIFORNIA SUR,1,COMONDU,LA PAZ,"2,000 - 5,000"
2026-10-07,MDA,BCS,07LAP-115,10,4016.98,4499.47,-482.49,0.0,07LAP-115,Las Pilas,BAJA CALIFORNIA SUR,CONSTITUCION,115.0,LA PAZ,BAJA CALIFORNIA,CONSTITUCION,BAJA CALIFORNIA,3,BAJA CALIFORNIA SUR,1,COMONDU,LA PAZ,"2,000 - 5,000"
2026-10-07,MDA,BCS,07LAP-115,11,4333.26,4841.13,-507.87,0.0,07LAP-115,Las Pilas,BAJA CALIFORNIA SUR,CONSTITUCION,115.0,LA PAZ,BAJA CALIFORNIA,CONSTITUCION,BAJA CALIFORNIA,3,BAJA CALIFORNIA SUR,1,COMONDU,LA PAZ,"2,000 - 5,000"
2026-10-07,MDA,BCS,07LAP-115,12,4336.61,4841.77,-505.16,0.0,07LAP-115,Las Pilas,BAJA CALIFORNIA SUR,CONSTITUCION,115.0,LA PAZ,BAJA CALIFORNIA,CONSTITUCION,BAJA CALIFORNIA,3,BAJA CALIFORNIA SUR,1,COMONDU,LA PAZ,"2,000 - 5,000"
2026-10-07,MDA,BCS,07LAP-115,13,2985.95,3269.87,-283.93,0.0,07LAP-115,Las Pilas,BAJA CALIFORNIA SUR,CONSTITUCION,115.0,LA PAZ,BAJA CALIFORNIA,CONSTITUCION,BAJA CALIFORNIA,3,BAJA CALIFORNIA SUR,1,COMONDU,LA PAZ,"2,000 - 5,000"
2026-10-07,MDA,BCS,07LAP-115,14,4023.05,4425.36,-402.31,0.0,07LAP-115,Las Pilas,BAJA CALIFORNIA SUR,CONSTITUCION,115.0,LA PAZ,BAJA CALIFORNIA,CONSTITUCION,BAJA CALIFORNIA,3,BAJA CALIFORNIA SUR,1,COMONDU,LA PAZ,"2,000 - 5,000"
2026-10-07,MDA,BCS,07LAP-115,15,4374.29,4777.32,-403.03,0.0,07LAP-115,Las Pilas,BAJA CALIFORNIA SUR,CONSTITUCION,115.0,LA PAZ,BAJA CALIFORNIA,CONSTITUCION,BAJA CALIFORNIA,3,BAJA CALIFORNIA SUR,1,COMONDU,LA PAZ,"2,000 - 5,000"
2026-10-07,MDA,BCS,07LAP-115,16,4763.31,5258.41,-495.1,0.0,07LAP-115,Las Pilas,BAJA CALIFORNIA SUR,CONSTITUCION,115.0,LA PAZ,BAJA CALIFORNIA,CONSTITUCION,BAJA CALIFORNIA,3,BAJA CALIFORNIA SUR,1,COMONDU,LA PAZ,"2,000 - 5,000"
2026-10-07,MDA,BCS,07LAP-115,17,5479.6,6028.16,-548.56,0.0,07LAP-115,Las Pilas,BAJA CALIFORNIA SUR,CONSTITUCION,115.0,LA PAZ,BAJA CALIFORNIA,CONSTITUCION,BAJA CALIFORNIA,3,BAJA CALIFORNIA SUR,1,COMONDU,LA PAZ,"5,000 - 10,000"
2026-10-07,MDA,BCS,07LAP-115,18,5344.53,5787.64,-443.11,0.0,07LAP-115,Las Pilas,BAJA CALIFORNIA SUR,CONSTITUCION,115.0,LA PAZ,BAJA CALIFORNIA,CONSTITUCION,BAJA CALIFORNIA,3,BAJA CALIFORNIA SUR,1,COMONDU,LA PAZ,"5,000 - 10,000"
2026-10-07,MDA,BCS,07LAP-115,19,5089.12,5490.9,-401.78,0.0,07LAP-115,Las Pilas,BAJA CALIFORNIA SUR,CONSTITUCION,115.0,LA PAZ,BAJA CALIFORNIA,CONSTITUCION,BAJA CALIFORNIA,3,BAJA CALIFORNIA SUR,1,COMONDU,LA PAZ,"5,000 - 10,000"
2026-10-07,MDA,BCS,07LAP-115,20,5165.4,5588.99,-423.59,0.0,07LAP-115,Las Pilas,BAJA CALIFORNIA SUR,CONSTITUCION,115.0,LA PAZ,BAJA CALIFORNIA,CONSTITUCION,BAJA CALIFORNIA,3,BAJA CALIFORNIA SUR,1,COMONDU,LA PAZ,"5,000 - 10,000"
2026-10-07,MDA,BCS,07LAP-115,21,5098.5,5469.66,-371.16,0.0,07LAP-115,Las Pilas,BAJA CALIFORNIA SUR,CONSTITUCION,115.0,LA PAZ,BAJA CALIFORNIA,CONSTITUCION,BAJA CALIFORNIA,3,BAJA CALIFORNIA SUR,1,COMONDU,LA PAZ,"5,000 - 10,000"
2026-10-07,MDA,BCS,07LAP-115,22,5094.78,5491.24,-396.46,0.0,07LAP-115,Las Pilas,BAJA CALIFORNIA SUR,CONSTITUCION,115.0,LA PAZ,BAJA CALIFORNIA,CONSTITUCION,BAJA CALIFORNIA,3,BAJA CALIFORNIA SUR,1,COMONDU,LA PAZ,"5,000 - 10,000"
2026-10-07,MDA,BCS,07LAP-115,23,4905.62,5382.9,-477.28,0.0,07LAP-115,Las Pilas,BAJA CALIFORNIA SUR,CONSTITUCION,115.0,LA PAZ,BAJA CALIFORNIA,CONSTITUCION,BAJA CALIFORNIA,3,BAJA CALIFORNIA SUR,1,COMONDU,LA PAZ,"2,000 - 5,000"
2026-10-07,MDA,BCS,07LAP-115,24,4911.13,5262.61,-351.47,0.0,07LAP-115,Las Pilas,BAJA CALIFORNIA SUR,CONSTITUCION,115.0,LA PAZ,BAJA CALIFORNIA,CONSTITUCION,BAJA CALIFORNIA,3,BAJA CALIFORNIA SUR,1,COMONDU,LA PAZ,"2,000 - 5,000"
2026-10-07,MDA,BCS,07LFI-115,1,4902.87,5084.23,-181.37,0.0,07LFI-115,Los Filos,BAJA CALIFORNIA SUR,LA PAZ,115.0,LA PAZ,BAJA CALIFORNIA,LA PAZ,BAJA CALIFORNIA,3,BAJA CALIFORNIA SUR,3,LA PAZ,LA PAZ,"2,000 - 5,000"
2026-10-07,MDA,BCS,07LFI-115,2,5012.11,5207.32,-195.22,0.0,07LFI-115,Los Filos,BAJA CALIFORNIA SUR,LA PAZ,115.0,LA PAZ,BAJA CALIFORNIA,LA PAZ,BAJA CALIFORNIA,3,BAJA CALIFORNIA SUR,3,LA PAZ,LA PAZ,"5,000 - 10,000"
2026-10-07,MDA,BCS,07LFI-115,3,3916.14,4065.1,-148.96,0.0,07LFI-115,Los Filos,BAJA CALIFORNIA SUR,LA PAZ,115.0,LA PAZ,BAJA CALIFORNIA,LA PAZ,BAJA CALIFORNIA,3,BAJA CALIFORNIA SUR,3,LA PAZ,LA PAZ,"2,000 - 5,000"
2026-10-07,MDA,BCS,07LFI-115,4,4241.65,4411.07,-169.42,0.0,07LFI-115,Los Filos,BAJA CALIFORNIA SUR,LA PAZ,115.0,LA PAZ,BAJA CALIFORNIA,LA PAZ,BAJA CALIFORNIA,3,BAJA CALIFORNIA SUR,3,LA PAZ,LA PAZ,"2,000 - 5,000"
2026-10-07,MDA,BCS,07LFI-115,5,4419.15,4580.97,-161.82,0.0,07LFI-115,Los Filos,BAJA CALIFORNIA SUR,LA PAZ,115.0,LA PAZ,BAJA CALIFORNIA,LA PAZ,BAJA CALIFORNIA,3,BAJA CALIFORNIA SUR,3,LA PAZ,LA PAZ,"2,000 - 5,000"
2026-10-07,MDA,BCS,07LFI-115,6,3717.31,3856.0,-138.69,0.0,07LFI-115,Los Filos,BAJA CALIFORNIA SUR,LA PAZ,115.0,LA PAZ,BAJA CALIFORNIA,LA PAZ,BAJA CALIFORNIA,3,BAJA CALIFORNIA SUR,3,LA PAZ,LA PAZ,"2,000 - 5,000"
2026-10-07,MDA,BCS,07LFI-115,7,3855.78,3997.24,-141.46,0.0,07LFI-115,Los Filos,BAJA CALIFORNIA SUR,LA PAZ,115.0,LA PAZ,BAJA CALIFORNIA,LA PAZ,BAJA CALIFORNIA,3,BAJA CALIFORNIA SUR,3,LA PAZ,LA PAZ,"2,000 - 5,000"
2026-10-07,MDA,BCS,07LFI-115,8,3527.54,3652.84,-125.3,0.0,07LFI-115,Los Filos,BAJA CALIFORNIA SUR,LA PAZ,115.0,LA PAZ,BAJA CALIFORNIA,LA PAZ,BAJA CALIFORNIA,3,BAJA CALIFORNIA SUR,3,LA PAZ,LA PAZ,"2,000 - 5,000"
2026-10-07,MDA,BCS,07LFI-115,9,3848.26,3995.5,-147.24,0.0,07LFI-115,Los Filos,BAJA CALIFORNIA SUR,LA PAZ,115.0,LA PAZ,BAJA CALIFORNIA,LA PAZ,BAJA CALIFORNIA,3,BAJA CALIFORNIA SUR,3,LA PAZ,LA PAZ,"2,000 - 5,000"
2026-10-07,MDA,BCS,07LFI-115,10,4343.8,4499.47,-155.67,0.0,07LFI-115,Los Filos,BAJA CALIFORNIA SUR,LA PAZ,115.0,LA PAZ,BAJA CALIFORNIA,LA PAZ,BAJA CALIFORNIA,3,BAJA CALIFORNIA SUR,3,LA PAZ,LA PAZ,"2,000 - 5,000"
2026-10-07,MDA,BCS,07LFI-115,11,4679.39,4841.13,-161.74,0.0,07LFI-115,Los Filos,BAJA CALIFORNIA SUR,LA PAZ,115.0,LA PAZ,BAJA CALIFORNIA,LA PAZ,BAJA CALIFORNIA,3,BAJA CALIFORNIA SUR,3,LA PAZ,LA PAZ,"2,000 - 5,000"
2026-10-07,MDA,BCS,07LFI-115,12,4683.41,4841.77,-158.36,0.0,07LFI-115,Los Filos,BAJA CALIFORNIA SUR,LA PAZ,115.0,LA PAZ,BAJA CALIFORNIA,LA PAZ,BAJA CALIFORNIA,3,BAJA CALIFORNIA SUR,3,LA PAZ,LA PAZ,"2,000 - 5,000"
2026-10-07,MDA,BCS,07LFI-115,13,3176.53,3269.87,-93.35,0.0,07LFI-115,Los Filos,BAJA CALIFORNIA SUR,LA PAZ,115.0,LA PAZ,BAJA CALIFORNIA,LA PAZ,BAJA CALIFORNIA,3,BAJA CALIFORNIA SUR,3,LA PAZ,LA PAZ,"2,000 - 5,000"
2026-10-07,MDA,BCS,07LFI-115,14,4301.7,4425.36,-123.66,0.0,07LFI-115,Los Filos,BAJA CALIFORNIA SUR,LA PAZ,115.0,LA PAZ,BAJA CALIFORNIA,LA PAZ,BAJA CALIFORNIA,3,BAJA CALIFORNIA SUR,3,LA PAZ,LA PAZ,"2,000 - 5,000"
2026-10-07,MDA,BCS,07LFI-115,15,4652.93,4777.32,-124.39,0.0,07LFI-115,Los Filos,BAJA CALIFORNIA SUR,LA PAZ,115.0,LA PAZ,BAJA CALIFORNIA,LA PAZ,BAJA CALIFORNIA,3,BAJA CALIFORNIA SUR,3,LA PAZ,LA PAZ,"2,000 - 5,000"
2026-10-07,MDA,BCS,07LFI-115,16,5119.83,5258.41,-138.57,0.0,07LFI-115,Los Filos,BAJA CALIFORNIA SUR,LA PAZ,115.0,LA PAZ,BAJA CALIFORNIA,LA PAZ,BAJA CALIFORNIA,3,BAJA CALIFORNIA SUR,3,LA PAZ,LA PAZ,"5,000 - 10,000"
2026-10-07,MDA,BCS,07LFI-115,17,5883.53,6028.16,-144.64,0.0,07LFI-115,Los Filos,BAJA CALIFORNIA SUR,LA PAZ,115.0,LA PAZ,BAJA CALIFORNIA,LA PAZ,BAJA CALIFORNIA,3,BAJA CALIFORNIA SUR,3,LA PAZ,LA PAZ,"5,000 - 10,000"
2026-10-07,MDA,BCS,07LFI-115,18,5674.59,5787.64,-113.05,0.0,07LFI-115,Los Filos,BAJA CALIFORNIA SUR,LA PAZ,115.0,LA PAZ,BAJA CALIFORNIA,LA PAZ,BAJA CALIFORNIA,3,BAJA CALIFORNIA SUR,3,LA PAZ,LA PAZ,"5,000 - 10,000"
2026-10-07,MDA,BCS,07LFI-115,19,5381.11,5490.9,-109.79,0.0,07LFI-115,Los Filos,BAJA CALIFORNIA SUR,LA PAZ,115.0,LA PAZ,BAJA CALIFORNIA,LA PAZ,BAJA CALIFORNIA,3,BAJA CALIFORNIA SUR,3,LA PAZ,LA PAZ,"5,000 - 10,000"
2026-10-07,MDA,BCS,07LFI-115,20,5457.27,5588.99,-131.72,0.0,07LFI-115,Los Filos,BAJA CALIFORNIA SUR,LA PAZ,115.0,LA PAZ,BAJA CALIFORNIA,LA PAZ,BAJA CALIFORNIA,3,BAJA CALIFORNIA SUR,3,LA PAZ,LA PAZ,"5,000 - 10,000"
2026-10-07,MDA,BCS,07LFI-115,21,5351.18,5469.66,-118.48,0.0,07LFI-115,Los Filos,BAJA CALIFORNIA SUR,LA PAZ,115.0,LA PAZ,BAJA CALIFORNIA,LA PAZ,BAJA CALIFORNIA,3,BAJA CALIFORNIA SUR,3,LA PAZ,LA PAZ,"5,000 - 10,000"
2026-10-07,MDA,BCS,07LFI-115,22,5362.94,5491.24,-128.29,0.0,07LFI-115,Los Filos,BAJA CALIFORNIA SUR,LA PAZ,115.0,LA PAZ,BAJA CALIFORNIA,LA PAZ,BAJA CALIFORNIA,3,BAJA CALIFORNIA SUR,3,LA PAZ,LA PAZ,"5,000 - 10,000"
2026-10-07,MDA,BCS,07LFI-115,23,5227.2,5382.9,-155.7,0.0,07LFI-115,Los Filos,BAJA CALIFORNIA SUR,LA PAZ,115.0,LA PAZ,BAJA CALIFORNIA,LA PAZ,BAJA CALIFORNIA,3,BAJA CALIFORNIA SUR,3,LA PAZ,LA PAZ,"5,000 - 10,000"
2026-10-07,MDA,BCS,07LFI-115,24,5137.46,5262.61,-125.14,0.0,07LFI-115,Los Filos,BAJA CALIFORNIA SUR,LA PAZ,115.0,LA PAZ,BAJA CALIFORNIA,LA PAZ,BAJA CALIFORNIA,3,BAJA CALIFORNIA SUR,3,LA PAZ,LA PAZ,"5,000 - 10,000"
2026-10-07,MDA,BCS,07LPZ-115,1,5028.32,5084.23,-55.91,0.0,07LPZ-115,La Paz,BAJA CALIFORNIA SUR,LA PAZ,115.0,LA PAZ,BAJA CALIFORNIA,LA PAZ,BAJA CALIFORNIA,3,BAJA CALIFORNIA SUR,3,LA PAZ,LA PAZ,"5,000 - 10,000"
2026-10-07,MDA,BCS,07LPZ-115,2,5145.93,5207.32,-61.4,0.0,07LPZ-115,La Paz,BAJA CALIFORNIA SUR,LA PAZ,115.0,LA PAZ,BAJA CALIFORNIA,LA PAZ,BAJA CALIFORNIA,3,BAJA CALIFORNIA SUR,3,LA PAZ,LA PAZ,"5,000 - 10,000"
2026-10-07,MDA,BCS,07LPZ-115,3,4011.68,4065.1,-53.41,0.0,07LPZ-115,La Paz,BAJA CALIFORNIA SUR,LA PAZ,115.0,LA PAZ,BAJA CALIFORNIA,LA PAZ,BAJA CALIFORNIA,3,BAJA CALIFORNIA SUR,3,LA PAZ,LA PAZ,"2,000 - 5,000"
2026-10-07,MDA,BCS,07LPZ-115,4,4350.68,4411.07,-60.39,0.0,07LPZ-115,La Paz,BAJA CALIFORNIA SUR,LA PAZ,115.0,LA PAZ,BAJA CALIFORNIA,LA PAZ,BAJA CALIFORNIA,3,BAJA CALIFORNIA SUR,3,LA PAZ,LA PAZ,"2,000 - 5,000"
2026-10-07,MDA,BCS,07LPZ-115,5,4510.27,4580.97,-70.71,0.0,07LPZ-115,La Paz,BAJA CALIFORNIA SUR,LA PAZ,115.0,LA PAZ,BAJA CALIFORNIA,LA PAZ,BAJA CALIFORNIA,3,BAJA CALIFORNIA SUR,3,LA PAZ,LA PAZ,"2,000 - 5,000"
2026-10-07,MDA,BCS,07LPZ-115,6,3793.53,3856.0,-62.47,0.0,07LPZ-115,La Paz,BAJA CALIFORNIA SUR,LA PAZ,115.0,LA PAZ,BAJA CALIFORNIA,LA PAZ,BAJA CALIFORNIA,3,BAJA CALIFORNIA SUR,3,LA PAZ,LA PAZ,"2,000 - 5,000"
2026-10-07,MDA,BCS,07LPZ-115,7,3928.48,3997.24,-68.76,0.0,07LPZ-115,La Paz,BAJA CALIFORNIA SUR,LA PAZ,115.0,LA PAZ,BAJA CALIFORNIA,LA PAZ,BAJA CALIFORNIA,3,BAJA CALIFORNIA SUR,3,LA PAZ,LA PAZ,"2,000 - 5,000"
2026-10-07,MDA,BCS,07LPZ-115,8,3592.46,3652.84,-60.37,0.0,07LPZ-115,La Paz,BAJA CALIFORNIA SUR,LA PAZ,115.0,LA PAZ,BAJA CALIFORNIA,LA PAZ,BAJA CALIFORNIA,3,BAJA CALIFORNIA SUR,3,LA PAZ,LA PAZ,"2,000 - 5,000"
2026-10-07,MDA,BCS,07LPZ-115,9,3940.24,3995.5,-55.26,0.0,07LPZ-115,La Paz,BAJA CALIFORNIA SUR,LA PAZ,115.0,LA PAZ,BAJA CALIFORNIA,LA PAZ,BAJA CALIFORNIA,3,BAJA CALIFORNIA SUR,3,LA PAZ,LA PAZ,"2,000 - 5,000"
2026-10-07,MDA,BCS,07LPZ-115,10,4442.09,4499.47,-57.38,0.0,07LPZ-115,La Paz,BAJA CALIFORNIA SUR,LA PAZ,115.0,LA PAZ,BAJA CALIFORNIA,LA PAZ,BAJA CALIFORNIA,3,BAJA CALIFORNIA SUR,3,LA PAZ,LA PAZ,"2,000 - 5,000"
2026-10-07,MDA,BCS,07LPZ-115,11,4782.48,4841.13,-58.65,0.0,07LPZ-115,La Paz,BAJA CALIFORNIA SUR,LA PAZ,115.0,LA PAZ,BAJA CALIFORNIA,LA PAZ,BAJA CALIFORNIA,3,BAJA CALIFORNIA SUR,3,LA PAZ,LA PAZ,"2,000 - 5,000"
2026-10-07,MDA,BCS,07LPZ-115,12,4792.93,4841.77,-48.84,0.0,07LPZ-115,La Paz,BAJA CALIFORNIA SUR,LA PAZ,115.0,LA PAZ,BAJA CALIFORNIA,LA PAZ,BAJA CALIFORNIA,3,BAJA CALIFORNIA SUR,3,LA PAZ,LA PAZ,"2,000 - 5,000"
2026-10-07,MDA,BCS,07LPZ-115,13,3234.8,3269.87,-35.07,0.0,07LPZ-115,La Paz,BAJA CALIFORNIA SUR,LA PAZ,115.0,LA PAZ,BAJA CALIFORNIA,LA PAZ,BAJA CALIFORNIA,3,BAJA CALIFORNIA SUR,3,LA PAZ,LA PAZ,"2,000 - 5,000"
2026-10-07,MDA,BCS,07LPZ-115,14,4388.79,4425.36,-36.57,0.0,07LPZ-115,La Paz,BAJA CALIFORNIA SUR,LA PAZ,115.0,LA PAZ,BAJA CALIFORNIA,LA PAZ,BAJA CALIFORNIA,3,BAJA CALIFORNIA SUR,3,LA PAZ,LA PAZ,"2,000 - 5,000"
2026-10-07,MDA,BCS,07LPZ-115,15,4738.83,4777.32,-38.49,0.0,07LPZ-115,La Paz,BAJA CALIFORNIA SUR,LA PAZ,115.0,LA PAZ,BAJA CALIFORNIA,LA PAZ,BAJA CALIFORNIA,3,BAJA CALIFORNIA SUR,3,LA PAZ,LA PAZ,"2,000 - 5,000"
2026-10-07,MDA,BCS,07LPZ-115,16,5232.72,5258.41,-25.69,0.0,07LPZ-115,La Paz,BAJA CALIFORNIA SUR,LA PAZ,115.0,LA PAZ,BAJA CALIFORNIA,LA PAZ,BAJA CALIFORNIA,3,BAJA CALIFORNIA SUR,3,LA PAZ,LA PAZ,"5,000 - 10,000"
2026-10-07,MDA,BCS,07LPZ-115,17,6020.5,6028.16,-7.66,0.0,07LPZ-115,La Paz,BAJA CALIFORNIA SUR,LA PAZ,115.0,LA PAZ,BAJA CALIFORNIA,LA PAZ,BAJA CALIFORNIA,3,BAJA CALIFORNIA SUR,3,LA PAZ,LA PAZ,"5,000 - 10,000"
2026-10-07,MDA,BCS,07LPZ-115,18,5786.43,5787.64,-1.21,0.0,07LPZ-115,La Paz,BAJA CALIFORNIA SUR,LA PAZ,115.0,LA PAZ,BAJA CALIFORNIA,LA PAZ,BAJA CALIFORNIA,3,BAJA CALIFORNIA SUR,3,LA PAZ,LA PAZ,"5,000 - 10,000"
2026-10-07,MDA,BCS,07LPZ-115,19,5477.5,5490.9,-13.4,0.0,07LPZ-115,La Paz,BAJA CALIFORNIA SUR,LA PAZ,115.0,LA PAZ,BAJA CALIFORNIA,LA PAZ,BAJA CALIFORNIA,3,BAJA CALIFORNIA SUR,3,LA PAZ,LA PAZ,"5,000 - 10,000"
2026-10-07,MDA,BCS,07LPZ-115,20,5572.53,5588.99,-16.46,0.0,07LPZ-115,La Paz,BAJA CALIFORNIA SUR,LA PAZ,115.0,LA PAZ,BAJA CALIFORNIA,LA PAZ,BAJA CALIFORNIA,3,BAJA CALIFORNIA SUR,3,LA PAZ,LA PAZ,"5,000 - 10,000"
2026-10-07,MDA,BCS,07LPZ-115,21,5445.67,5469.66,-23.99,0.0,07LPZ-115,La Paz,BAJA CALIFORNIA SUR,LA PAZ,115.0,LA PAZ,BAJA CALIFORNIA,LA PAZ,BAJA CALIFORNIA,3,BAJA CALIFORNIA SUR,3,LA PAZ,LA PAZ,"5,000 - 10,000"
2026-10-07,MDA,BCS,07LPZ-115,22,5460.03,5491.24,-31.21,0.0,07LPZ-115,La Paz,BAJA CALIFORNIA SUR,LA PAZ,115.0,LA PAZ,BAJA CALIFORNIA,LA PAZ,BAJA CALIFORNIA,3,BAJA CALIFORNIA SUR,3,LA PAZ,LA PAZ,"5,000 - 10,000"
2026-10-07,MDA,BCS,07LPZ-115,23,5338.58,5382.9,-44.32,0.0,07LPZ-115,La Paz,BAJA CALIFORNIA SUR,LA PAZ,115.0,LA PAZ,BAJA CALIFORNIA,LA PAZ,BAJA CALIFORNIA,3,BAJA CALIFORNIA SUR,3,LA PAZ,LA PAZ,"5,000 - 10,000"
2026-10-07,MDA,BCS,07LPZ-115,24,5207.56,5262.61,-55.05,0.0,07LPZ-115,La Paz,BAJA CALIFORNIA SUR,LA PAZ,115.0,LA PAZ,BAJA CALIFORNIA,LA PAZ,BAJA CALIFORNIA,3,BAJA CALIFORNIA SUR,3,LA PAZ,LA PAZ,"5,000 - 10,000"
2026-10-07,MDA,BCS,07LRO-115,1,4520.58,5084.23,-563.65,0.0,07LRO-115,Loreto,BAJA CALIFORNIA SUR,CONSTITUCION,115.0,LA PAZ,BAJA CALIFORNIA,CONSTITUCION,BAJA CALIFORNIA,3,BAJA CALIFORNIA SUR,9,LORETO,CONSTITUCION,"2,000 - 5,000"
2026-10-07,MDA,BCS,07LRO-115,2,4608.18,5207.32,-599.15,0.0,07LRO-115,Loreto,BAJA CALIFORNIA SUR,CONSTITUCION,115.0,LA PAZ,BAJA CALIFORNIA,CONSTITUCION,BAJA CALIFORNIA,3,BAJA CALIFORNIA SUR,9,LORETO,CONSTITUCION,"2,000 - 5,000"
2026-10-07,MDA,BCS,07LRO-115,3,3609.34,4065.1,-455.76,0.0,07LRO-115,Loreto,BAJA CALIFORNIA SUR,CONSTITUCION,115.0,LA PAZ,BAJA CALIFORNIA,CONSTITUCION,BAJA CALIFORNIA,3,BAJA CALIFORNIA SUR,9,LORETO,CONSTITUCION,"2,000 - 5,000"
2026-10-07,MDA,BCS,07LRO-115,4,3868.26,4411.07,-542.81,0.0,07LRO-115,Loreto,BAJA CALIFORNIA SUR,CONSTITUCION,115.0,LA PAZ,BAJA CALIFORNIA,CONSTITUCION,BAJA CALIFORNIA,3,BAJA CALIFORNIA SUR,9,LORETO,CONSTITUCION,"2,000 - 5,000"
2026-10-07,MDA,BCS,07LRO-115,5,4093.29,4580.97,-487.68,0.0,07LRO-115,Loreto,BAJA CALIFORNIA SUR,CONSTITUCION,115.0,LA PAZ,BAJA CALIFORNIA,CONSTITUCION,BAJA CALIFORNIA,3,BAJA CALIFORNIA SUR,9,LORETO,CONSTITUCION,"2,000 - 5,000"
2026-10-07,MDA,BCS,07LRO-115,6,3426.3,3856.0,-429.71,0.0,07LRO-115,Loreto,BAJA CALIFORNIA SUR,CONSTITUCION,115.0,LA PAZ,BAJA CALIFORNIA,CONSTITUCION,BAJA CALIFORNIA,3,BAJA CALIFORNIA SUR,9,LORETO,CONSTITUCION,"2,000 - 5,000"
2026-10-07,MDA,BCS,07LRO-115,7,3530.16,3997.24,-467.08,0.0,07LRO-115,Loreto,BAJA CALIFORNIA SUR,CONSTITUCION,115.0,LA PAZ,BAJA CALIFORNIA,CONSTITUCION,BAJA CALIFORNIA,3,BAJA CALIFORNIA SUR,9,LORETO,CONSTITUCION,"2,000 - 5,000"
2026-10-07,MDA,BCS,07LRO-115,8,3241.62,3652.84,-411.22,0.0,07LRO-115,Loreto,BAJA CALIFORNIA SUR,CONSTITUCION,115.0,LA PAZ,BAJA CALIFORNIA,CONSTITUCION,BAJA CALIFORNIA,3,BAJA CALIFORNIA SUR,9,LORETO,CONSTITUCION,"2,000 - 5,000"
2026-10-07,MDA,BCS,07LRO-115,9,3447.11,3995.5,-548.39,0.0,07LRO-115,Loreto,BAJA CALIFORNIA SUR,CONSTITUCION,115.0,LA PAZ,BAJA CALIFORNIA,CONSTITUCION,BAJA CALIFORNIA,3,BAJA CALIFORNIA SUR,9,LORETO,CONSTITUCION,"2,000 - 5,000"
2026-10-07,MDA,BCS,07LRO-115,10,3907.7,4499.47,-591.77,0.0,07LRO-115,Loreto,BAJA CALIFORNIA SUR,CONSTITUCION,115.0,LA PAZ,BAJA CALIFORNIA,CONSTITUCION,BAJA CALIFORNIA,3,BAJA CALIFORNIA SUR,9,LORETO,CONSTITUCION,"2,000 - 5,000"
2026-10-07,MDA,BCS,07LRO-115,11,4219.85,4841.13,-621.27,0.0,07LRO-115,Loreto,BAJA CALIFORNIA SUR,CONSTITUCION,115.0,LA PAZ,BAJA CALIFORNIA,CONSTITUCION,BAJA CALIFORNIA,3,BAJA CALIFORNIA SUR,9,LORETO,CONSTITUCION,"2,000 - 5,000"
2026-10-07,MDA,BCS,07LRO-115,12,4231.64,4841.77,-610.13,0.0,07LRO-115,Loreto,BAJA CALIFORNIA SUR,CONSTITUCION,115.0,LA PAZ,BAJA CALIFORNIA,CONSTITUCION,BAJA CALIFORNIA,3,BAJA CALIFORNIA SUR,9,LORETO,CONSTITUCION,"2,000 - 5,000"
2026-10-07,MDA,BCS,07LRO-115,13,2939.97,3269.87,-329.91,0.0,07LRO-115,Loreto,BAJA CALIFORNIA SUR,CONSTITUCION,115.0,LA PAZ,BAJA CALIFORNIA,CONSTITUCION,BAJA CALIFORNIA,3,BAJA CALIFORNIA SUR,9,LORETO,CONSTITUCION,"2,000 - 5,000"
2026-10-07,MDA,BCS,07LRO-115,14,3962.62,4425.36,-462.74,0.0,07LRO-115,Loreto,BAJA CALIFORNIA SUR,CONSTITUCION,115.0,LA PAZ,BAJA CALIFORNIA,CONSTITUCION,BAJA CALIFORNIA,3,BAJA CALIFORNIA SUR,9,LORETO,CONSTITUCION,"2,000 - 5,000"
2026-10-07,MDA,BCS,07LRO-115,15,4334.78,4777.32,-442.54,0.0,07LRO-115,Loreto,BAJA CALIFORNIA SUR,CONSTITUCION,115.0,LA PAZ,BAJA CALIFORNIA,CONSTITUCION,BAJA CALIFORNIA,3,BAJA CALIFORNIA SUR,9,LORETO,CONSTITUCION,"2,000 - 5,000"
2026-10-07,MDA,BCS,07LRO-115,16,4703.35,5258.41,-555.06,0.0,07LRO-115,Loreto,BAJA CALIFORNIA SUR,CONSTITUCION,115.0,LA PAZ,BAJA CALIFORNIA,CONSTITUCION,BAJA CALIFORNIA,3,BAJA CALIFORNIA SUR,9,LORETO,CONSTITUCION,"2,000 - 5,000"
2026-10-07,MDA,BCS,07LRO-115,17,5431.5,6028.16,-596.67,0.0,07LRO-115,Loreto,BAJA CALIFORNIA SUR,CONSTITUCION,115.0,LA PAZ,BAJA CALIFORNIA,CONSTITUCION,BAJA CALIFORNIA,3,BAJA CALIFORNIA SUR,9,LORETO,CONSTITUCION,"5,000 - 10,000"
2026-10-07,MDA,BCS,07LRO-115,18,5335.45,5787.64,-452.19,0.0,07LRO-115,Loreto,BAJA CALIFORNIA SUR,CONSTITUCION,115.0,LA PAZ,BAJA CALIFORNIA,CONSTITUCION,BAJA CALIFORNIA,3,BAJA CALIFORNIA SUR,9,LORETO,CONSTITUCION,"5,000 - 10,000"
2026-10-07,MDA,BCS,07LRO-115,19,5097.86,5490.9,-393.05,0.0,07LRO-115,Loreto,BAJA CALIFORNIA SUR,CONSTITUCION,115.0,LA PAZ,BAJA CALIFORNIA,CONSTITUCION,BAJA CALIFORNIA,3,BAJA CALIFORNIA SUR,9,LORETO,CONSTITUCION,"5,000 - 10,000"
2026-10-07,MDA,BCS,07LRO-115,20,5174.45,5588.99,-414.54,0.0,07LRO-115,Loreto,BAJA CALIFORNIA SUR,CONSTITUCION,115.0,LA PAZ,BAJA CALIFORNIA,CONSTITUCION,BAJA CALIFORNIA,3,BAJA CALIFORNIA SUR,9,LORETO,CONSTITUCION,"5,000 - 10,000"
2026-10-07,MDA,BCS,07LRO-115,21,5115.44,5469.66,-354.22,0.0,07LRO-115,Loreto,BAJA CALIFORNIA SUR,CONSTITUCION,115.0,LA PAZ,BAJA CALIFORNIA,CONSTITUCION,BAJA CALIFORNIA,3,BAJA CALIFORNIA SUR,9,LORETO,CONSTITUCION,"5,000 - 10,000"
2026-10-07,MDA,BCS,07LRO-115,22,5103.24,5491.24,-388.0,0.0,07LRO-115,Loreto,BAJA CALIFORNIA SUR,CONSTITUCION,115.0,LA PAZ,BAJA CALIFORNIA,CONSTITUCION,BAJA CALIFORNIA,3,BAJA CALIFORNIA SUR,9,LORETO,CONSTITUCION,"5,000 - 10,000"
2026-10-07,MDA,BCS,07LRO-115,23,4879.28,5382.9,-503.62,0.0,07LRO-115,Loreto,BAJA CALIFORNIA SUR,CONSTITUCION,115.0,LA PAZ,BAJA CALIFORNIA,CONSTITUCION,BAJA CALIFORNIA,3,BAJA CALIFORNIA SUR,9,LORETO,CONSTITUCION,"2,000 - 5,000"
2026-10-07,MDA,BCS,07LRO-115,24,4905.66,5262.61,-356.95,0.0,07LRO-115,Loreto,BAJA CALIFORNIA SUR,CONSTITUCION,115.0,LA PAZ,BAJA CALIFORNIA,CONSTITUCION,BAJA CALIFORNIA,3,BAJA CALIFORNIA SUR,9,LORETO,CONSTITUCION,"2,000 - 5,000"
2026-10-07,MDA,BCS,07MOR-115,1,5428.78,5084.23,344.55,0.0,07MOR-115,Monte Real,BAJA CALIFORNIA SUR,LOS CABOS,115.0,LA PAZ,BAJA CALIFORNIA,LOS CABOS,BAJA CALIFORNIA,3,BAJA CALIFORNIA SUR,8,LOS CABOS,LOS CABOS,"5,000 - 10,000"
2026-10-07,MDA,BCS,07MOR-115,2,5565.18,5207.32,357.86,0.0,07MOR-115,Monte Real,BAJA CALIFORNIA SUR,LOS CABOS,115.0,LA PAZ,BAJA CALIFORNIA,LOS CABOS,BAJA CALIFORNIA,3,BAJA CALIFORNIA SUR,8,LOS CABOS,LOS CABOS,"5,000 - 10,000"
2026-10-07,MDA,BCS,07MOR-115,3,4334.12,4065.1,269.02,0.0,07MOR-115,Monte Real,BAJA CALIFORNIA SUR,LOS CABOS,115.0,LA PAZ,BAJA CALIFORNIA,LOS CABOS,BAJA CALIFORNIA,3,BAJA CALIFORNIA SUR,8,LOS CABOS,LOS CABOS,"2,000 - 5,000"
2026-10-07,MDA,BCS,07MOR-115,4,4714.41,4411.07,303.34,0.0,07MOR-115,Monte Real,BAJA CALIFORNIA SUR,LOS CABOS,115.0,LA PAZ,BAJA CALIFORNIA,LOS CABOS,BAJA CALIFORNIA,3,BAJA CALIFORNIA SUR,8,LOS CABOS,LOS CABOS,"2,000 - 5,000"
2026-10-07,MDA,BCS,07MOR-115,5,4890.07,4580.97,309.1,0.0,07MOR-115,Monte Real,BAJA CALIFORNIA SUR,LOS CABOS,115.0,LA PAZ,BAJA CALIFORNIA,LOS CABOS,BAJA CALIFORNIA,3,BAJA CALIFORNIA SUR,8,LOS CABOS,LOS CABOS,"2,000 - 5,000"
2026-10-07,MDA,BCS,07MOR-115,6,4115.85,3856.0,259.85,0.0,07MOR-115,Monte Real,BAJA CALIFORNIA SUR,LOS CABOS,115.0,LA PAZ,BAJA CALIFORNIA,LOS CABOS,BAJA CALIFORNIA,3,BAJA CALIFORNIA SUR,8,LOS CABOS,LOS CABOS,"2,000 - 5,000"
2026-10-07,MDA,BCS,07MOR-115,7,4269.14,3997.24,271.9,0.0,07MOR-115,Monte Real,BAJA CALIFORNIA SUR,LOS CABOS,115.0,LA PAZ,BAJA CALIFORNIA,LOS CABOS,BAJA CALIFORNIA,3,BAJA CALIFORNIA SUR,8,LOS CABOS,LOS CABOS,"2,000 - 5,000"
2026-10-07,MDA,BCS,07MOR-115,8,6154.16,3652.84,250.6,2250.73,07MOR-115,Monte Real,BAJA CALIFORNIA SUR,LOS CABOS,115.0,LA PAZ,BAJA CALIFORNIA,LOS CABOS,BAJA CALIFORNIA,3,BAJA CALIFORNIA SUR,8,LOS CABOS,LOS CABOS,"5,000 - 10,000"
2026-10-07,MDA,BCS,07MOR-115,9,6360.66,3995.5,281.11,2084.05,07MOR-115,Monte Real,BAJA CALIFORNIA SUR,LOS CABOS,115.0,LA PAZ,BAJA CALIFORNIA,LOS CABOS,BAJA CALIFORNIA,3,BAJA CALIFORNIA SUR,8,LOS CABOS,LOS CABOS,"5,000 - 10,000"
2026-10-07,MDA,BCS,07MOR-115,10,6514.92,4499.47,326.87,1688.58,07MOR-115,Monte Real,BAJA CALIFORNIA SUR,LOS CABOS,115.0,LA PAZ,BAJA CALIFORNIA,LOS CABOS,BAJA CALIFORNIA,3,BAJA CALIFORNIA SUR,8,LOS CABOS,LOS CABOS,"5,000 - 10,000"
2026-10-07,MDA,BCS,07MOR-115,11,6346.0,4841.13,359.47,1145.41,07MOR-115,Monte Real,BAJA CALIFORNIA SUR,LOS CABOS,115.0,LA PAZ,BAJA CALIFORNIA,LOS CABOS,BAJA CALIFORNIA,3,BAJA CALIFORNIA SUR,8,LOS CABOS,LOS CABOS,"5,000 - 10,000"
2026-10-07,MDA,BCS,07MOR-115,12,6113.55,4841.77,365.01,906.77,07MOR-115,Monte Real,BAJA CALIFORNIA SUR,LOS CABOS,115.0,LA PAZ,BAJA CALIFORNIA,LOS CABOS,BAJA CALIFORNIA,3,BAJA CALIFORNIA SUR,8,LOS CABOS,LOS CABOS,"5,000 - 10,000"
2026-10-07,MDA,BCS,07MOR-115,13,6677.27,3269.87,247.8,3159.6,07MOR-115,Monte Real,BAJA CALIFORNIA SUR,LOS CABOS,115.0,LA PAZ,BAJA CALIFORNIA,LOS CABOS,BAJA CALIFORNIA,3,BAJA CALIFORNIA SUR,8,LOS CABOS,LOS CABOS,"5,000 - 10,000"
2026-10-07,MDA,BCS,07MOR-115,14,6105.97,4425.36,336.22,1344.39,07MOR-115,Monte Real,BAJA CALIFORNIA SUR,LOS CABOS,115.0,LA PAZ,BAJA CALIFORNIA,LOS CABOS,BAJA CALIFORNIA,3,BAJA CALIFORNIA SUR,8,LOS CABOS,LOS CABOS,"5,000 - 10,000"
2026-10-07,MDA,BCS,07MOR-115,15,5498.51,4777.32,365.01,356.18,07MOR-115,Monte Real,BAJA CALIFORNIA SUR,LOS CABOS,115.0,LA PAZ,BAJA CALIFORNIA,LOS CABOS,BAJA CALIFORNIA,3,BAJA CALIFORNIA SUR,8,LOS CABOS,LOS CABOS,"5,000 - 10,000"
2026-10-07,MDA,BCS,07MOR-115,16,5641.49,5258.41,383.09,0.0,07MOR-115,Monte Real,BAJA CALIFORNIA SUR,LOS CABOS,115.0,LA PAZ,BAJA CALIFORNIA,LOS CABOS,BAJA CALIFORNIA,3,BAJA CALIFORNIA SUR,8,LOS CABOS,LOS CABOS,"5,000 - 10,000"
2026-10-07,MDA,BCS,07MOR-115,17,6435.64,6028.16,407.48,0.0,07MOR-115,Monte Real,BAJA CALIFORNIA SUR,LOS CABOS,115.0,LA PAZ,BAJA CALIFORNIA,LOS CABOS,BAJA CALIFORNIA,3,BAJA CALIFORNIA SUR,8,LOS CABOS,LOS CABOS,"5,000 - 10,000"
2026-10-07,MDA,BCS,07MOR-115,18,6152.71,5787.64,365.07,0.0,07MOR-115,Monte Real,BAJA CALIFORNIA SUR,LOS CABOS,115.0,LA PAZ,BAJA CALIFORNIA,LOS CABOS,BAJA CALIFORNIA,3,BAJA CALIFORNIA SUR,8,LOS CABOS,LOS CABOS,"5,000 - 10,000"
2026-10-07,MDA,BCS,07MOR-115,19,5845.63,5490.9,354.73,0.0,07MOR-115,Monte Real,BAJA CALIFORNIA SUR,LOS CABOS,115.0,LA PAZ,BAJA CALIFORNIA,LOS CABOS,BAJA CALIFORNIA,3,BAJA CALIFORNIA SUR,8,LOS CABOS,LOS CABOS,"5,000 - 10,000"
2026-10-07,MDA,BCS,07MOR-115,20,5958.22,5588.99,369.23,0.0,07MOR-115,Monte Real,BAJA CALIFORNIA SUR,LOS CABOS,115.0,LA PAZ,BAJA CALIFORNIA,LOS CABOS,BAJA CALIFORNIA,3,BAJA CALIFORNIA SUR,8,LOS CABOS,LOS CABOS,"5,000 - 10,000"
2026-10-07,MDA,BCS,07MOR-115,21,5831.6,5469.66,361.94,0.0,07MOR-115,Monte Real,BAJA CALIFORNIA SUR,LOS CABOS,115.0,LA PAZ,BAJA CALIFORNIA,LOS CABOS,BAJA CALIFORNIA,3,BAJA CALIFORNIA SUR,8,LOS CABOS,LOS CABOS,"5,000 - 10,000"
2026-10-07,MDA,BCS,07MOR-115,22,5857.76,5491.24,366.52,0.0,07MOR-115,Monte Real,BAJA CALIFORNIA SUR,LOS CABOS,115.0,LA PAZ,BAJA CALIFORNIA,LOS CABOS,BAJA CALIFORNIA,3,BAJA CALIFORNIA SUR,8,LOS CABOS,LOS CABOS,"5,000 - 10,000"
2026-10-07,MDA,BCS,07MOR-115,23,5748.62,5382.9,365.72,0.0,07MOR-115,Monte Real,BAJA CALIFORNIA SUR,LOS CABOS,115.0,LA PAZ,BAJA CALIFORNIA,LOS CABOS,BAJA CALIFORNIA,3,BAJA CALIFORNIA SUR,8,LOS CABOS,LOS CABOS,"5,000 - 10,000"
2026-10-07,MDA,BCS,07MOR-115,24,5615.04,5262.61,352.43,0.0,07MOR-115,Monte Real,BAJA CALIFORNIA SUR,LOS CABOS,115.0,LA PAZ,BAJA CALIFORNIA,LOS CABOS,BAJA CALIFORNIA,3,BAJA CALIFORNIA SUR,8,LOS CABOS,LOS CABOS,"5,000 - 10,000"
2026-10-07,MDA,BCS,07OLA-115,1,5016.9,5084.23,-67.34,0.0,07OLA-115,Olas Altas,BAJA CALIFORNIA SUR,LA PAZ,115.0,LA PAZ,BAJA CALIFORNIA ,LA PAZ,BAJA CALIFORNIA,3,BAJA CALIFORNIA SUR,3,LA PAZ,LA PAZ,"5,000 - 10,000"
2026-10-07,MDA,BCS,07OLA-115,2,5135.89,5207.32,-71.44,0.0,07OLA-115,Olas Altas,BAJA CALIFORNIA SUR,LA PAZ,115.0,LA PAZ,BAJA CALIFORNIA ,LA PAZ,BAJA CALIFORNIA,3,BAJA CALIFORNIA SUR,3,LA PAZ,LA PAZ,"5,000 - 10,000"
2026-10-07,MDA,BCS,07OLA-115,3,4008.34,4065.1,-56.76,0.0,07OLA-115,Olas Altas,BAJA CALIFORNIA SUR,LA PAZ,115.0,LA PAZ,BAJA CALIFORNIA ,LA PAZ,BAJA CALIFORNIA,3,BAJA CALIFORNIA SUR,3,LA PAZ,LA PAZ,"2,000 - 5,000"
2026-10-07,MDA,BCS,07OLA-115,4,4347.16,4411.07,-63.9,0.0,07OLA-115,Olas Altas,BAJA CALIFORNIA SUR,LA PAZ,115.0,LA PAZ,BAJA CALIFORNIA ,LA PAZ,BAJA CALIFORNIA,3,BAJA CALIFORNIA SUR,3,LA PAZ,LA PAZ,"2,000 - 5,000"
2026-10-07,MDA,BCS,07OLA-115,5,4512.46,4580.97,-68.52,0.0,07OLA-115,Olas Altas,BAJA CALIFORNIA SUR,LA PAZ,115.0,LA PAZ,BAJA CALIFORNIA ,LA PAZ,BAJA CALIFORNIA,3,BAJA CALIFORNIA SUR,3,LA PAZ,LA PAZ,"2,000 - 5,000"
2026-10-07,MDA,BCS,07OLA-115,6,3796.83,3856.0,-59.17,0.0,07OLA-115,Olas Altas,BAJA CALIFORNIA SUR,LA PAZ,115.0,LA PAZ,BAJA CALIFORNIA ,LA PAZ,BAJA CALIFORNIA,3,BAJA CALIFORNIA SUR,3,LA PAZ,LA PAZ,"2,000 - 5,000"
2026-10-07,MDA,BCS,07OLA-115,7,3933.64,3997.24,-63.6,0.0,07OLA-115,Olas Altas,BAJA CALIFORNIA SUR,LA PAZ,115.0,LA PAZ,BAJA CALIFORNIA ,LA PAZ,BAJA CALIFORNIA,3,BAJA CALIFORNIA SUR,3,LA PAZ,LA PAZ,"2,000 - 5,000"
2026-10-07,MDA,BCS,07OLA-115,8,3593.58,3652.84,-59.26,0.0,07OLA-115,Olas Altas,BAJA CALIFORNIA SUR,LA PAZ,115.0,LA PAZ,BAJA CALIFORNIA ,LA PAZ,BAJA CALIFORNIA,3,BAJA CALIFORNIA SUR,3,LA PAZ,LA PAZ,"2,000 - 5,000"
2026-10-07,MDA,BCS,07OLA-115,9,3931.04,3995.5,-64.45,0.0,07OLA-115,Olas Altas,BAJA CALIFORNIA SUR,LA PAZ,115.0,LA PAZ,BAJA CALIFORNIA ,LA PAZ,BAJA CALIFORNIA,3,BAJA CALIFORNIA SUR,3,LA PAZ,LA PAZ,"2,000 - 5,000"
2026-10-07,MDA,BCS,07OLA-115,10,4426.67,4499.47,-72.8,0.0,07OLA-115,Olas Altas,BAJA CALIFORNIA SUR,LA PAZ,115.0,LA PAZ,BAJA CALIFORNIA ,LA PAZ,BAJA CALIFORNIA,3,BAJA CALIFORNIA SUR,3,LA PAZ,LA PAZ,"2,000 - 5,000"
2026-10-07,MDA,BCS,07OLA-115,11,4762.74,4841.13,-78.39,0.0,07OLA-115,Olas Altas,BAJA CALIFORNIA SUR,LA PAZ,115.0,LA PAZ,BAJA CALIFORNIA ,LA PAZ,BAJA CALIFORNIA,3,BAJA CALIFORNIA SUR,3,LA PAZ,LA PAZ,"2,000 - 5,000"
2026-10-07,MDA,BCS,07OLA-115,12,4767.07,4841.77,-74.71,0.0,07OLA-115,Olas Altas,BAJA CALIFORNIA SUR,LA PAZ,115.0,LA PAZ,BAJA CALIFORNIA ,LA PAZ,BAJA CALIFORNIA,3,BAJA CALIFORNIA SUR,3,LA PAZ,LA PAZ,"2,000 - 5,000"
2026-10-07,MDA,BCS,07OLA-115,13,3219.22,3269.87,-50.66,0.0,07OLA-115,Olas Altas,BAJA CALIFORNIA SUR,LA PAZ,115.0,LA PAZ,BAJA CALIFORNIA ,LA PAZ,BAJA CALIFORNIA,3,BAJA CALIFORNIA SUR,3,LA PAZ,LA PAZ,"2,000 - 5,000"
2026-10-07,MDA,BCS,07OLA-115,14,4361.72,4425.36,-63.64,0.0,07OLA-115,Olas Altas,BAJA CALIFORNIA SUR,LA PAZ,115.0,LA PAZ,BAJA CALIFORNIA ,LA PAZ,BAJA CALIFORNIA,3,BAJA CALIFORNIA SUR,3,LA PAZ,LA PAZ,"2,000 - 5,000"
2026-10-07,MDA,BCS,07OLA-115,15,4709.83,4777.32,-67.48,0.0,07OLA-115,Olas Altas,BAJA CALIFORNIA SUR,LA PAZ,115.0,LA PAZ,BAJA CALIFORNIA ,LA PAZ,BAJA CALIFORNIA,3,BAJA CALIFORNIA SUR,3,LA PAZ,LA PAZ,"2,000 - 5,000"
2026-10-07,MDA,BCS,07OLA-115,16,5194.36,5258.41,-64.05,0.0,07OLA-115,Olas Altas,BAJA CALIFORNIA SUR,LA PAZ,115.0,LA PAZ,BAJA CALIFORNIA ,LA PAZ,BAJA CALIFORNIA,3,BAJA CALIFORNIA SUR,3,LA PAZ,LA PAZ,"5,000 - 10,000"
2026-10-07,MDA,BCS,07OLA-115,17,5970.99,6028.16,-57.18,0.0,07OLA-115,Olas Altas,BAJA CALIFORNIA SUR,LA PAZ,115.0,LA PAZ,BAJA CALIFORNIA ,LA PAZ,BAJA CALIFORNIA,3,BAJA CALIFORNIA SUR,3,LA PAZ,LA PAZ,"5,000 - 10,000"
2026-10-07,MDA,BCS,07OLA-115,18,5743.16,5787.64,-44.48,0.0,07OLA-115,Olas Altas,BAJA CALIFORNIA SUR,LA PAZ,115.0,LA PAZ,BAJA CALIFORNIA ,LA PAZ,BAJA CALIFORNIA,3,BAJA CALIFORNIA SUR,3,LA PAZ,LA PAZ,"5,000 - 10,000"
2026-10-07,MDA,BCS,07OLA-115,19,5443.86,5490.9,-47.05,0.0,07OLA-115,Olas Altas,BAJA CALIFORNIA SUR,LA PAZ,115.0,LA PAZ,BAJA CALIFORNIA ,LA PAZ,BAJA CALIFORNIA,3,BAJA CALIFORNIA SUR,3,LA PAZ,LA PAZ,"5,000 - 10,000"
2026-10-07,MDA,BCS,07OLA-115,20,5538.88,5588.99,-50.11,0.0,07OLA-115,Olas Altas,BAJA CALIFORNIA SUR,LA PAZ,115.0,LA PAZ,BAJA CALIFORNIA ,LA PAZ,BAJA CALIFORNIA,3,BAJA CALIFORNIA SUR,3,LA PAZ,LA PAZ,"5,000 - 10,000"
2026-10-07,MDA,BCS,07OLA-115,21,5418.18,5469.66,-51.48,0.0,07OLA-115,Olas Altas,BAJA CALIFORNIA SUR,LA PAZ,115.0,LA PAZ,BAJA CALIFORNIA ,LA PAZ,BAJA CALIFORNIA,3,BAJA CALIFORNIA SUR,3,LA PAZ,LA PAZ,"5,000 - 10,000"
2026-10-07,MDA,BCS,07OLA-115,22,5435.33,5491.24,-55.9,0.0,07OLA-115,Olas Altas,BAJA CALIFORNIA SUR,LA PAZ,115.0,LA PAZ,BAJA CALIFORNIA ,LA PAZ,BAJA CALIFORNIA,3,BAJA CALIFORNIA SUR,3,LA PAZ,LA PAZ,"5,000 - 10,000"
2026-10-07,MDA,BCS,07OLA-115,23,5319.77,5382.9,-63.13,0.0,07OLA-115,Olas Altas,BAJA CALIFORNIA SUR,LA PAZ,115.0,LA PAZ,BAJA CALIFORNIA ,LA PAZ,BAJA CALIFORNIA,3,BAJA CALIFORNIA SUR,3,LA PAZ,LA PAZ,"5,000 - 10,000"
2026-10-07,MDA,BCS,07OLA-115,24,5198.93,5262.61,-63.68,0.0,07OLA-115,Olas Altas,BAJA CALIFORNIA SUR,LA PAZ,115.0,LA PAZ,BAJA CALIFORNIA ,LA PAZ,BAJA CALIFORNIA,3,BAJA CALIFORNIA SUR,3,LA PAZ,LA PAZ,"5,000 - 10,000"
2026-10-07,MDA,BCS,07PAA-115,1,5000.24,5084.23,-83.99,0.0,07PAA-115,Palmira,BAJA CALIFORNIA SUR,LA PAZ,115.0,LA PAZ,BAJA CALIFORNIA,LA PAZ,BAJA CALIFORNIA,3,BAJA CALIFORNIA SUR,3,LA PAZ,LA PAZ,"5,000 - 10,000"
2026-10-07,MDA,BCS,07PAA-115,2,5118.58,5207.32,-88.74,0.0,07PAA-115,Palmira,BAJA CALIFORNIA SUR,LA PAZ,115.0,LA PAZ,BAJA CALIFORNIA,LA PAZ,BAJA CALIFORNIA,3,BAJA CALIFORNIA SUR,3,LA PAZ,LA PAZ,"5,000 - 10,000"
2026-10-07,MDA,BCS,07PAA-115,3,3991.61,4065.1,-73.49,0.0,07PAA-115,Palmira,BAJA CALIFORNIA SUR,LA PAZ,115.0,LA PAZ,BAJA CALIFORNIA,LA PAZ,BAJA CALIFORNIA,3,BAJA CALIFORNIA SUR,3,LA PAZ,LA PAZ,"2,000 - 5,000"
2026-10-07,MDA,BCS,07PAA-115,4,4330.25,4411.07,-80.81,0.0,07PAA-115,Palmira,BAJA CALIFORNIA SUR,LA PAZ,115.0,LA PAZ,BAJA CALIFORNIA,LA PAZ,BAJA CALIFORNIA,3,BAJA CALIFORNIA SUR,3,LA PAZ,LA PAZ,"2,000 - 5,000"
2026-10-07,MDA,BCS,07PAA-115,5,4488.25,4580.97,-92.72,0.0,07PAA-115,Palmira,BAJA CALIFORNIA SUR,LA PAZ,115.0,LA PAZ,BAJA CALIFORNIA,LA PAZ,BAJA CALIFORNIA,3,BAJA CALIFORNIA SUR,3,LA PAZ,LA PAZ,"2,000 - 5,000"
2026-10-07,MDA,BCS,07PAA-115,6,3775.13,3856.0,-80.87,0.0,07PAA-115,Palmira,BAJA CALIFORNIA SUR,LA PAZ,115.0,LA PAZ,BAJA CALIFORNIA,LA PAZ,BAJA CALIFORNIA,3,BAJA CALIFORNIA SUR,3,LA PAZ,LA PAZ,"2,000 - 5,000"
2026-10-07,MDA,BCS,07PAA-115,7,3909.79,3997.24,-87.45,0.0,07PAA-115,Palmira,BAJA CALIFORNIA SUR,LA PAZ,115.0,LA PAZ,BAJA CALIFORNIA,LA PAZ,BAJA CALIFORNIA,3,BAJA CALIFORNIA SUR,3,LA PAZ,LA PAZ,"2,000 - 5,000"
2026-10-07,MDA,BCS,07PAA-115,8,3575.15,3652.84,-77.68,0.0,07PAA-115,Palmira,BAJA CALIFORNIA SUR,LA PAZ,115.0,LA PAZ,BAJA CALIFORNIA,LA PAZ,BAJA CALIFORNIA,3,BAJA CALIFORNIA SUR,3,LA PAZ,LA PAZ,"2,000 - 5,000"
2026-10-07,MDA,BCS,07PAA-115,9,3922.74,3995.5,-72.75,0.0,07PAA-115,Palmira,BAJA CALIFORNIA SUR,LA PAZ,115.0,LA PAZ,BAJA CALIFORNIA,LA PAZ,BAJA CALIFORNIA,3,BAJA CALIFORNIA SUR,3,LA PAZ,LA PAZ,"2,000 - 5,000"
2026-10-07,MDA,BCS,07PAA-115,10,4422.86,4499.47,-76.61,0.0,07PAA-115,Palmira,BAJA CALIFORNIA SUR,LA PAZ,115.0,LA PAZ,BAJA CALIFORNIA,LA PAZ,BAJA CALIFORNIA,3,BAJA CALIFORNIA SUR,3,LA PAZ,LA PAZ,"2,000 - 5,000"
2026-10-07,MDA,BCS,07PAA-115,11,4760.43,4841.13,-80.7,0.0,07PAA-115,Palmira,BAJA CALIFORNIA SUR,LA PAZ,115.0,LA PAZ,BAJA CALIFORNIA,LA PAZ,BAJA CALIFORNIA,3,BAJA CALIFORNIA SUR,3,LA PAZ,LA PAZ,"2,000 - 5,000"
2026-10-07,MDA,BCS,07PAA-115,12,4771.18,4841.77,-70.59,0.0,07PAA-115,Palmira,BAJA CALIFORNIA SUR,LA PAZ,115.0,LA PAZ,BAJA CALIFORNIA,LA PAZ,BAJA CALIFORNIA,3,BAJA CALIFORNIA SUR,3,LA PAZ,LA PAZ,"2,000 - 5,000"
2026-10-07,MDA,BCS,07PAA-115,13,3217.7,3269.87,-52.17,0.0,07PAA-115,Palmira,BAJA CALIFORNIA SUR,LA PAZ,115.0,LA PAZ,BAJA CALIFORNIA,LA PAZ,BAJA CALIFORNIA,3,BAJA CALIFORNIA SUR,3,LA PAZ,LA PAZ,"2,000 - 5,000"
2026-10-07,MDA,BCS,07PAA-115,14,4365.13,4425.36,-60.23,0.0,07PAA-115,Palmira,BAJA CALIFORNIA SUR,LA PAZ,115.0,LA PAZ,BAJA CALIFORNIA,LA PAZ,BAJA CALIFORNIA,3,BAJA CALIFORNIA SUR,3,LA PAZ,LA PAZ,"2,000 - 5,000"
2026-10-07,MDA,BCS,07PAA-115,15,4710.58,4777.32,-66.74,0.0,07PAA-115,Palmira,BAJA CALIFORNIA SUR,LA PAZ,115.0,LA PAZ,BAJA CALIFORNIA,LA PAZ,BAJA CALIFORNIA,3,BAJA CALIFORNIA SUR,3,LA PAZ,LA PAZ,"2,000 - 5,000"
2026-10-07,MDA,BCS,07PAA-115,16,5200.92,5258.41,-57.49,0.0,07PAA-115,Palmira,BAJA CALIFORNIA SUR,LA PAZ,115.0,LA PAZ,BAJA CALIFORNIA,LA PAZ,BAJA CALIFORNIA,3,BAJA CALIFORNIA SUR,3,LA PAZ,LA PAZ,"5,000 - 10,000"
2026-10-07,MDA,BCS,07PAA-115,17,5981.99,6028.16,-46.17,0.0,07PAA-115,Palmira,BAJA CALIFORNIA SUR,LA PAZ,115.0,LA PAZ,BAJA CALIFORNIA,LA PAZ,BAJA CALIFORNIA,3,BAJA CALIFORNIA SUR,3,LA PAZ,LA PAZ,"5,000 - 10,000"
2026-10-07,MDA,BCS,07PAA-115,18,5749.81,5787.64,-37.83,0.0,07PAA-115,Palmira,BAJA CALIFORNIA SUR,LA PAZ,115.0,LA PAZ,BAJA CALIFORNIA,LA PAZ,BAJA CALIFORNIA,3,BAJA CALIFORNIA SUR,3,LA PAZ,LA PAZ,"5,000 - 10,000"
2026-10-07,MDA,BCS,07PAA-115,19,5441.21,5490.9,-49.69,0.0,07PAA-115,Palmira,BAJA CALIFORNIA SUR,LA PAZ,115.0,LA PAZ,BAJA CALIFORNIA,LA PAZ,BAJA CALIFORNIA,3,BAJA CALIFORNIA SUR,3,LA PAZ,LA PAZ,"5,000 - 10,000"
2026-10-07,MDA,BCS,07PAA-115,20,5536.11,5588.99,-52.88,0.0,07PAA-115,Palmira,BAJA CALIFORNIA SUR,LA PAZ,115.0,LA PAZ,BAJA CALIFORNIA,LA PAZ,BAJA CALIFORNIA,3,BAJA CALIFORNIA SUR,3,LA PAZ,LA PAZ,"5,000 - 10,000"
2026-10-07,MDA,BCS,07PAA-115,21,5409.75,5469.66,-59.91,0.0,07PAA-115,Palmira,BAJA CALIFORNIA SUR,LA PAZ,115.0,LA PAZ,BAJA CALIFORNIA,LA PAZ,BAJA CALIFORNIA,3,BAJA CALIFORNIA SUR,3,LA PAZ,LA PAZ,"5,000 - 10,000"
2026-10-07,MDA,BCS,07PAA-115,22,5424.0,5491.24,-67.24,0.0,07PAA-115,Palmira,BAJA CALIFORNIA SUR,LA PAZ,115.0,LA PAZ,BAJA CALIFORNIA,LA PAZ,BAJA CALIFORNIA,3,BAJA CALIFORNIA SUR,3,LA PAZ,LA PAZ,"5,000 - 10,000"
2026-10-07,MDA,BCS,07PAA-115,23,5304.91,5382.9,-77.99,0.0,07PAA-115,Palmira,BAJA CALIFORNIA SUR,LA PAZ,115.0,LA PAZ,BAJA CALIFORNIA,LA PAZ,BAJA CALIFORNIA,3,BAJA CALIFORNIA SUR,3,LA PAZ,LA PAZ,"5,000 - 10,000"
2026-10-07,MDA,BCS,07PAA-115,24,5175.44,5262.61,-87.17,0.0,07PAA-115,Palmira,BAJA CALIFORNIA SUR,LA PAZ,115.0,LA PAZ,BAJA CALIFORNIA,LA PAZ,BAJA CALIFORNIA,3,BAJA CALIFORNIA SUR,3,LA PAZ,LA PAZ,"5,000 - 10,000"
2026-10-07,MDA,BCS,07PCH-115,1,4913.56,5084.23,-170.68,0.0,07PCH-115,Pichilingue,BAJA CALIFORNIA SUR,LA PAZ,115.0,LA PAZ,BAJA CALIFORNIA,LA PAZ,BAJA CALIFORNIA,3,BAJA CALIFORNIA SUR,3,LA PAZ,LA PAZ,"2,000 - 5,000"
2026-10-07,MDA,BCS,07PCH-115,2,5037.77,5207.32,-169.56,0.0,07PCH-115,Pichilingue,BAJA CALIFORNIA SUR,LA PAZ,115.0,LA PAZ,BAJA CALIFORNIA,LA PAZ,BAJA CALIFORNIA,3,BAJA CALIFORNIA SUR,3,LA PAZ,LA PAZ,"5,000 - 10,000"
2026-10-07,MDA,BCS,07PCH-115,3,3928.36,4065.1,-136.74,0.0,07PCH-115,Pichilingue,BAJA CALIFORNIA SUR,LA PAZ,115.0,LA PAZ,BAJA CALIFORNIA,LA PAZ,BAJA CALIFORNIA,3,BAJA CALIFORNIA SUR,3,LA PAZ,LA PAZ,"2,000 - 5,000"
2026-10-07,MDA,BCS,07PCH-115,4,4268.47,4411.07,-142.6,0.0,07PCH-115,Pichilingue,BAJA CALIFORNIA SUR,LA PAZ,115.0,LA PAZ,BAJA CALIFORNIA,LA PAZ,BAJA CALIFORNIA,3,BAJA CALIFORNIA SUR,3,LA PAZ,LA PAZ,"2,000 - 5,000"
2026-10-07,MDA,BCS,07PCH-115,5,4416.72,4580.97,-164.26,0.0,07PCH-115,Pichilingue,BAJA CALIFORNIA SUR,LA PAZ,115.0,LA PAZ,BAJA CALIFORNIA,LA PAZ,BAJA CALIFORNIA,3,BAJA CALIFORNIA SUR,3,LA PAZ,LA PAZ,"2,000 - 5,000"
2026-10-07,MDA,BCS,07PCH-115,6,3714.89,3856.0,-141.11,0.0,07PCH-115,Pichilingue,BAJA CALIFORNIA SUR,LA PAZ,115.0,LA PAZ,BAJA CALIFORNIA,LA PAZ,BAJA CALIFORNIA,3,BAJA CALIFORNIA SUR,3,LA PAZ,LA PAZ,"2,000 - 5,000"
2026-10-07,MDA,BCS,07PCH-115,7,3847.4,3997.24,-149.84,0.0,07PCH-115,Pichilingue,BAJA CALIFORNIA SUR,LA PAZ,115.0,LA PAZ,BAJA CALIFORNIA,LA PAZ,BAJA CALIFORNIA,3,BAJA CALIFORNIA SUR,3,LA PAZ,LA PAZ,"2,000 - 5,000"
2026-10-07,MDA,BCS,07PCH-115,8,3518.17,3652.84,-134.67,0.0,07PCH-115,Pichilingue,BAJA CALIFORNIA SUR,LA PAZ,115.0,LA PAZ,BAJA CALIFORNIA,LA PAZ,BAJA CALIFORNIA,3,BAJA CALIFORNIA SUR,3,LA PAZ,LA PAZ,"2,000 - 5,000"
2026-10-07,MDA,BCS,07PCH-115,9,3870.89,3995.5,-124.6,0.0,07PCH-115,Pichilingue,BAJA CALIFORNIA SUR,LA PAZ,115.0,LA PAZ,BAJA CALIFORNIA,LA PAZ,BAJA CALIFORNIA,3,BAJA CALIFORNIA SUR,3,LA PAZ,LA PAZ,"2,000 - 5,000"
2026-10-07,MDA,BCS,07PCH-115,10,4364.45,4499.47,-135.02,0.0,07PCH-115,Pichilingue,BAJA CALIFORNIA SUR,LA PAZ,115.0,LA PAZ,BAJA CALIFORNIA,LA PAZ,BAJA CALIFORNIA,3,BAJA CALIFORNIA SUR,3,LA PAZ,LA PAZ,"2,000 - 5,000"
2026-10-07,MDA,BCS,07PCH-115,11,4694.19,4841.13,-146.93,0.0,07PCH-115,Pichilingue,BAJA CALIFORNIA SUR,LA PAZ,115.0,LA PAZ,BAJA CALIFORNIA,LA PAZ,BAJA CALIFORNIA,3,BAJA CALIFORNIA SUR,3,LA PAZ,LA PAZ,"2,000 - 5,000"
2026-10-07,MDA,BCS,07PCH-115,12,4705.09,4841.77,-136.68,0.0,07PCH-115,Pichilingue,BAJA CALIFORNIA SUR,LA PAZ,115.0,LA PAZ,BAJA CALIFORNIA,LA PAZ,BAJA CALIFORNIA,3,BAJA CALIFORNIA SUR,3,LA PAZ,LA PAZ,"2,000 - 5,000"
2026-10-07,MDA,BCS,07PCH-115,13,3171.9,3269.87,-97.97,0.0,07PCH-115,Pichilingue,BAJA CALIFORNIA SUR,LA PAZ,115.0,LA PAZ,BAJA CALIFORNIA,LA PAZ,BAJA CALIFORNIA,3,BAJA CALIFORNIA SUR,3,LA PAZ,LA PAZ,"2,000 - 5,000"
2026-10-07,MDA,BCS,07PCH-115,14,4302.42,4425.36,-122.94,0.0,07PCH-115,Pichilingue,BAJA CALIFORNIA SUR,LA PAZ,115.0,LA PAZ,BAJA CALIFORNIA,LA PAZ,BAJA CALIFORNIA,3,BAJA CALIFORNIA SUR,3,LA PAZ,LA PAZ,"2,000 - 5,000"
2026-10-07,MDA,BCS,07PCH-115,15,4630.04,4777.32,-147.28,0.0,07PCH-115,Pichilingue,BAJA CALIFORNIA SUR,LA PAZ,115.0,LA PAZ,BAJA CALIFORNIA,LA PAZ,BAJA CALIFORNIA,3,BAJA CALIFORNIA SUR,3,LA PAZ,LA PAZ,"2,000 - 5,000"
2026-10-07,MDA,BCS,07PCH-115,16,5109.41,5258.41,-149.0,0.0,07PCH-115,Pichilingue,BAJA CALIFORNIA SUR,LA PAZ,115.0,LA PAZ,BAJA CALIFORNIA,LA PAZ,BAJA CALIFORNIA,3,BAJA CALIFORNIA SUR,3,LA PAZ,LA PAZ,"5,000 - 10,000"
2026-10-07,MDA,BCS,07PCH-115,17,5875.2,6028.16,-152.96,0.0,07PCH-115,Pichilingue,BAJA CALIFORNIA SUR,LA PAZ,115.0,LA PAZ,BAJA CALIFORNIA,LA PAZ,BAJA CALIFORNIA,3,BAJA CALIFORNIA SUR,3,LA PAZ,LA PAZ,"5,000 - 10,000"
2026-10-07,MDA,BCS,07PCH-115,18,5645.47,5787.64,-142.17,0.0,07PCH-115,Pichilingue,BAJA CALIFORNIA SUR,LA PAZ,115.0,LA PAZ,BAJA CALIFORNIA,LA PAZ,BAJA CALIFORNIA,3,BAJA CALIFORNIA SUR,3,LA PAZ,LA PAZ,"5,000 - 10,000"
2026-10-07,MDA,BCS,07PCH-115,19,5336.77,5490.9,-154.14,0.0,07PCH-115,Pichilingue,BAJA CALIFORNIA SUR,LA PAZ,115.0,LA PAZ,BAJA CALIFORNIA,LA PAZ,BAJA CALIFORNIA,3,BAJA CALIFORNIA SUR,3,LA PAZ,LA PAZ,"5,000 - 10,000"
2026-10-07,MDA,BCS,07PCH-115,20,5430.44,5588.99,-158.55,0.0,07PCH-115,Pichilingue,BAJA CALIFORNIA SUR,LA PAZ,115.0,LA PAZ,BAJA CALIFORNIA,LA PAZ,BAJA CALIFORNIA,3,BAJA CALIFORNIA SUR,3,LA PAZ,LA PAZ,"5,000 - 10,000"
2026-10-07,MDA,BCS,07PCH-115,21,5303.07,5469.66,-166.59,0.0,07PCH-115,Pichilingue,BAJA CALIFORNIA SUR,LA PAZ,115.0,LA PAZ,BAJA CALIFORNIA,LA PAZ,BAJA CALIFORNIA,3,BAJA CALIFORNIA SUR,3,LA PAZ,LA PAZ,"5,000 - 10,000"
2026-10-07,MDA,BCS,07PCH-115,22,5315.95,5491.24,-175.29,0.0,07PCH-115,Pichilingue,BAJA CALIFORNIA SUR,LA PAZ,115.0,LA PAZ,BAJA CALIFORNIA,LA PAZ,BAJA CALIFORNIA,3,BAJA CALIFORNIA SUR,3,LA PAZ,LA PAZ,"5,000 - 10,000"
2026-10-07,MDA,BCS,07PCH-115,23,5203.75,5382.9,-179.15,0.0,07PCH-115,Pichilingue,BAJA CALIFORNIA SUR,LA PAZ,115.0,LA PAZ,BAJA CALIFORNIA,LA PAZ,BAJA CALIFORNIA,3,BAJA CALIFORNIA SUR,3,LA PAZ,LA PAZ,"5,000 - 10,000"
2026-10-07,MDA,BCS,07PCH-115,24,5077.25,5262.61,-185.35,0.0,07PCH-115,Pichilingue,BAJA CALIFORNIA SUR,LA PAZ,115.0,LA PAZ,BAJA CALIFORNIA,LA PAZ,BAJA CALIFORNIA,3,BAJA CALIFORNIA SUR,3,LA PAZ,LA PAZ,"5,000 - 10,000"
2026-10-07,MDA,BCS,07PES-115,1,4512.25,5084.23,-571.98,0.0,07PES-115,Puerto Escondido,BAJA CALIFORNIA SUR,CONSTITUCION,115.0,LA PAZ,BAJA CALIFORNIA,CONSTITUCION,BAJA CALIFORNIA,3,BAJA CALIFORNIA SUR,9,LORETO,CONSTITUCION,"2,000 - 5,000"
2026-10-07,MDA,BCS,07PES-115,2,4600.11,5207.32,-607.22,0.0,07PES-115,Puerto Escondido,BAJA CALIFORNIA SUR,CONSTITUCION,115.0,LA PAZ,BAJA CALIFORNIA,CONSTITUCION,BAJA CALIFORNIA,3,BAJA CALIFORNIA SUR,9,LORETO,CONSTITUCION,"2,000 - 5,000"
2026-10-07,MDA,BCS,07PES-115,3,3603.36,4065.1,-461.74,0.0,07PES-115,Puerto Escondido,BAJA CALIFORNIA SUR,CONSTITUCION,115.0,LA PAZ,BAJA CALIFORNIA,CONSTITUCION,BAJA CALIFORNIA,3,BAJA CALIFORNIA SUR,9,LORETO,CONSTITUCION,"2,000 - 5,000"
2026-10-07,MDA,BCS,07PES-115,4,3862.08,4411.07,-548.99,0.0,07PES-115,Puerto Escondido,BAJA CALIFORNIA SUR,CONSTITUCION,115.0,LA PAZ,BAJA CALIFORNIA,CONSTITUCION,BAJA CALIFORNIA,3,BAJA CALIFORNIA SUR,9,LORETO,CONSTITUCION,"2,000 - 5,000"
2026-10-07,MDA,BCS,07PES-115,5,4086.99,4580.97,-493.98,0.0,07PES-115,Puerto Escondido,BAJA CALIFORNIA SUR,CONSTITUCION,115.0,LA PAZ,BAJA CALIFORNIA,CONSTITUCION,BAJA CALIFORNIA,3,BAJA CALIFORNIA SUR,9,LORETO,CONSTITUCION,"2,000 - 5,000"
2026-10-07,MDA,BCS,07PES-115,6,3420.99,3856.0,-435.01,0.0,07PES-115,Puerto Escondido,BAJA CALIFORNIA SUR,CONSTITUCION,115.0,LA PAZ,BAJA CALIFORNIA,CONSTITUCION,BAJA CALIFORNIA,3,BAJA CALIFORNIA SUR,9,LORETO,CONSTITUCION,"2,000 - 5,000"
2026-10-07,MDA,BCS,07PES-115,7,3524.97,3997.24,-472.27,0.0,07PES-115,Puerto Escondido,BAJA CALIFORNIA SUR,CONSTITUCION,115.0,LA PAZ,BAJA CALIFORNIA,CONSTITUCION,BAJA CALIFORNIA,3,BAJA CALIFORNIA SUR,9,LORETO,CONSTITUCION,"2,000 - 5,000"
2026-10-07,MDA,BCS,07PES-115,8,3236.8,3652.84,-416.04,0.0,07PES-115,Puerto Escondido,BAJA CALIFORNIA SUR,CONSTITUCION,115.0,LA PAZ,BAJA CALIFORNIA,CONSTITUCION,BAJA CALIFORNIA,3,BAJA CALIFORNIA SUR,9,LORETO,CONSTITUCION,"2,000 - 5,000"
2026-10-07,MDA,BCS,07PES-115,9,3441.27,3995.5,-554.23,0.0,07PES-115,Puerto Escondido,BAJA CALIFORNIA SUR,CONSTITUCION,115.0,LA PAZ,BAJA CALIFORNIA,CONSTITUCION,BAJA CALIFORNIA,3,BAJA CALIFORNIA SUR,9,LORETO,CONSTITUCION,"2,000 - 5,000"
2026-10-07,MDA,BCS,07PES-115,10,3900.66,4499.47,-598.81,0.0,07PES-115,Puerto Escondido,BAJA CALIFORNIA SUR,CONSTITUCION,115.0,LA PAZ,BAJA CALIFORNIA,CONSTITUCION,BAJA CALIFORNIA,3,BAJA CALIFORNIA SUR,9,LORETO,CONSTITUCION,"2,000 - 5,000"
2026-10-07,MDA,BCS,07PES-115,11,4211.72,4841.13,-629.4,0.0,07PES-115,Puerto Escondido,BAJA CALIFORNIA SUR,CONSTITUCION,115.0,LA PAZ,BAJA CALIFORNIA,CONSTITUCION,BAJA CALIFORNIA,3,BAJA CALIFORNIA SUR,9,LORETO,CONSTITUCION,"2,000 - 5,000"
2026-10-07,MDA,BCS,07PES-115,12,4223.27,4841.77,-618.51,0.0,07PES-115,Puerto Escondido,BAJA CALIFORNIA SUR,CONSTITUCION,115.0,LA PAZ,BAJA CALIFORNIA,CONSTITUCION,BAJA CALIFORNIA,3,BAJA CALIFORNIA SUR,9,LORETO,CONSTITUCION,"2,000 - 5,000"
2026-10-07,MDA,BCS,07PES-115,13,2933.87,3269.87,-336.0,0.0,07PES-115,Puerto Escondido,BAJA CALIFORNIA SUR,CONSTITUCION,115.0,LA PAZ,BAJA CALIFORNIA,CONSTITUCION,BAJA CALIFORNIA,3,BAJA CALIFORNIA SUR,9,LORETO,CONSTITUCION,"2,000 - 5,000"
2026-10-07,MDA,BCS,07PES-115,14,3952.53,4425.36,-472.83,0.0,07PES-115,Puerto Escondido,BAJA CALIFORNIA SUR,CONSTITUCION,115.0,LA PAZ,BAJA CALIFORNIA,CONSTITUCION,BAJA CALIFORNIA,3,BAJA CALIFORNIA SUR,9,LORETO,CONSTITUCION,"2,000 - 5,000"
2026-10-07,MDA,BCS,07PES-115,15,4321.71,4777.32,-455.61,0.0,07PES-115,Puerto Escondido,BAJA CALIFORNIA SUR,CONSTITUCION,115.0,LA PAZ,BAJA CALIFORNIA,CONSTITUCION,BAJA CALIFORNIA,3,BAJA CALIFORNIA SUR,9,LORETO,CONSTITUCION,"2,000 - 5,000"
2026-10-07,MDA,BCS,07PES-115,16,4689.49,5258.41,-568.92,0.0,07PES-115,Puerto Escondido,BAJA CALIFORNIA SUR,CONSTITUCION,115.0,LA PAZ,BAJA CALIFORNIA,CONSTITUCION,BAJA CALIFORNIA,3,BAJA CALIFORNIA SUR,9,LORETO,CONSTITUCION,"2,000 - 5,000"
2026-10-07,MDA,BCS,07PES-115,17,5415.38,6028.16,-612.78,0.0,07PES-115,Puerto Escondido,BAJA CALIFORNIA SUR,CONSTITUCION,115.0,LA PAZ,BAJA CALIFORNIA,CONSTITUCION,BAJA CALIFORNIA,3,BAJA CALIFORNIA SUR,9,LORETO,CONSTITUCION,"5,000 - 10,000"
2026-10-07,MDA,BCS,07PES-115,18,5321.23,5787.64,-466.41,0.0,07PES-115,Puerto Escondido,BAJA CALIFORNIA SUR,CONSTITUCION,115.0,LA PAZ,BAJA CALIFORNIA,CONSTITUCION,BAJA CALIFORNIA,3,BAJA CALIFORNIA SUR,9,LORETO,CONSTITUCION,"5,000 - 10,000"
2026-10-07,MDA,BCS,07PES-115,19,5083.6,5490.9,-407.3,0.0,07PES-115,Puerto Escondido,BAJA CALIFORNIA SUR,CONSTITUCION,115.0,LA PAZ,BAJA CALIFORNIA,CONSTITUCION,BAJA CALIFORNIA,3,BAJA CALIFORNIA SUR,9,LORETO,CONSTITUCION,"5,000 - 10,000"
2026-10-07,MDA,BCS,07PES-115,20,5159.14,5588.99,-429.85,0.0,07PES-115,Puerto Escondido,BAJA CALIFORNIA SUR,CONSTITUCION,115.0,LA PAZ,BAJA CALIFORNIA,CONSTITUCION,BAJA CALIFORNIA,3,BAJA CALIFORNIA SUR,9,LORETO,CONSTITUCION,"5,000 - 10,000"
2026-10-07,MDA,BCS,07PES-115,21,5100.16,5469.66,-369.5,0.0,07PES-115,Puerto Escondido,BAJA CALIFORNIA SUR,CONSTITUCION,115.0,LA PAZ,BAJA CALIFORNIA,CONSTITUCION,BAJA CALIFORNIA,3,BAJA CALIFORNIA SUR,9,LORETO,CONSTITUCION,"5,000 - 10,000"
2026-10-07,MDA,BCS,07PES-115,22,5088.25,5491.24,-402.99,0.0,07PES-115,Puerto Escondido,BAJA CALIFORNIA SUR,CONSTITUCION,115.0,LA PAZ,BAJA CALIFORNIA,CONSTITUCION,BAJA CALIFORNIA,3,BAJA CALIFORNIA SUR,9,LORETO,CONSTITUCION,"5,000 - 10,000"
2026-10-07,MDA,BCS,07PES-115,23,4865.23,5382.9,-517.67,0.0,07PES-115,Puerto Escondido,BAJA CALIFORNIA SUR,CONSTITUCION,115.0,LA PAZ,BAJA CALIFORNIA,CONSTITUCION,BAJA CALIFORNIA,3,BAJA CALIFORNIA SUR,9,LORETO,CONSTITUCION,"2,000 - 5,000"
2026-10-07,MDA,BCS,07PES-115,24,4893.37,5262.61,-369.24,0.0,07PES-115,Puerto Escondido,BAJA CALIFORNIA SUR,CONSTITUCION,115.0,LA PAZ,BAJA CALIFORNIA,CONSTITUCION,BAJA CALIFORNIA,3,BAJA CALIFORNIA SUR,9,LORETO,CONSTITUCION,"2,000 - 5,000"
2026-10-07,MDA,BCS,07PML-115,1,5421.38,5084.23,337.15,0.0,07PML-115,Palmilla,BAJA CALIFORNIA SUR,LOS CABOS,115.0,LA PAZ,BAJA CALIFORNIA,LOS CABOS,BAJA CALIFORNIA,3,BAJA CALIFORNIA SUR,8,LOS CABOS,LOS CABOS,"5,000 - 10,000"
2026-10-07,MDA,BCS,07PML-115,2,5559.46,5207.32,352.14,0.0,07PML-115,Palmilla,BAJA CALIFORNIA SUR,LOS CABOS,115.0,LA PAZ,BAJA CALIFORNIA,LOS CABOS,BAJA CALIFORNIA,3,BAJA CALIFORNIA SUR,8,LOS CABOS,LOS CABOS,"5,000 - 10,000"
2026-10-07,MDA,BCS,07PML-115,3,4330.4,4065.1,265.3,0.0,07PML-115,Palmilla,BAJA CALIFORNIA SUR,LOS CABOS,115.0,LA PAZ,BAJA CALIFORNIA,LOS CABOS,BAJA CALIFORNIA,3,BAJA CALIFORNIA SUR,8,LOS CABOS,LOS CABOS,"2,000 - 5,000"
2026-10-07,MDA,BCS,07PML-115,4,4710.69,4411.07,299.63,0.0,07PML-115,Palmilla,BAJA CALIFORNIA SUR,LOS CABOS,115.0,LA PAZ,BAJA CALIFORNIA,LOS CABOS,BAJA CALIFORNIA,3,BAJA CALIFORNIA SUR,8,LOS CABOS,LOS CABOS,"2,000 - 5,000"
2026-10-07,MDA,BCS,07PML-115,5,4886.85,4580.97,305.88,0.0,07PML-115,Palmilla,BAJA CALIFORNIA SUR,LOS CABOS,115.0,LA PAZ,BAJA CALIFORNIA,LOS CABOS,BAJA CALIFORNIA,3,BAJA CALIFORNIA SUR,8,LOS CABOS,LOS CABOS,"2,000 - 5,000"
2026-10-07,MDA,BCS,07PML-115,6,4113.39,3856.0,257.39,0.0,07PML-115,Palmilla,BAJA CALIFORNIA SUR,LOS CABOS,115.0,LA PAZ,BAJA CALIFORNIA,LOS CABOS,BAJA CALIFORNIA,3,BAJA CALIFORNIA SUR,8,LOS CABOS,LOS CABOS,"2,000 - 5,000"
2026-10-07,MDA,BCS,07PML-115,7,4268.02,3997.24,270.78,0.0,07PML-115,Palmilla,BAJA CALIFORNIA SUR,LOS CABOS,115.0,LA PAZ,BAJA CALIFORNIA,LOS CABOS,BAJA CALIFORNIA,3,BAJA CALIFORNIA SUR,8,LOS CABOS,LOS CABOS,"2,000 - 5,000"
2026-10-07,MDA,BCS,07PML-115,8,6152.21,3652.84,248.65,2250.73,07PML-115,Palmilla,BAJA CALIFORNIA SUR,LOS CABOS,115.0,LA PAZ,BAJA CALIFORNIA,LOS CABOS,BAJA CALIFORNIA,3,BAJA CALIFORNIA SUR,8,LOS CABOS,LOS CABOS,"5,000 - 10,000"
2026-10-07,MDA,BCS,07PML-115,9,6354.69,3995.5,275.14,2084.05,07PML-115,Palmilla,BAJA CALIFORNIA SUR,LOS CABOS,115.0,LA PAZ,BAJA CALIFORNIA,LOS CABOS,BAJA CALIFORNIA,3,BAJA CALIFORNIA SUR,8,LOS CABOS,LOS CABOS,"5,000 - 10,000"
2026-10-07,MDA,BCS,07PML-115,10,6503.65,4499.47,315.6,1688.58,07PML-115,Palmilla,BAJA CALIFORNIA SUR,LOS CABOS,115.0,LA PAZ,BAJA CALIFORNIA,LOS CABOS,BAJA CALIFORNIA,3,BAJA CALIFORNIA SUR,8,LOS CABOS,LOS CABOS,"5,000 - 10,000"
2026-10-07,MDA,BCS,07PML-115,11,6331.07,4841.13,344.53,1145.41,07PML-115,Palmilla,BAJA CALIFORNIA SUR,LOS CABOS,115.0,LA PAZ,BAJA CALIFORNIA,LOS CABOS,BAJA CALIFORNIA,3,BAJA CALIFORNIA SUR,8,LOS CABOS,LOS CABOS,"5,000 - 10,000"
2026-10-07,MDA,BCS,07PML-115,12,6096.43,4841.77,347.88,906.77,07PML-115,Palmilla,BAJA CALIFORNIA SUR,LOS CABOS,115.0,LA PAZ,BAJA CALIFORNIA,LOS CABOS,BAJA CALIFORNIA,3,BAJA CALIFORNIA SUR,8,LOS CABOS,LOS CABOS,"5,000 - 10,000"
2026-10-07,MDA,BCS,07PML-115,13,6665.38,3269.87,235.91,3159.6,07PML-115,Palmilla,BAJA CALIFORNIA SUR,LOS CABOS,115.0,LA PAZ,BAJA CALIFORNIA,LOS CABOS,BAJA CALIFORNIA,3,BAJA CALIFORNIA SUR,8,LOS CABOS,LOS CABOS,"5,000 - 10,000"
2026-10-07,MDA,BCS,07PML-115,14,6088.79,4425.36,319.05,1344.39,07PML-115,Palmilla,BAJA CALIFORNIA SUR,LOS CABOS,115.0,LA PAZ,BAJA CALIFORNIA,LOS CABOS,BAJA CALIFORNIA,3,BAJA CALIFORNIA SUR,8,LOS CABOS,LOS CABOS,"5,000 - 10,000"
2026-10-07,MDA,BCS,07PML-115,15,5480.5,4777.32,347.0,356.18,07PML-115,Palmilla,BAJA CALIFORNIA SUR,LOS CABOS,115.0,LA PAZ,BAJA CALIFORNIA,LOS CABOS,BAJA CALIFORNIA,3,BAJA CALIFORNIA SUR,8,LOS CABOS,LOS CABOS,"5,000 - 10,000"
2026-10-07,MDA,BCS,07PML-115,16,5620.11,5258.41,361.71,0.0,07PML-115,Palmilla,BAJA CALIFORNIA SUR,LOS CABOS,115.0,LA PAZ,BAJA CALIFORNIA,LOS CABOS,BAJA CALIFORNIA,3,BAJA CALIFORNIA SUR,8,LOS CABOS,LOS CABOS,"5,000 - 10,000"
2026-10-07,MDA,BCS,07PML-115,17,6408.85,6028.16,380.69,0.0,07PML-115,Palmilla,BAJA CALIFORNIA SUR,LOS CABOS,115.0,LA PAZ,BAJA CALIFORNIA,LOS CABOS,BAJA CALIFORNIA,3,BAJA CALIFORNIA SUR,8,LOS CABOS,LOS CABOS,"5,000 - 10,000"
2026-10-07,MDA,BCS,07PML-115,18,6127.71,5787.64,340.07,0.0,07PML-115,Palmilla,BAJA CALIFORNIA SUR,LOS CABOS,115.0,LA PAZ,BAJA CALIFORNIA,LOS CABOS,BAJA CALIFORNIA,3,BAJA CALIFORNIA SUR,8,LOS CABOS,LOS CABOS,"5,000 - 10,000"
2026-10-07,MDA,BCS,07PML-115,19,5823.5,5490.9,332.59,0.0,07PML-115,Palmilla,BAJA CALIFORNIA SUR,LOS CABOS,115.0,LA PAZ,BAJA CALIFORNIA,LOS CABOS,BAJA CALIFORNIA,3,BAJA CALIFORNIA SUR,8,LOS CABOS,LOS CABOS,"5,000 - 10,000"
2026-10-07,MDA,BCS,07PML-115,20,5934.3,5588.99,345.31,0.0,07PML-115,Palmilla,BAJA CALIFORNIA SUR,LOS CABOS,115.0,LA PAZ,BAJA CALIFORNIA,LOS CABOS,BAJA CALIFORNIA,3,BAJA CALIFORNIA SUR,8,LOS CABOS,LOS CABOS,"5,000 - 10,000"
2026-10-07,MDA,BCS,07PML-115,21,5811.81,5469.66,342.15,0.0,07PML-115,Palmilla,BAJA CALIFORNIA SUR,LOS CABOS,115.0,LA PAZ,BAJA CALIFORNIA,LOS CABOS,BAJA CALIFORNIA,3,BAJA CALIFORNIA SUR,8,LOS CABOS,LOS CABOS,"5,000 - 10,000"
2026-10-07,MDA,BCS,07PML-115,22,5840.34,5491.24,349.1,0.0,07PML-115,Palmilla,BAJA CALIFORNIA SUR,LOS CABOS,115.0,LA PAZ,BAJA CALIFORNIA,LOS CABOS,BAJA CALIFORNIA,3,BAJA CALIFORNIA SUR,8,LOS CABOS,LOS CABOS,"5,000 - 10,000"
2026-10-07,MDA,BCS,07PML-115,23,5734.77,5382.9,351.87,0.0,07PML-115,Palmilla,BAJA CALIFORNIA SUR,LOS CABOS,115.0,LA PAZ,BAJA CALIFORNIA,LOS CABOS,BAJA CALIFORNIA,3,BAJA CALIFORNIA SUR,8,LOS CABOS,LOS CABOS,"5,000 - 10,000"
2026-10-07,MDA,BCS,07PML-115,24,5605.12,5262.61,342.51,0.0,07PML-115,Palmilla,BAJA CALIFORNIA SUR,LOS CABOS,115.0,LA PAZ,BAJA CALIFORNIA,LOS CABOS,BAJA CALIFORNIA,3,BAJA CALIFORNIA SUR,8,LOS CABOS,LOS CABOS,"5,000 - 10,000"
2026-10-07,MDA,BCS,07PUP-115,1,4956.13,5084.23,-128.11,0.0,07PUP-115,Punta Prieta,BAJA CALIFORNIA SUR,LA PAZ,115.0,LA PAZ,BAJA CALIFORNIA,LA PAZ,BAJA CALIFORNIA,3,BAJA CALIFORNIA SUR,3,LA PAZ,LA PAZ,"2,000 - 5,000"
2026-10-07,MDA,BCS,07PUP-115,2,5076.84,5207.32,-130.48,0.0,07PUP-115,Punta Prieta,BAJA CALIFORNIA SUR,LA PAZ,115.0,LA PAZ,BAJA CALIFORNIA,LA PAZ,BAJA CALIFORNIA,3,BAJA CALIFORNIA SUR,3,LA PAZ,LA PAZ,"5,000 - 10,000"
2026-10-07,MDA,BCS,07PUP-115,3,3958.99,4065.1,-106.11,0.0,07PUP-115,Punta Prieta,BAJA CALIFORNIA SUR,LA PAZ,115.0,LA PAZ,BAJA CALIFORNIA,LA PAZ,BAJA CALIFORNIA,3,BAJA CALIFORNIA SUR,3,LA PAZ,LA PAZ,"2,000 - 5,000"
2026-10-07,MDA,BCS,07PUP-115,4,4297.78,4411.07,-113.29,0.0,07PUP-115,Punta Prieta,BAJA CALIFORNIA SUR,LA PAZ,115.0,LA PAZ,BAJA CALIFORNIA,LA PAZ,BAJA CALIFORNIA,3,BAJA CALIFORNIA SUR,3,LA PAZ,LA PAZ,"2,000 - 5,000"
2026-10-07,MDA,BCS,07PUP-115,5,4451.36,4580.97,-129.61,0.0,07PUP-115,Punta Prieta,BAJA CALIFORNIA SUR,LA PAZ,115.0,LA PAZ,BAJA CALIFORNIA,LA PAZ,BAJA CALIFORNIA,3,BAJA CALIFORNIA SUR,3,LA PAZ,LA PAZ,"2,000 - 5,000"
2026-10-07,MDA,BCS,07PUP-115,6,3744.08,3856.0,-111.92,0.0,07PUP-115,Punta Prieta,BAJA CALIFORNIA SUR,LA PAZ,115.0,LA PAZ,BAJA CALIFORNIA,LA PAZ,BAJA CALIFORNIA,3,BAJA CALIFORNIA SUR,3,LA PAZ,LA PAZ,"2,000 - 5,000"
2026-10-07,MDA,BCS,07PUP-115,7,3877.71,3997.24,-119.53,0.0,07PUP-115,Punta Prieta,BAJA CALIFORNIA SUR,LA PAZ,115.0,LA PAZ,BAJA CALIFORNIA,LA PAZ,BAJA CALIFORNIA,3,BAJA CALIFORNIA SUR,3,LA PAZ,LA PAZ,"2,000 - 5,000"
2026-10-07,MDA,BCS,07PUP-115,8,3545.72,3652.84,-107.11,0.0,07PUP-115,Punta Prieta,BAJA CALIFORNIA SUR,LA PAZ,115.0,LA PAZ,BAJA CALIFORNIA,LA PAZ,BAJA CALIFORNIA,3,BAJA CALIFORNIA SUR,3,LA PAZ,LA PAZ,"2,000 - 5,000"
2026-10-07,MDA,BCS,07PUP-115,9,3894.45,3995.5,-101.04,0.0,07PUP-115,Punta Prieta,BAJA CALIFORNIA SUR,LA PAZ,115.0,LA PAZ,BAJA CALIFORNIA,LA PAZ,BAJA CALIFORNIA,3,BAJA CALIFORNIA SUR,3,LA PAZ,LA PAZ,"2,000 - 5,000"
2026-10-07,MDA,BCS,07PUP-115,10,4390.76,4499.47,-108.71,0.0,07PUP-115,Punta Prieta,BAJA CALIFORNIA SUR,LA PAZ,115.0,LA PAZ,BAJA CALIFORNIA,LA PAZ,BAJA CALIFORNIA,3,BAJA CALIFORNIA SUR,3,LA PAZ,LA PAZ,"2,000 - 5,000"
2026-10-07,MDA,BCS,07PUP-115,11,4724.16,4841.13,-116.97,0.0,07PUP-115,Punta Prieta,BAJA CALIFORNIA SUR,LA PAZ,115.0,LA PAZ,BAJA CALIFORNIA,LA PAZ,BAJA CALIFORNIA,3,BAJA CALIFORNIA SUR,3,LA PAZ,LA PAZ,"2,000 - 5,000"
2026-10-07,MDA,BCS,07PUP-115,12,4735.06,4841.77,-106.71,0.0,07PUP-115,Punta Prieta,BAJA CALIFORNIA SUR,LA PAZ,115.0,LA PAZ,BAJA CALIFORNIA,LA PAZ,BAJA CALIFORNIA,3,BAJA CALIFORNIA SUR,3,LA PAZ,LA PAZ,"2,000 - 5,000"
2026-10-07,MDA,BCS,07PUP-115,13,3189.35,3269.87,-80.53,0.0,07PUP-115,Punta Prieta,BAJA CALIFORNIA SUR,LA PAZ,115.0,LA PAZ,BAJA CALIFORNIA,LA PAZ,BAJA CALIFORNIA,3,BAJA CALIFORNIA SUR,3,LA PAZ,LA PAZ,"2,000 - 5,000"
2026-10-07,MDA,BCS,07PUP-115,14,4326.47,4425.36,-98.89,0.0,07PUP-115,Punta Prieta,BAJA CALIFORNIA SUR,LA PAZ,115.0,LA PAZ,BAJA CALIFORNIA,LA PAZ,BAJA CALIFORNIA,3,BAJA CALIFORNIA SUR,3,LA PAZ,LA PAZ,"2,000 - 5,000"
2026-10-07,MDA,BCS,07PUP-115,15,4664.12,4777.32,-113.19,0.0,07PUP-115,Punta Prieta,BAJA CALIFORNIA SUR,LA PAZ,115.0,LA PAZ,BAJA CALIFORNIA,LA PAZ,BAJA CALIFORNIA,3,BAJA CALIFORNIA SUR,3,LA PAZ,LA PAZ,"2,000 - 5,000"
2026-10-07,MDA,BCS,07PUP-115,16,5148.56,5258.41,-109.84,0.0,07PUP-115,Punta Prieta,BAJA CALIFORNIA SUR,LA PAZ,115.0,LA PAZ,BAJA CALIFORNIA,LA PAZ,BAJA CALIFORNIA,3,BAJA CALIFORNIA SUR,3,LA PAZ,LA PAZ,"5,000 - 10,000"
2026-10-07,MDA,BCS,07PUP-115,17,5921.01,6028.16,-107.16,0.0,07PUP-115,Punta Prieta,BAJA CALIFORNIA SUR,LA PAZ,115.0,LA PAZ,BAJA CALIFORNIA,LA PAZ,BAJA CALIFORNIA,3,BAJA CALIFORNIA SUR,3,LA PAZ,LA PAZ,"5,000 - 10,000"
2026-10-07,MDA,BCS,07PUP-115,18,5689.85,5787.64,-97.79,0.0,07PUP-115,Punta Prieta,BAJA CALIFORNIA SUR,LA PAZ,115.0,LA PAZ,BAJA CALIFORNIA,LA PAZ,BAJA CALIFORNIA,3,BAJA CALIFORNIA SUR,3,LA PAZ,LA PAZ,"5,000 - 10,000"
2026-10-07,MDA,BCS,07PUP-115,19,5382.93,5490.9,-107.97,0.0,07PUP-115,Punta Prieta,BAJA CALIFORNIA SUR,LA PAZ,115.0,LA PAZ,BAJA CALIFORNIA,LA PAZ,BAJA CALIFORNIA,3,BAJA CALIFORNIA SUR,3,LA PAZ,LA PAZ,"5,000 - 10,000"
2026-10-07,MDA,BCS,07PUP-115,20,5477.23,5588.99,-111.76,0.0,07PUP-115,Punta Prieta,BAJA CALIFORNIA SUR,LA PAZ,115.0,LA PAZ,BAJA CALIFORNIA,LA PAZ,BAJA CALIFORNIA,3,BAJA CALIFORNIA SUR,3,LA PAZ,LA PAZ,"5,000 - 10,000"
2026-10-07,MDA,BCS,07PUP-115,21,5350.57,5469.66,-119.08,0.0,07PUP-115,Punta Prieta,BAJA CALIFORNIA SUR,LA PAZ,115.0,LA PAZ,BAJA CALIFORNIA,LA PAZ,BAJA CALIFORNIA,3,BAJA CALIFORNIA SUR,3,LA PAZ,LA PAZ,"5,000 - 10,000"
2026-10-07,MDA,BCS,07PUP-115,22,5364.77,5491.24,-126.47,0.0,07PUP-115,Punta Prieta,BAJA CALIFORNIA SUR,LA PAZ,115.0,LA PAZ,BAJA CALIFORNIA,LA PAZ,BAJA CALIFORNIA,3,BAJA CALIFORNIA SUR,3,LA PAZ,LA PAZ,"5,000 - 10,000"
2026-10-07,MDA,BCS,07PUP-115,23,5249.01,5382.9,-133.89,0.0,07PUP-115,Punta Prieta,BAJA CALIFORNIA SUR,LA PAZ,115.0,LA PAZ,BAJA CALIFORNIA,LA PAZ,BAJA CALIFORNIA,3,BAJA CALIFORNIA SUR,3,LA PAZ,LA PAZ,"5,000 - 10,000"
2026-10-07,MDA,BCS,07PUP-115,24,5121.52,5262.61,-141.09,0.0,07PUP-115,Punta Prieta,BAJA CALIFORNIA SUR,LA PAZ,115.0,LA PAZ,BAJA CALIFORNIA,LA PAZ,BAJA CALIFORNIA,3,BAJA CALIFORNIA SUR,3,LA PAZ,LA PAZ,"5,000 - 10,000"
2026-10-07,MDA,BCS,07RCO-115,1,5022.44,5084.23,-61.8,0.0,07RCO-115,El Recreo,BAJA CALIFORNIA SUR,LA PAZ,115.0,LA PAZ,BAJA CALIFORNIA,LA PAZ,BAJA CALIFORNIA,3,BAJA CALIFORNIA SUR,3,LA PAZ,LA PAZ,"5,000 - 10,000"
2026-10-07,MDA,BCS,07RCO-115,2,5139.91,5207.32,-67.41,0.0,07RCO-115,El Recreo,BAJA CALIFORNIA SUR,LA PAZ,115.0,LA PAZ,BAJA CALIFORNIA,LA PAZ,BAJA CALIFORNIA,3,BAJA CALIFORNIA SUR,3,LA PAZ,LA PAZ,"5,000 - 10,000"
2026-10-07,MDA,BCS,07RCO-115,3,4009.84,4065.1,-55.26,0.0,07RCO-115,El Recreo,BAJA CALIFORNIA SUR,LA PAZ,115.0,LA PAZ,BAJA CALIFORNIA,LA PAZ,BAJA CALIFORNIA,3,BAJA CALIFORNIA SUR,3,LA PAZ,LA PAZ,"2,000 - 5,000"
2026-10-07,MDA,BCS,07RCO-115,4,4347.96,4411.07,-63.11,0.0,07RCO-115,El Recreo,BAJA CALIFORNIA SUR,LA PAZ,115.0,LA PAZ,BAJA CALIFORNIA,LA PAZ,BAJA CALIFORNIA,3,BAJA CALIFORNIA SUR,3,LA PAZ,LA PAZ,"2,000 - 5,000"
2026-10-07,MDA,BCS,07RCO-115,5,4511.78,4580.97,-69.19,0.0,07RCO-115,El Recreo,BAJA CALIFORNIA SUR,LA PAZ,115.0,LA PAZ,BAJA CALIFORNIA,LA PAZ,BAJA CALIFORNIA,3,BAJA CALIFORNIA SUR,3,LA PAZ,LA PAZ,"2,000 - 5,000"
2026-10-07,MDA,BCS,07RCO-115,6,3795.43,3856.0,-60.58,0.0,07RCO-115,El Recreo,BAJA CALIFORNIA SUR,LA PAZ,115.0,LA PAZ,BAJA CALIFORNIA,LA PAZ,BAJA CALIFORNIA,3,BAJA CALIFORNIA SUR,3,LA PAZ,LA PAZ,"2,000 - 5,000"
2026-10-07,MDA,BCS,07RCO-115,7,3931.52,3997.24,-65.73,0.0,07RCO-115,El Recreo,BAJA CALIFORNIA SUR,LA PAZ,115.0,LA PAZ,BAJA CALIFORNIA,LA PAZ,BAJA CALIFORNIA,3,BAJA CALIFORNIA SUR,3,LA PAZ,LA PAZ,"2,000 - 5,000"
2026-10-07,MDA,BCS,07RCO-115,8,3593.35,3652.84,-59.48,0.0,07RCO-115,El Recreo,BAJA CALIFORNIA SUR,LA PAZ,115.0,LA PAZ,BAJA CALIFORNIA,LA PAZ,BAJA CALIFORNIA,3,BAJA CALIFORNIA SUR,3,LA PAZ,LA PAZ,"2,000 - 5,000"
2026-10-07,MDA,BCS,07RCO-115,9,3934.45,3995.5,-61.04,0.0,07RCO-115,El Recreo,BAJA CALIFORNIA SUR,LA PAZ,115.0,LA PAZ,BAJA CALIFORNIA,LA PAZ,BAJA CALIFORNIA,3,BAJA CALIFORNIA SUR,3,LA PAZ,LA PAZ,"2,000 - 5,000"
2026-10-07,MDA,BCS,07RCO-115,10,4433.33,4499.47,-66.14,0.0,07RCO-115,El Recreo,BAJA CALIFORNIA SUR,LA PAZ,115.0,LA PAZ,BAJA CALIFORNIA,LA PAZ,BAJA CALIFORNIA,3,BAJA CALIFORNIA SUR,3,LA PAZ,LA PAZ,"2,000 - 5,000"
2026-10-07,MDA,BCS,07RCO-115,11,4771.99,4841.13,-69.13,0.0,07RCO-115,El Recreo,BAJA CALIFORNIA SUR,LA PAZ,115.0,LA PAZ,BAJA CALIFORNIA,LA PAZ,BAJA CALIFORNIA,3,BAJA CALIFORNIA SUR,3,LA PAZ,LA PAZ,"2,000 - 5,000"
2026-10-07,MDA,BCS,07RCO-115,12,4778.89,4841.77,-62.88,0.0,07RCO-115,El Recreo,BAJA CALIFORNIA SUR,LA PAZ,115.0,LA PAZ,BAJA CALIFORNIA,LA PAZ,BAJA CALIFORNIA,3,BAJA CALIFORNIA SUR,3,LA PAZ,LA PAZ,"2,000 - 5,000"
2026-10-07,MDA,BCS,07RCO-115,13,3227.48,3269.87,-42.4,0.0,07RCO-115,El Recreo,BAJA CALIFORNIA SUR,LA PAZ,115.0,LA PAZ,BAJA CALIFORNIA,LA PAZ,BAJA CALIFORNIA,3,BAJA CALIFORNIA SUR,3,LA PAZ,LA PAZ,"2,000 - 5,000"
2026-10-07,MDA,BCS,07RCO-115,14,4375.87,4425.36,-49.49,0.0,07RCO-115,El Recreo,BAJA CALIFORNIA SUR,LA PAZ,115.0,LA PAZ,BAJA CALIFORNIA,LA PAZ,BAJA CALIFORNIA,3,BAJA CALIFORNIA SUR,3,LA PAZ,LA PAZ,"2,000 - 5,000"
2026-10-07,MDA,BCS,07RCO-115,15,4726.08,4777.32,-51.24,0.0,07RCO-115,El Recreo,BAJA CALIFORNIA SUR,LA PAZ,115.0,LA PAZ,BAJA CALIFORNIA,LA PAZ,BAJA CALIFORNIA,3,BAJA CALIFORNIA SUR,3,LA PAZ,LA PAZ,"2,000 - 5,000"
2026-10-07,MDA,BCS,07RCO-115,16,5214.84,5258.41,-43.56,0.0,07RCO-115,El Recreo,BAJA CALIFORNIA SUR,LA PAZ,115.0,LA PAZ,BAJA CALIFORNIA,LA PAZ,BAJA CALIFORNIA,3,BAJA CALIFORNIA SUR,3,LA PAZ,LA PAZ,"5,000 - 10,000"
2026-10-07,MDA,BCS,07RCO-115,17,5997.16,6028.16,-31.0,0.0,07RCO-115,El Recreo,BAJA CALIFORNIA SUR,LA PAZ,115.0,LA PAZ,BAJA CALIFORNIA,LA PAZ,BAJA CALIFORNIA,3,BAJA CALIFORNIA SUR,3,LA PAZ,LA PAZ,"5,000 - 10,000"
2026-10-07,MDA,BCS,07RCO-115,18,5767.54,5787.64,-20.1,0.0,07RCO-115,El Recreo,BAJA CALIFORNIA SUR,LA PAZ,115.0,LA PAZ,BAJA CALIFORNIA,LA PAZ,BAJA CALIFORNIA,3,BAJA CALIFORNIA SUR,3,LA PAZ,LA PAZ,"5,000 - 10,000"
2026-10-07,MDA,BCS,07RCO-115,19,5464.01,5490.9,-26.9,0.0,07RCO-115,El Recreo,BAJA CALIFORNIA SUR,LA PAZ,115.0,LA PAZ,BAJA CALIFORNIA,LA PAZ,BAJA CALIFORNIA,3,BAJA CALIFORNIA SUR,3,LA PAZ,LA PAZ,"5,000 - 10,000"
2026-10-07,MDA,BCS,07RCO-115,20,5558.12,5588.99,-30.87,0.0,07RCO-115,El Recreo,BAJA CALIFORNIA SUR,LA PAZ,115.0,LA PAZ,BAJA CALIFORNIA,LA PAZ,BAJA CALIFORNIA,3,BAJA CALIFORNIA SUR,3,LA PAZ,LA PAZ,"5,000 - 10,000"
2026-10-07,MDA,BCS,07RCO-115,21,5435.59,5469.66,-34.07,0.0,07RCO-115,El Recreo,BAJA CALIFORNIA SUR,LA PAZ,115.0,LA PAZ,BAJA CALIFORNIA,LA PAZ,BAJA CALIFORNIA,3,BAJA CALIFORNIA SUR,3,LA PAZ,LA PAZ,"5,000 - 10,000"
2026-10-07,MDA,BCS,07RCO-115,22,5451.22,5491.24,-40.02,0.0,07RCO-115,El Recreo,BAJA CALIFORNIA SUR,LA PAZ,115.0,LA PAZ,BAJA CALIFORNIA,LA PAZ,BAJA CALIFORNIA,3,BAJA CALIFORNIA SUR,3,LA PAZ,LA PAZ,"5,000 - 10,000"
2026-10-07,MDA,BCS,07RCO-115,23,5331.69,5382.9,-51.21,0.0,07RCO-115,El Recreo,BAJA CALIFORNIA SUR,LA PAZ,115.0,LA PAZ,BAJA CALIFORNIA,LA PAZ,BAJA CALIFORNIA,3,BAJA CALIFORNIA SUR,3,LA PAZ,LA PAZ,"5,000 - 10,000"
2026-10-07,MDA,BCS,07RCO-115,24,5207.31,5262.61,-55.3,0.0,07RCO-115,El Recreo,BAJA CALIFORNIA SUR,LA PAZ,115.0,LA PAZ,BAJA CALIFORNIA,LA PAZ,BAJA CALIFORNIA,3,BAJA CALIFORNIA SUR,3,LA PAZ,LA PAZ,"5,000 - 10,000"
2026-10-07,MDA,BCS,07RFO-115,1,4780.05,5084.23,-304.18,0.0,07RFO-115,Rofomex,BAJA CALIFORNIA SUR,LA PAZ,115.0,LA PAZ,BAJA CALIFORNIA,LA PAZ,BAJA CALIFORNIA,3,BAJA CALIFORNIA SUR,3,LA PAZ,LA PAZ,"2,000 - 5,000"
2026-10-07,MDA,BCS,07RFO-115,2,4884.87,5207.32,-322.45,0.0,07RFO-115,Rofomex,BAJA CALIFORNIA SUR,LA PAZ,115.0,LA PAZ,BAJA CALIFORNIA,LA PAZ,BAJA CALIFORNIA,3,BAJA CALIFORNIA SUR,3,LA PAZ,LA PAZ,"2,000 - 5,000"
2026-10-07,MDA,BCS,07RFO-115,3,3818.87,4065.1,-246.23,0.0,07RFO-115,Rofomex,BAJA CALIFORNIA SUR,LA PAZ,115.0,LA PAZ,BAJA CALIFORNIA,LA PAZ,BAJA CALIFORNIA,3,BAJA CALIFORNIA SUR,3,LA PAZ,LA PAZ,"2,000 - 5,000"
2026-10-07,MDA,BCS,07RFO-115,4,4124.9,4411.07,-286.16,0.0,07RFO-115,Rofomex,BAJA CALIFORNIA SUR,LA PAZ,115.0,LA PAZ,BAJA CALIFORNIA,LA PAZ,BAJA CALIFORNIA,3,BAJA CALIFORNIA SUR,3,LA PAZ,LA PAZ,"2,000 - 5,000"
2026-10-07,MDA,BCS,07RFO-115,5,4314.46,4580.97,-266.52,0.0,07RFO-115,Rofomex,BAJA CALIFORNIA SUR,LA PAZ,115.0,LA PAZ,BAJA CALIFORNIA,LA PAZ,BAJA CALIFORNIA,3,BAJA CALIFORNIA SUR,3,LA PAZ,LA PAZ,"2,000 - 5,000"
2026-10-07,MDA,BCS,07RFO-115,6,3625.18,3856.0,-230.82,0.0,07RFO-115,Rofomex,BAJA CALIFORNIA SUR,LA PAZ,115.0,LA PAZ,BAJA CALIFORNIA,LA PAZ,BAJA CALIFORNIA,3,BAJA CALIFORNIA SUR,3,LA PAZ,LA PAZ,"2,000 - 5,000"
2026-10-07,MDA,BCS,07RFO-115,7,3753.25,3997.24,-243.99,0.0,07RFO-115,Rofomex,BAJA CALIFORNIA SUR,LA PAZ,115.0,LA PAZ,BAJA CALIFORNIA,LA PAZ,BAJA CALIFORNIA,3,BAJA CALIFORNIA SUR,3,LA PAZ,LA PAZ,"2,000 - 5,000"
2026-10-07,MDA,BCS,07RFO-115,8,3438.04,3652.84,-214.8,0.0,07RFO-115,Rofomex,BAJA CALIFORNIA SUR,LA PAZ,115.0,LA PAZ,BAJA CALIFORNIA,LA PAZ,BAJA CALIFORNIA,3,BAJA CALIFORNIA SUR,3,LA PAZ,LA PAZ,"2,000 - 5,000"
2026-10-07,MDA,BCS,07RFO-115,9,3728.35,3995.5,-267.15,0.0,07RFO-115,Rofomex,BAJA CALIFORNIA SUR,LA PAZ,115.0,LA PAZ,BAJA CALIFORNIA,LA PAZ,BAJA CALIFORNIA,3,BAJA CALIFORNIA SUR,3,LA PAZ,LA PAZ,"2,000 - 5,000"
2026-10-07,MDA,BCS,07RFO-115,10,4218.59,4499.47,-280.88,0.0,07RFO-115,Rofomex,BAJA CALIFORNIA SUR,LA PAZ,115.0,LA PAZ,BAJA CALIFORNIA,LA PAZ,BAJA CALIFORNIA,3,BAJA CALIFORNIA SUR,3,LA PAZ,LA PAZ,"2,000 - 5,000"
2026-10-07,MDA,BCS,07RFO-115,11,4549.41,4841.13,-291.72,0.0,07RFO-115,Rofomex,BAJA CALIFORNIA SUR,LA PAZ,115.0,LA PAZ,BAJA CALIFORNIA,LA PAZ,BAJA CALIFORNIA,3,BAJA CALIFORNIA SUR,3,LA PAZ,LA PAZ,"2,000 - 5,000"
2026-10-07,MDA,BCS,07RFO-115,12,4548.37,4841.77,-293.4,0.0,07RFO-115,Rofomex,BAJA CALIFORNIA SUR,LA PAZ,115.0,LA PAZ,BAJA CALIFORNIA,LA PAZ,BAJA CALIFORNIA,3,BAJA CALIFORNIA SUR,3,LA PAZ,LA PAZ,"2,000 - 5,000"
2026-10-07,MDA,BCS,07RFO-115,13,3104.92,3269.87,-164.96,0.0,07RFO-115,Rofomex,BAJA CALIFORNIA SUR,LA PAZ,115.0,LA PAZ,BAJA CALIFORNIA,LA PAZ,BAJA CALIFORNIA,3,BAJA CALIFORNIA SUR,3,LA PAZ,LA PAZ,"2,000 - 5,000"
2026-10-07,MDA,BCS,07RFO-115,14,4196.35,4425.36,-229.01,0.0,07RFO-115,Rofomex,BAJA CALIFORNIA SUR,LA PAZ,115.0,LA PAZ,BAJA CALIFORNIA,LA PAZ,BAJA CALIFORNIA,3,BAJA CALIFORNIA SUR,3,LA PAZ,LA PAZ,"2,000 - 5,000"
2026-10-07,MDA,BCS,07RFO-115,15,4549.17,4777.32,-228.14,0.0,07RFO-115,Rofomex,BAJA CALIFORNIA SUR,LA PAZ,115.0,LA PAZ,BAJA CALIFORNIA,LA PAZ,BAJA CALIFORNIA,3,BAJA CALIFORNIA SUR,3,LA PAZ,LA PAZ,"2,000 - 5,000"
2026-10-07,MDA,BCS,07RFO-115,16,4984.04,5258.41,-274.37,0.0,07RFO-115,Rofomex,BAJA CALIFORNIA SUR,LA PAZ,115.0,LA PAZ,BAJA CALIFORNIA,LA PAZ,BAJA CALIFORNIA,3,BAJA CALIFORNIA SUR,3,LA PAZ,LA PAZ,"2,000 - 5,000"
2026-10-07,MDA,BCS,07RFO-115,17,5720.19,6028.16,-307.97,0.0,07RFO-115,Rofomex,BAJA CALIFORNIA SUR,LA PAZ,115.0,LA PAZ,BAJA CALIFORNIA,LA PAZ,BAJA CALIFORNIA,3,BAJA CALIFORNIA SUR,3,LA PAZ,LA PAZ,"5,000 - 10,000"
2026-10-07,MDA,BCS,07RFO-115,18,5541.3,5787.64,-246.34,0.0,07RFO-115,Rofomex,BAJA CALIFORNIA SUR,LA PAZ,115.0,LA PAZ,BAJA CALIFORNIA,LA PAZ,BAJA CALIFORNIA,3,BAJA CALIFORNIA SUR,3,LA PAZ,LA PAZ,"5,000 - 10,000"
2026-10-07,MDA,BCS,07RFO-115,19,5263.36,5490.9,-227.54,0.0,07RFO-115,Rofomex,BAJA CALIFORNIA SUR,LA PAZ,115.0,LA PAZ,BAJA CALIFORNIA,LA PAZ,BAJA CALIFORNIA,3,BAJA CALIFORNIA SUR,3,LA PAZ,LA PAZ,"5,000 - 10,000"
2026-10-07,MDA,BCS,07RFO-115,20,5347.05,5588.99,-241.94,0.0,07RFO-115,Rofomex,BAJA CALIFORNIA SUR,LA PAZ,115.0,LA PAZ,BAJA CALIFORNIA,LA PAZ,BAJA CALIFORNIA,3,BAJA CALIFORNIA SUR,3,LA PAZ,LA PAZ,"5,000 - 10,000"
2026-10-07,MDA,BCS,07RFO-115,21,5268.79,5469.66,-200.87,0.0,07RFO-115,Rofomex,BAJA CALIFORNIA SUR,LA PAZ,115.0,LA PAZ,BAJA CALIFORNIA,LA PAZ,BAJA CALIFORNIA,3,BAJA CALIFORNIA SUR,3,LA PAZ,LA PAZ,"5,000 - 10,000"
2026-10-07,MDA,BCS,07RFO-115,22,5274.96,5491.24,-216.28,0.0,07RFO-115,Rofomex,BAJA CALIFORNIA SUR,LA PAZ,115.0,LA PAZ,BAJA CALIFORNIA,LA PAZ,BAJA CALIFORNIA,3,BAJA CALIFORNIA SUR,3,LA PAZ,LA PAZ,"5,000 - 10,000"
2026-10-07,MDA,BCS,07RFO-115,23,5116.95,5382.9,-265.95,0.0,07RFO-115,Rofomex,BAJA CALIFORNIA SUR,LA PAZ,115.0,LA PAZ,BAJA CALIFORNIA,LA PAZ,BAJA CALIFORNIA,3,BAJA CALIFORNIA SUR,3,LA PAZ,LA PAZ,"5,000 - 10,000"
2026-10-07,MDA,BCS,07RFO-115,24,5081.09,5262.61,-181.52,0.0,07RFO-115,Rofomex,BAJA CALIFORNIA SUR,LA PAZ,115.0,LA PAZ,BAJA CALIFORNIA,LA PAZ,BAJA CALIFORNIA,3,BAJA CALIFORNIA SUR,3,LA PAZ,LA PAZ,"5,000 - 10,000"
2026-10-07,MDA,BCS,07SJC-115,1,5437.52,5084.23,353.29,0.0,07SJC-115,San Jose del Cabo,BAJA CALIFORNIA SUR,LOS CABOS,115.0,LA PAZ,BAJA CALIFORNIA,LOS CABOS,BAJA CALIFORNIA,3,BAJA CALIFORNIA SUR,8,LOS CABOS,LOS CABOS,"5,000 - 10,000"
2026-10-07,MDA,BCS,07SJC-115,2,5575.44,5207.32,368.11,0.0,07SJC-115,San Jose del Cabo,BAJA CALIFORNIA SUR,LOS CABOS,115.0,LA PAZ,BAJA CALIFORNIA,LOS CABOS,BAJA CALIFORNIA,3,BAJA CALIFORNIA SUR,8,LOS CABOS,LOS CABOS,"5,000 - 10,000"
2026-10-07,MDA,BCS,07SJC-115,3,4342.37,4065.1,277.28,0.0,07SJC-115,San Jose del Cabo,BAJA CALIFORNIA SUR,LOS CABOS,115.0,LA PAZ,BAJA CALIFORNIA,LOS CABOS,BAJA CALIFORNIA,3,BAJA CALIFORNIA SUR,8,LOS CABOS,LOS CABOS,"2,000 - 5,000"
2026-10-07,MDA,BCS,07SJC-115,4,4723.95,4411.07,312.88,0.0,07SJC-115,San Jose del Cabo,BAJA CALIFORNIA SUR,LOS CABOS,115.0,LA PAZ,BAJA CALIFORNIA,LOS CABOS,BAJA CALIFORNIA,3,BAJA CALIFORNIA SUR,8,LOS CABOS,LOS CABOS,"2,000 - 5,000"
2026-10-07,MDA,BCS,07SJC-115,5,4900.2,4580.97,319.22,0.0,07SJC-115,San Jose del Cabo,BAJA CALIFORNIA SUR,LOS CABOS,115.0,LA PAZ,BAJA CALIFORNIA,LOS CABOS,BAJA CALIFORNIA,3,BAJA CALIFORNIA SUR,8,LOS CABOS,LOS CABOS,"2,000 - 5,000"
2026-10-07,MDA,BCS,07SJC-115,6,4124.59,3856.0,268.59,0.0,07SJC-115,San Jose del Cabo,BAJA CALIFORNIA SUR,LOS CABOS,115.0,LA PAZ,BAJA CALIFORNIA,LOS CABOS,BAJA CALIFORNIA,3,BAJA CALIFORNIA SUR,8,LOS CABOS,LOS CABOS,"2,000 - 5,000"
2026-10-07,MDA,BCS,07SJC-115,7,4279.23,3997.24,281.99,0.0,07SJC-115,San Jose del Cabo,BAJA CALIFORNIA SUR,LOS CABOS,115.0,LA PAZ,BAJA CALIFORNIA,LOS CABOS,BAJA CALIFORNIA,3,BAJA CALIFORNIA SUR,8,LOS CABOS,LOS CABOS,"2,000 - 5,000"
2026-10-07,MDA,BCS,07SJC-115,8,6162.79,3652.84,259.22,2250.73,07SJC-115,San Jose del Cabo,BAJA CALIFORNIA SUR,LOS CABOS,115.0,LA PAZ,BAJA CALIFORNIA,LOS CABOS,BAJA CALIFORNIA,3,BAJA CALIFORNIA SUR,8,LOS CABOS,LOS CABOS,"5,000 - 10,000"
2026-10-07,MDA,BCS,07SJC-115,9,6367.25,3995.5,287.71,2084.05,07SJC-115,San Jose del Cabo,BAJA CALIFORNIA SUR,LOS CABOS,115.0,LA PAZ,BAJA CALIFORNIA,LOS CABOS,BAJA CALIFORNIA,3,BAJA CALIFORNIA SUR,8,LOS CABOS,LOS CABOS,"5,000 - 10,000"
2026-10-07,MDA,BCS,07SJC-115,10,6519.17,4499.47,331.13,1688.58,07SJC-115,San Jose del Cabo,BAJA CALIFORNIA SUR,LOS CABOS,115.0,LA PAZ,BAJA CALIFORNIA,LOS CABOS,BAJA CALIFORNIA,3,BAJA CALIFORNIA SUR,8,LOS CABOS,LOS CABOS,"5,000 - 10,000"
2026-10-07,MDA,BCS,07SJC-115,11,6348.82,4841.13,362.28,1145.41,07SJC-115,San Jose del Cabo,BAJA CALIFORNIA SUR,LOS CABOS,115.0,LA PAZ,BAJA CALIFORNIA,LOS CABOS,BAJA CALIFORNIA,3,BAJA CALIFORNIA SUR,8,LOS CABOS,LOS CABOS,"5,000 - 10,000"
2026-10-07,MDA,BCS,07SJC-115,12,6115.05,4841.77,366.51,906.77,07SJC-115,San Jose del Cabo,BAJA CALIFORNIA SUR,LOS CABOS,115.0,LA PAZ,BAJA CALIFORNIA,LOS CABOS,BAJA CALIFORNIA,3,BAJA CALIFORNIA SUR,8,LOS CABOS,LOS CABOS,"5,000 - 10,000"
2026-10-07,MDA,BCS,07SJC-115,13,6678.38,3269.87,248.9,3159.6,07SJC-115,San Jose del Cabo,BAJA CALIFORNIA SUR,LOS CABOS,115.0,LA PAZ,BAJA CALIFORNIA,LOS CABOS,BAJA CALIFORNIA,3,BAJA CALIFORNIA SUR,8,LOS CABOS,LOS CABOS,"5,000 - 10,000"
2026-10-07,MDA,BCS,07SJC-115,14,6106.46,4425.36,336.71,1344.39,07SJC-115,San Jose del Cabo,BAJA CALIFORNIA SUR,LOS CABOS,115.0,LA PAZ,BAJA CALIFORNIA,LOS CABOS,BAJA CALIFORNIA,3,BAJA CALIFORNIA SUR,8,LOS CABOS,LOS CABOS,"5,000 - 10,000"
2026-10-07,MDA,BCS,07SJC-115,15,5499.66,4777.32,366.16,356.18,07SJC-115,San Jose del Cabo,BAJA CALIFORNIA SUR,LOS CABOS,115.0,LA PAZ,BAJA CALIFORNIA,LOS CABOS,BAJA CALIFORNIA,3,BAJA CALIFORNIA SUR,8,LOS CABOS,LOS CABOS,"5,000 - 10,000"
2026-10-07,MDA,BCS,07SJC-115,16,5640.77,5258.41,382.37,0.0,07SJC-115,San Jose del Cabo,BAJA CALIFORNIA SUR,LOS CABOS,115.0,LA PAZ,BAJA CALIFORNIA,LOS CABOS,BAJA CALIFORNIA,3,BAJA CALIFORNIA SUR,8,LOS CABOS,LOS CABOS,"5,000 - 10,000"
2026-10-07,MDA,BCS,07SJC-115,17,6432.02,6028.16,403.86,0.0,07SJC-115,San Jose del Cabo,BAJA CALIFORNIA SUR,LOS CABOS,115.0,LA PAZ,BAJA CALIFORNIA,LOS CABOS,BAJA CALIFORNIA,3,BAJA CALIFORNIA SUR,8,LOS CABOS,LOS CABOS,"5,000 - 10,000"
2026-10-07,MDA,BCS,07SJC-115,18,6148.98,5787.64,361.34,0.0,07SJC-115,San Jose del Cabo,BAJA CALIFORNIA SUR,LOS CABOS,115.0,LA PAZ,BAJA CALIFORNIA,LOS CABOS,BAJA CALIFORNIA,3,BAJA CALIFORNIA SUR,8,LOS CABOS,LOS CABOS,"5,000 - 10,000"
2026-10-07,MDA,BCS,07SJC-115,19,5843.44,5490.9,352.54,0.0,07SJC-115,San Jose del Cabo,BAJA CALIFORNIA SUR,LOS CABOS,115.0,LA PAZ,BAJA CALIFORNIA,LOS CABOS,BAJA CALIFORNIA,3,BAJA CALIFORNIA SUR,8,LOS CABOS,LOS CABOS,"5,000 - 10,000"
2026-10-07,MDA,BCS,07SJC-115,20,5955.81,5588.99,366.82,0.0,07SJC-115,San Jose del Cabo,BAJA CALIFORNIA SUR,LOS CABOS,115.0,LA PAZ,BAJA CALIFORNIA,LOS CABOS,BAJA CALIFORNIA,3,BAJA CALIFORNIA SUR,8,LOS CABOS,LOS CABOS,"5,000 - 10,000"
2026-10-07,MDA,BCS,07SJC-115,21,5832.55,5469.66,362.9,0.0,07SJC-115,San Jose del Cabo,BAJA CALIFORNIA SUR,LOS CABOS,115.0,LA PAZ,BAJA CALIFORNIA,LOS CABOS,BAJA CALIFORNIA,3,BAJA CALIFORNIA SUR,8,LOS CABOS,LOS CABOS,"5,000 - 10,000"
2026-10-07,MDA,BCS,07SJC-115,22,5860.84,5491.24,369.61,0.0,07SJC-115,San Jose del Cabo,BAJA CALIFORNIA SUR,LOS CABOS,115.0,LA PAZ,BAJA CALIFORNIA,LOS CABOS,BAJA CALIFORNIA,3,BAJA CALIFORNIA SUR,8,LOS CABOS,LOS CABOS,"5,000 - 10,000"
2026-10-07,MDA,BCS,07SJC-115,23,5754.28,5382.9,371.38,0.0,07SJC-115,San Jose del Cabo,BAJA CALIFORNIA SUR,LOS CABOS,115.0,LA PAZ,BAJA CALIFORNIA,LOS CABOS,BAJA CALIFORNIA,3,BAJA CALIFORNIA SUR,8,LOS CABOS,LOS CABOS,"5,000 - 10,000"
2026-10-07,MDA,BCS,07SJC-115,24,5622.88,5262.61,360.28,0.0,07SJC-115,San Jose del Cabo,BAJA CALIFORNIA SUR,LOS CABOS,115.0,LA PAZ,BAJA CALIFORNIA,LOS CABOS,BAJA CALIFORNIA,3,BAJA CALIFORNIA SUR,8,LOS CABOS,LOS CABOS,"5,000 - 10,000"
2026-10-07,MDA,BCS,07SNT-115,1,5276.36,5084.23,192.13,0.0,07SNT-115,Santiago,BAJA CALIFORNIA SUR,LOS CABOS,115.0,LA PAZ,BAJA CALIFORNIA,LOS CABOS,BAJA CALIFORNIA,3,BAJA CALIFORNIA SUR,8,LOS CABOS,LOS CABOS,"5,000 - 10,000"
2026-10-07,MDA,BCS,07SNT-115,2,5401.33,5207.32,194.01,0.0,07SNT-115,Santiago,BAJA CALIFORNIA SUR,LOS CABOS,115.0,LA PAZ,BAJA CALIFORNIA,LOS CABOS,BAJA CALIFORNIA,3,BAJA CALIFORNIA SUR,8,LOS CABOS,LOS CABOS,"5,000 - 10,000"
2026-10-07,MDA,BCS,07SNT-115,3,4207.07,4065.1,141.97,0.0,07SNT-115,Santiago,BAJA CALIFORNIA SUR,LOS CABOS,115.0,LA PAZ,BAJA CALIFORNIA,LOS CABOS,BAJA CALIFORNIA,3,BAJA CALIFORNIA SUR,8,LOS CABOS,LOS CABOS,"2,000 - 5,000"
2026-10-07,MDA,BCS,07SNT-115,4,4572.02,4411.07,160.95,0.0,07SNT-115,Santiago,BAJA CALIFORNIA SUR,LOS CABOS,115.0,LA PAZ,BAJA CALIFORNIA,LOS CABOS,BAJA CALIFORNIA,3,BAJA CALIFORNIA SUR,8,LOS CABOS,LOS CABOS,"2,000 - 5,000"
2026-10-07,MDA,BCS,07SNT-115,5,4734.75,4580.97,153.78,0.0,07SNT-115,Santiago,BAJA CALIFORNIA SUR,LOS CABOS,115.0,LA PAZ,BAJA CALIFORNIA,LOS CABOS,BAJA CALIFORNIA,3,BAJA CALIFORNIA SUR,8,LOS CABOS,LOS CABOS,"2,000 - 5,000"
2026-10-07,MDA,BCS,07SNT-115,6,3983.23,3856.0,127.23,0.0,07SNT-115,Santiago,BAJA CALIFORNIA SUR,LOS CABOS,115.0,LA PAZ,BAJA CALIFORNIA,LOS CABOS,BAJA CALIFORNIA,3,BAJA CALIFORNIA SUR,8,LOS CABOS,LOS CABOS,"2,000 - 5,000"
2026-10-07,MDA,BCS,07SNT-115,7,4127.52,3997.24,130.28,0.0,07SNT-115,Santiago,BAJA CALIFORNIA SUR,LOS CABOS,115.0,LA PAZ,BAJA CALIFORNIA,LOS CABOS,BAJA CALIFORNIA,3,BAJA CALIFORNIA SUR,8,LOS CABOS,LOS CABOS,"2,000 - 5,000"
2026-10-07,MDA,BCS,07SNT-115,8,6028.12,3652.84,124.55,2250.73,07SNT-115,Santiago,BAJA CALIFORNIA SUR,LOS CABOS,115.0,LA PAZ,BAJA CALIFORNIA,LOS CABOS,BAJA CALIFORNIA,3,BAJA CALIFORNIA SUR,8,LOS CABOS,LOS CABOS,"5,000 - 10,000"
2026-10-07,MDA,BCS,07SNT-115,9,6236.97,3995.5,157.43,2084.05,07SNT-115,Santiago,BAJA CALIFORNIA SUR,LOS CABOS,115.0,LA PAZ,BAJA CALIFORNIA,LOS CABOS,BAJA CALIFORNIA,3,BAJA CALIFORNIA SUR,8,LOS CABOS,LOS CABOS,"5,000 - 10,000"
2026-10-07,MDA,BCS,07SNT-115,10,6376.7,4499.47,188.65,1688.58,07SNT-115,Santiago,BAJA CALIFORNIA SUR,LOS CABOS,115.0,LA PAZ,BAJA CALIFORNIA,LOS CABOS,BAJA CALIFORNIA,3,BAJA CALIFORNIA SUR,8,LOS CABOS,LOS CABOS,"5,000 - 10,000"
2026-10-07,MDA,BCS,07SNT-115,11,6193.81,4841.13,207.27,1145.41,07SNT-115,Santiago,BAJA CALIFORNIA SUR,LOS CABOS,115.0,LA PAZ,BAJA CALIFORNIA,LOS CABOS,BAJA CALIFORNIA,3,BAJA CALIFORNIA SUR,8,LOS CABOS,LOS CABOS,"5,000 - 10,000"
2026-10-07,MDA,BCS,07SNT-115,12,5966.21,4841.77,217.66,906.77,07SNT-115,Santiago,BAJA CALIFORNIA SUR,LOS CABOS,115.0,LA PAZ,BAJA CALIFORNIA,LOS CABOS,BAJA CALIFORNIA,3,BAJA CALIFORNIA SUR,8,LOS CABOS,LOS CABOS,"5,000 - 10,000"
2026-10-07,MDA,BCS,07SNT-115,13,6572.81,3269.87,143.34,3159.6,07SNT-115,Santiago,BAJA CALIFORNIA SUR,LOS CABOS,115.0,LA PAZ,BAJA CALIFORNIA,LOS CABOS,BAJA CALIFORNIA,3,BAJA CALIFORNIA SUR,8,LOS CABOS,LOS CABOS,"5,000 - 10,000"
2026-10-07,MDA,BCS,07SNT-115,14,5973.39,4425.36,203.64,1344.39,07SNT-115,Santiago,BAJA CALIFORNIA SUR,LOS CABOS,115.0,LA PAZ,BAJA CALIFORNIA,LOS CABOS,BAJA CALIFORNIA,3,BAJA CALIFORNIA SUR,8,LOS CABOS,LOS CABOS,"5,000 - 10,000"
2026-10-07,MDA,BCS,07SNT-115,15,5352.99,4777.32,219.49,356.18,07SNT-115,Santiago,BAJA CALIFORNIA SUR,LOS CABOS,115.0,LA PAZ,BAJA CALIFORNIA,LOS CABOS,BAJA CALIFORNIA,3,BAJA CALIFORNIA SUR,8,LOS CABOS,LOS CABOS,"5,000 - 10,000"
2026-10-07,MDA,BCS,07SNT-115,16,5502.8,5258.41,244.39,0.0,07SNT-115,Santiago,BAJA CALIFORNIA SUR,LOS CABOS,115.0,LA PAZ,BAJA CALIFORNIA,LOS CABOS,BAJA CALIFORNIA,3,BAJA CALIFORNIA SUR,8,LOS CABOS,LOS CABOS,"5,000 - 10,000"
2026-10-07,MDA,BCS,07SNT-115,17,6309.36,6028.16,281.2,0.0,07SNT-115,Santiago,BAJA CALIFORNIA SUR,LOS CABOS,115.0,LA PAZ,BAJA CALIFORNIA,LOS CABOS,BAJA CALIFORNIA,3,BAJA CALIFORNIA SUR,8,LOS CABOS,LOS CABOS,"5,000 - 10,000"
2026-10-07,MDA,BCS,07SNT-115,18,6045.4,5787.64,257.76,0.0,07SNT-115,Santiago,BAJA CALIFORNIA SUR,LOS CABOS,115.0,LA PAZ,BAJA CALIFORNIA,LOS CABOS,BAJA CALIFORNIA,3,BAJA CALIFORNIA SUR,8,LOS CABOS,LOS CABOS,"5,000 - 10,000"
2026-10-07,MDA,BCS,07SNT-115,19,5733.65,5490.9,242.74,0.0,07SNT-115,Santiago,BAJA CALIFORNIA SUR,LOS CABOS,115.0,LA PAZ,BAJA CALIFORNIA,LOS CABOS,BAJA CALIFORNIA,3,BAJA CALIFORNIA SUR,8,LOS CABOS,LOS CABOS,"5,000 - 10,000"
2026-10-07,MDA,BCS,07SNT-115,20,5846.69,5588.99,257.71,0.0,07SNT-115,Santiago,BAJA CALIFORNIA SUR,LOS CABOS,115.0,LA PAZ,BAJA CALIFORNIA,LOS CABOS,BAJA CALIFORNIA,3,BAJA CALIFORNIA SUR,8,LOS CABOS,LOS CABOS,"5,000 - 10,000"
2026-10-07,MDA,BCS,07SNT-115,21,5713.64,5469.66,243.99,0.0,07SNT-115,Santiago,BAJA CALIFORNIA SUR,LOS CABOS,115.0,LA PAZ,BAJA CALIFORNIA,LOS CABOS,BAJA CALIFORNIA,3,BAJA CALIFORNIA SUR,8,LOS CABOS,LOS CABOS,"5,000 - 10,000"
2026-10-07,MDA,BCS,07SNT-115,22,5725.71,5491.24,234.47,0.0,07SNT-115,Santiago,BAJA CALIFORNIA SUR,LOS CABOS,115.0,LA PAZ,BAJA CALIFORNIA,LOS CABOS,BAJA CALIFORNIA,3,BAJA CALIFORNIA SUR,8,LOS CABOS,LOS CABOS,"5,000 - 10,000"
2026-10-07,MDA,BCS,07SNT-115,23,5601.0,5382.9,218.1,0.0,07SNT-115,Santiago,BAJA CALIFORNIA SUR,LOS CABOS,115.0,LA PAZ,BAJA CALIFORNIA,LOS CABOS,BAJA CALIFORNIA,3,BAJA CALIFORNIA SUR,8,LOS CABOS,LOS CABOS,"5,000 - 10,000"
2026-10-07,MDA,BCS,07SNT-115,24,5459.48,5262.61,196.88,0.0,07SNT-115,Santiago,BAJA CALIFORNIA SUR,LOS CABOS,115.0,LA PAZ,BAJA CALIFORNIA,LOS CABOS,BAJA CALIFORNIA,3,BAJA CALIFORNIA SUR,8,LOS CABOS,LOS CABOS,"5,000 - 10,000"
2026-10-07,MDA,BCS,07TCB-115,1,5344.75,5084.23,260.51,0.0,07TCB-115,Turbogas Los Cabos,BAJA CALIFORNIA SUR,LOS CABOS,115.0,LA PAZ,BAJA CALIFORNIA,LOS CABOS,BAJA CALIFORNIA,3,BAJA CALIFORNIA SUR,8,LOS CABOS,LOS CABOS,"5,000 - 10,000"
2026-10-07,MDA,BCS,07TCB-115,2,5483.9,5207.32,276.58,0.0,07TCB-115,Turbogas Los Cabos,BAJA CALIFORNIA SUR,LOS CABOS,115.0,LA PAZ,BAJA CALIFORNIA,LOS CABOS,BAJA CALIFORNIA,3,BAJA CALIFORNIA SUR,8,LOS CABOS,LOS CABOS,"5,000 - 10,000"
2026-10-07,MDA,BCS,07TCB-115,3,4272.47,4065.1,207.37,0.0,07TCB-115,Turbogas Los Cabos,BAJA CALIFORNIA SUR,LOS CABOS,115.0,LA PAZ,BAJA CALIFORNIA,LOS CABOS,BAJA CALIFORNIA,3,BAJA CALIFORNIA SUR,8,LOS CABOS,LOS CABOS,"2,000 - 5,000"
2026-10-07,MDA,BCS,07TCB-115,4,4651.8,4411.07,240.73,0.0,07TCB-115,Turbogas Los Cabos,BAJA CALIFORNIA SUR,LOS CABOS,115.0,LA PAZ,BAJA CALIFORNIA,LOS CABOS,BAJA CALIFORNIA,3,BAJA CALIFORNIA SUR,8,LOS CABOS,LOS CABOS,"2,000 - 5,000"
2026-10-07,MDA,BCS,07TCB-115,5,4826.72,4580.97,245.74,0.0,07TCB-115,Turbogas Los Cabos,BAJA CALIFORNIA SUR,LOS CABOS,115.0,LA PAZ,BAJA CALIFORNIA,LOS CABOS,BAJA CALIFORNIA,3,BAJA CALIFORNIA SUR,8,LOS CABOS,LOS CABOS,"2,000 - 5,000"
2026-10-07,MDA,BCS,07TCB-115,6,4062.88,3856.0,206.88,0.0,07TCB-115,Turbogas Los Cabos,BAJA CALIFORNIA SUR,LOS CABOS,115.0,LA PAZ,BAJA CALIFORNIA,LOS CABOS,BAJA CALIFORNIA,3,BAJA CALIFORNIA SUR,8,LOS CABOS,LOS CABOS,"2,000 - 5,000"
2026-10-07,MDA,BCS,07TCB-115,7,4217.67,3997.24,220.43,0.0,07TCB-115,Turbogas Los Cabos,BAJA CALIFORNIA SUR,LOS CABOS,115.0,LA PAZ,BAJA CALIFORNIA,LOS CABOS,BAJA CALIFORNIA,3,BAJA CALIFORNIA SUR,8,LOS CABOS,LOS CABOS,"2,000 - 5,000"
2026-10-07,MDA,BCS,07TCB-115,8,6105.14,3652.84,201.58,2250.73,07TCB-115,Turbogas Los Cabos,BAJA CALIFORNIA SUR,LOS CABOS,115.0,LA PAZ,BAJA CALIFORNIA,LOS CABOS,BAJA CALIFORNIA,3,BAJA CALIFORNIA SUR,8,LOS CABOS,LOS CABOS,"5,000 - 10,000"
2026-10-07,MDA,BCS,07TCB-115,9,6299.05,3995.5,219.51,2084.05,07TCB-115,Turbogas Los Cabos,BAJA CALIFORNIA SUR,LOS CABOS,115.0,LA PAZ,BAJA CALIFORNIA,LOS CABOS,BAJA CALIFORNIA,3,BAJA CALIFORNIA SUR,8,LOS CABOS,LOS CABOS,"5,000 - 10,000"
2026-10-07,MDA,BCS,07TCB-115,10,6432.09,4499.47,244.04,1688.58,07TCB-115,Turbogas Los Cabos,BAJA CALIFORNIA SUR,LOS CABOS,115.0,LA PAZ,BAJA CALIFORNIA,LOS CABOS,BAJA CALIFORNIA,3,BAJA CALIFORNIA SUR,8,LOS CABOS,LOS CABOS,"5,000 - 10,000"
2026-10-07,MDA,BCS,07TCB-115,11,6245.44,4841.13,258.91,1145.41,07TCB-115,Turbogas Los Cabos,BAJA CALIFORNIA SUR,LOS CABOS,115.0,LA PAZ,BAJA CALIFORNIA,LOS CABOS,BAJA CALIFORNIA,3,BAJA CALIFORNIA SUR,8,LOS CABOS,LOS CABOS,"5,000 - 10,000"
2026-10-07,MDA,BCS,07TCB-115,12,6004.89,4841.77,256.34,906.77,07TCB-115,Turbogas Los Cabos,BAJA CALIFORNIA SUR,LOS CABOS,115.0,LA PAZ,BAJA CALIFORNIA,LOS CABOS,BAJA CALIFORNIA,3,BAJA CALIFORNIA SUR,8,LOS CABOS,LOS CABOS,"5,000 - 10,000"
2026-10-07,MDA,BCS,07TCB-115,13,6602.37,3269.87,172.9,3159.6,07TCB-115,Turbogas Los Cabos,BAJA CALIFORNIA SUR,LOS CABOS,115.0,LA PAZ,BAJA CALIFORNIA,LOS CABOS,BAJA CALIFORNIA,3,BAJA CALIFORNIA SUR,8,LOS CABOS,LOS CABOS,"5,000 - 10,000"
2026-10-07,MDA,BCS,07TCB-115,14,5998.64,4425.36,228.89,1344.39,07TCB-115,Turbogas Los Cabos,BAJA CALIFORNIA SUR,LOS CABOS,115.0,LA PAZ,BAJA CALIFORNIA,LOS CABOS,BAJA CALIFORNIA,3,BAJA CALIFORNIA SUR,8,LOS CABOS,LOS CABOS,"5,000 - 10,000"
2026-10-07,MDA,BCS,07TCB-115,15,5378.78,4777.32,245.28,356.18,07TCB-115,Turbogas Los Cabos,BAJA CALIFORNIA SUR,LOS CABOS,115.0,LA PAZ,BAJA CALIFORNIA,LOS CABOS,BAJA CALIFORNIA,3,BAJA CALIFORNIA SUR,8,LOS CABOS,LOS CABOS,"5,000 - 10,000"
2026-10-07,MDA,BCS,07TCB-115,16,5512.2,5258.41,253.79,0.0,07TCB-115,Turbogas Los Cabos,BAJA CALIFORNIA SUR,LOS CABOS,115.0,LA PAZ,BAJA CALIFORNIA,LOS CABOS,BAJA CALIFORNIA,3,BAJA CALIFORNIA SUR,8,LOS CABOS,LOS CABOS,"5,000 - 10,000"
2026-10-07,MDA,BCS,07TCB-115,17,6288.06,6028.16,259.89,0.0,07TCB-115,Turbogas Los Cabos,BAJA CALIFORNIA SUR,LOS CABOS,115.0,LA PAZ,BAJA CALIFORNIA,LOS CABOS,BAJA CALIFORNIA,3,BAJA CALIFORNIA SUR,8,LOS CABOS,LOS CABOS,"5,000 - 10,000"
2026-10-07,MDA,BCS,07TCB-115,18,6015.66,5787.64,228.02,0.0,07TCB-115,Turbogas Los Cabos,BAJA CALIFORNIA SUR,LOS CABOS,115.0,LA PAZ,BAJA CALIFORNIA,LOS CABOS,BAJA CALIFORNIA,3,BAJA CALIFORNIA SUR,8,LOS CABOS,LOS CABOS,"5,000 - 10,000"
2026-10-07,MDA,BCS,07TCB-115,19,5718.23,5490.9,227.33,0.0,07TCB-115,Turbogas Los Cabos,BAJA CALIFORNIA SUR,LOS CABOS,115.0,LA PAZ,BAJA CALIFORNIA,LOS CABOS,BAJA CALIFORNIA,3,BAJA CALIFORNIA SUR,8,LOS CABOS,LOS CABOS,"5,000 - 10,000"
2026-10-07,MDA,BCS,07TCB-115,20,5824.51,5588.99,235.52,0.0,07TCB-115,Turbogas Los Cabos,BAJA CALIFORNIA SUR,LOS CABOS,115.0,LA PAZ,BAJA CALIFORNIA,LOS CABOS,BAJA CALIFORNIA,3,BAJA CALIFORNIA SUR,8,LOS CABOS,LOS CABOS,"5,000 - 10,000"
2026-10-07,MDA,BCS,07TCB-115,21,5705.56,5469.66,235.9,0.0,07TCB-115,Turbogas Los Cabos,BAJA CALIFORNIA SUR,LOS CABOS,115.0,LA PAZ,BAJA CALIFORNIA,LOS CABOS,BAJA CALIFORNIA,3,BAJA CALIFORNIA SUR,8,LOS CABOS,LOS CABOS,"5,000 - 10,000"
2026-10-07,MDA,BCS,07TCB-115,22,5739.32,5491.24,248.09,0.0,07TCB-115,Turbogas Los Cabos,BAJA CALIFORNIA SUR,LOS CABOS,115.0,LA PAZ,BAJA CALIFORNIA,LOS CABOS,BAJA CALIFORNIA,3,BAJA CALIFORNIA SUR,8,LOS CABOS,LOS CABOS,"5,000 - 10,000"
2026-10-07,MDA,BCS,07TCB-115,23,5641.54,5382.9,258.64,0.0,07TCB-115,Turbogas Los Cabos,BAJA CALIFORNIA SUR,LOS CABOS,115.0,LA PAZ,BAJA CALIFORNIA,LOS CABOS,BAJA CALIFORNIA,3,BAJA CALIFORNIA SUR,8,LOS CABOS,LOS CABOS,"5,000 - 10,000"
2026-10-07,MDA,BCS,07TCB-115,24,5520.39,5262.61,257.78,0.0,07TCB-115,Turbogas Los Cabos,BAJA CALIFORNIA SUR,LOS CABOS,115.0,LA PAZ,BAJA CALIFORNIA,LOS CABOS,BAJA CALIFORNIA,3,BAJA CALIFORNIA SUR,8,LOS CABOS,LOS CABOS,"5,000 - 10,000"
2026-10-07,MDA,BCS,07VIO-115,1,4423.28,5084.23,-660.96,0.0,07VIO-115,Villa Constitucion,BAJA CALIFORNIA SUR,CONSTITUCION,115.0,LA PAZ,BAJA CALIFORNIA,CONSTITUCION,BAJA CALIFORNIA,3,BAJA CALIFORNIA SUR,1,COMONDU,CONSTITUCION,"2,000 - 5,000"
2026-10-07,MDA,BCS,07VIO-115,2,4512.54,5207.32,-694.78,0.0,07VIO-115,Villa Constitucion,BAJA CALIFORNIA SUR,CONSTITUCION,115.0,LA PAZ,BAJA CALIFORNIA,CONSTITUCION,BAJA CALIFORNIA,3,BAJA CALIFORNIA SUR,1,COMONDU,CONSTITUCION,"2,000 - 5,000"
2026-10-07,MDA,BCS,07VIO-115,3,3537.94,4065.1,-527.16,0.0,07VIO-115,Villa Constitucion,BAJA CALIFORNIA SUR,CONSTITUCION,115.0,LA PAZ,BAJA CALIFORNIA,CONSTITUCION,BAJA CALIFORNIA,3,BAJA CALIFORNIA SUR,1,COMONDU,CONSTITUCION,"2,000 - 5,000"
2026-10-07,MDA,BCS,07VIO-115,4,3794.26,4411.07,-616.8,0.0,07VIO-115,Villa Constitucion,BAJA CALIFORNIA SUR,CONSTITUCION,115.0,LA PAZ,BAJA CALIFORNIA,CONSTITUCION,BAJA CALIFORNIA,3,BAJA CALIFORNIA SUR,1,COMONDU,CONSTITUCION,"2,000 - 5,000"
2026-10-07,MDA,BCS,07VIO-115,5,4017.83,4580.97,-563.15,0.0,07VIO-115,Villa Constitucion,BAJA CALIFORNIA SUR,CONSTITUCION,115.0,LA PAZ,BAJA CALIFORNIA,CONSTITUCION,BAJA CALIFORNIA,3,BAJA CALIFORNIA SUR,1,COMONDU,CONSTITUCION,"2,000 - 5,000"
2026-10-07,MDA,BCS,07VIO-115,6,3363.42,3856.0,-492.59,0.0,07VIO-115,Villa Constitucion,BAJA CALIFORNIA SUR,CONSTITUCION,115.0,LA PAZ,BAJA CALIFORNIA,CONSTITUCION,BAJA CALIFORNIA,3,BAJA CALIFORNIA SUR,1,COMONDU,CONSTITUCION,"2,000 - 5,000"
2026-10-07,MDA,BCS,07VIO-115,7,3467.98,3997.24,-529.26,0.0,07VIO-115,Villa Constitucion,BAJA CALIFORNIA SUR,CONSTITUCION,115.0,LA PAZ,BAJA CALIFORNIA,CONSTITUCION,BAJA CALIFORNIA,3,BAJA CALIFORNIA SUR,1,COMONDU,CONSTITUCION,"2,000 - 5,000"
2026-10-07,MDA,BCS,07VIO-115,8,3190.21,3652.84,-462.63,0.0,07VIO-115,Villa Constitucion,BAJA CALIFORNIA SUR,CONSTITUCION,115.0,LA PAZ,BAJA CALIFORNIA,CONSTITUCION,BAJA CALIFORNIA,3,BAJA CALIFORNIA SUR,1,COMONDU,CONSTITUCION,"2,000 - 5,000"
2026-10-07,MDA,BCS,07VIO-115,9,3397.88,3995.5,-597.62,0.0,07VIO-115,Villa Constitucion,BAJA CALIFORNIA SUR,CONSTITUCION,115.0,LA PAZ,BAJA CALIFORNIA,CONSTITUCION,BAJA CALIFORNIA,3,BAJA CALIFORNIA SUR,1,COMONDU,CONSTITUCION,"2,000 - 5,000"
2026-10-07,MDA,BCS,07VIO-115,10,3851.71,4499.47,-647.76,0.0,07VIO-115,Villa Constitucion,BAJA CALIFORNIA SUR,CONSTITUCION,115.0,LA PAZ,BAJA CALIFORNIA,CONSTITUCION,BAJA CALIFORNIA,3,BAJA CALIFORNIA SUR,1,COMONDU,CONSTITUCION,"2,000 - 5,000"
2026-10-07,MDA,BCS,07VIO-115,11,4156.03,4841.13,-685.1,0.0,07VIO-115,Villa Constitucion,BAJA CALIFORNIA SUR,CONSTITUCION,115.0,LA PAZ,BAJA CALIFORNIA,CONSTITUCION,BAJA CALIFORNIA,3,BAJA CALIFORNIA SUR,1,COMONDU,CONSTITUCION,"2,000 - 5,000"
2026-10-07,MDA,BCS,07VIO-115,12,4163.06,4841.77,-678.71,0.0,07VIO-115,Villa Constitucion,BAJA CALIFORNIA SUR,CONSTITUCION,115.0,LA PAZ,BAJA CALIFORNIA,CONSTITUCION,BAJA CALIFORNIA,3,BAJA CALIFORNIA SUR,1,COMONDU,CONSTITUCION,"2,000 - 5,000"
2026-10-07,MDA,BCS,07VIO-115,13,2888.73,3269.87,-381.15,0.0,07VIO-115,Villa Constitucion,BAJA CALIFORNIA SUR,CONSTITUCION,115.0,LA PAZ,BAJA CALIFORNIA,CONSTITUCION,BAJA CALIFORNIA,3,BAJA CALIFORNIA SUR,1,COMONDU,CONSTITUCION,"2,000 - 5,000"
2026-10-07,MDA,BCS,07VIO-115,14,3881.2,4425.36,-544.16,0.0,07VIO-115,Villa Constitucion,BAJA CALIFORNIA SUR,CONSTITUCION,115.0,LA PAZ,BAJA CALIFORNIA,CONSTITUCION,BAJA CALIFORNIA,3,BAJA CALIFORNIA SUR,1,COMONDU,CONSTITUCION,"2,000 - 5,000"
2026-10-07,MDA,BCS,07VIO-115,15,4231.16,4777.32,-546.16,0.0,07VIO-115,Villa Constitucion,BAJA CALIFORNIA SUR,CONSTITUCION,115.0,LA PAZ,BAJA CALIFORNIA,CONSTITUCION,BAJA CALIFORNIA,3,BAJA CALIFORNIA SUR,1,COMONDU,CONSTITUCION,"2,000 - 5,000"
2026-10-07,MDA,BCS,07VIO-115,16,4582.39,5258.41,-676.01,0.0,07VIO-115,Villa Constitucion,BAJA CALIFORNIA SUR,CONSTITUCION,115.0,LA PAZ,BAJA CALIFORNIA,CONSTITUCION,BAJA CALIFORNIA,3,BAJA CALIFORNIA SUR,1,COMONDU,CONSTITUCION,"2,000 - 5,000"
2026-10-07,MDA,BCS,07VIO-115,17,5282.53,6028.16,-745.64,0.0,07VIO-115,Villa Constitucion,BAJA CALIFORNIA SUR,CONSTITUCION,115.0,LA PAZ,BAJA CALIFORNIA,CONSTITUCION,BAJA CALIFORNIA,3,BAJA CALIFORNIA SUR,1,COMONDU,CONSTITUCION,"5,000 - 10,000"
2026-10-07,MDA,BCS,07VIO-115,18,5183.76,5787.64,-603.88,0.0,07VIO-115,Villa Constitucion,BAJA CALIFORNIA SUR,CONSTITUCION,115.0,LA PAZ,BAJA CALIFORNIA,CONSTITUCION,BAJA CALIFORNIA,3,BAJA CALIFORNIA SUR,1,COMONDU,CONSTITUCION,"5,000 - 10,000"
2026-10-07,MDA,BCS,07VIO-115,19,4946.85,5490.9,-544.05,0.0,07VIO-115,Villa Constitucion,BAJA CALIFORNIA SUR,CONSTITUCION,115.0,LA PAZ,BAJA CALIFORNIA,CONSTITUCION,BAJA CALIFORNIA,3,BAJA CALIFORNIA SUR,1,COMONDU,CONSTITUCION,"2,000 - 5,000"
2026-10-07,MDA,BCS,07VIO-115,20,5016.97,5588.99,-572.02,0.0,07VIO-115,Villa Constitucion,BAJA CALIFORNIA SUR,CONSTITUCION,115.0,LA PAZ,BAJA CALIFORNIA,CONSTITUCION,BAJA CALIFORNIA,3,BAJA CALIFORNIA SUR,1,COMONDU,CONSTITUCION,"5,000 - 10,000"
2026-10-07,MDA,BCS,07VIO-115,21,4959.4,5469.66,-510.26,0.0,07VIO-115,Villa Constitucion,BAJA CALIFORNIA SUR,CONSTITUCION,115.0,LA PAZ,BAJA CALIFORNIA,CONSTITUCION,BAJA CALIFORNIA,3,BAJA CALIFORNIA SUR,1,COMONDU,CONSTITUCION,"2,000 - 5,000"
2026-10-07,MDA,BCS,07VIO-115,22,4947.57,5491.24,-543.67,0.0,07VIO-115,Villa Constitucion,BAJA CALIFORNIA SUR,CONSTITUCION,115.0,LA PAZ,BAJA CALIFORNIA,CONSTITUCION,BAJA CALIFORNIA,3,BAJA CALIFORNIA SUR,1,COMONDU,CONSTITUCION,"2,000 - 5,000"
2026-10-07,MDA,BCS,07VIO-115,23,4732.59,5382.9,-650.31,0.0,07VIO-115,Villa Constitucion,BAJA CALIFORNIA SUR,CONSTITUCION,115.0,LA PAZ,BAJA CALIFORNIA,CONSTITUCION,BAJA CALIFORNIA,3,BAJA CALIFORNIA SUR,1,COMONDU,CONSTITUCION,"2,000 - 5,000"
2026-10-07,MDA,BCS,07VIO-115,24,4772.37,5262.61,-490.24,0.0,07VIO-115,Villa Constitucion,BAJA CALIFORNIA SUR,CONSTITUCION,115.0,LA PAZ,BAJA CALIFORNIA,CONSTITUCION,BAJA CALIFORNIA,3,BAJA CALIFORNIA SUR,1,COMONDU,CONSTITUCION,"2,000 - 5,000"
