Fecha,Proceso,Sistema,NodoP,Hora,PML,Energia,Perdidas,Congestion,CLAVE,NOMBRE,CENTRO DE CONTROL REGIONAL,ZONA DE CARGA,NIVEL DE TENSIÓN (kV),ZONA DE OPERACIÓN DE TRANSMISIÓN,GERENCIA REGIONAL DE TRANSMISIÓN,ZONA DE DISTRIBUCIÓN,GERENCIA DIVISIONAL DE DISTRIBUCIÓN,CLAVE DE ENTIDAD FEDERATIVA (INEGI),ENTIDAD FEDERATIVA (INEGI),CLAVE DE MUNICIPIO (INEGI),MUNICIPIO (INEGI),REGION DE TRANSMISION,RangoPML
2026-10-07,MDA,BCA,07ACU-115,1,1785.81,1767.84,17.98,0.0,07ACU-115,Acueducto La Mision,BAJA CALIFORNIA,ENSENADA,115.0,COSTA,BAJA CALIFORNIA,ENSENADA,BAJA CALIFORNIA,2,BAJA CALIFORNIA,1,ENSENADA,ENSENADA,"1,000 - 2,000"
2026-10-07,MDA,BCA,07ACU-115,2,1165.78,1154.64,11.15,0.0,07ACU-115,Acueducto La Mision,BAJA CALIFORNIA,ENSENADA,115.0,COSTA,BAJA CALIFORNIA,ENSENADA,BAJA CALIFORNIA,2,BAJA CALIFORNIA,1,ENSENADA,ENSENADA,"1,000 - 2,000"
2026-10-07,MDA,BCA,07ACU-115,3,766.92,758.91,8.01,0.0,07ACU-115,Acueducto La Mision,BAJA CALIFORNIA,ENSENADA,115.0,COSTA,BAJA CALIFORNIA,ENSENADA,BAJA CALIFORNIA,2,BAJA CALIFORNIA,1,ENSENADA,ENSENADA,"500 - 1,000"
2026-10-07,MDA,BCA,07ACU-115,4,675.11,668.11,7.0,0.0,07ACU-115,Acueducto La Mision,BAJA CALIFORNIA,ENSENADA,115.0,COSTA,BAJA CALIFORNIA,ENSENADA,BAJA CALIFORNIA,2,BAJA CALIFORNIA,1,ENSENADA,ENSENADA,"500 - 1,000"
2026-10-07,MDA,BCA,07ACU-115,5,676.56,669.64,6.93,0.0,07ACU-115,Acueducto La Mision,BAJA CALIFORNIA,ENSENADA,115.0,COSTA,BAJA CALIFORNIA,ENSENADA,BAJA CALIFORNIA,2,BAJA CALIFORNIA,1,ENSENADA,ENSENADA,"500 - 1,000"
2026-10-07,MDA,BCA,07ACU-115,6,657.66,650.89,6.77,0.0,07ACU-115,Acueducto La Mision,BAJA CALIFORNIA,ENSENADA,115.0,COSTA,BAJA CALIFORNIA,ENSENADA,BAJA CALIFORNIA,2,BAJA CALIFORNIA,1,ENSENADA,ENSENADA,"500 - 1,000"
2026-10-07,MDA,BCA,07ACU-115,7,752.12,744.05,8.07,0.0,07ACU-115,Acueducto La Mision,BAJA CALIFORNIA,ENSENADA,115.0,COSTA,BAJA CALIFORNIA,ENSENADA,BAJA CALIFORNIA,2,BAJA CALIFORNIA,1,ENSENADA,ENSENADA,"500 - 1,000"
2026-10-07,MDA,BCA,07ACU-115,8,772.61,764.19,8.42,0.0,07ACU-115,Acueducto La Mision,BAJA CALIFORNIA,ENSENADA,115.0,COSTA,BAJA CALIFORNIA,ENSENADA,BAJA CALIFORNIA,2,BAJA CALIFORNIA,1,ENSENADA,ENSENADA,"500 - 1,000"
2026-10-07,MDA,BCA,07ACU-115,9,1210.18,1195.72,14.47,0.0,07ACU-115,Acueducto La Mision,BAJA CALIFORNIA,ENSENADA,115.0,COSTA,BAJA CALIFORNIA,ENSENADA,BAJA CALIFORNIA,2,BAJA CALIFORNIA,1,ENSENADA,ENSENADA,"1,000 - 2,000"
2026-10-07,MDA,BCA,07ACU-115,10,1105.35,1093.14,12.21,0.0,07ACU-115,Acueducto La Mision,BAJA CALIFORNIA,ENSENADA,115.0,COSTA,BAJA CALIFORNIA,ENSENADA,BAJA CALIFORNIA,2,BAJA CALIFORNIA,1,ENSENADA,ENSENADA,"1,000 - 2,000"
2026-10-07,MDA,BCA,07ACU-115,11,1221.04,1207.07,13.97,0.0,07ACU-115,Acueducto La Mision,BAJA CALIFORNIA,ENSENADA,115.0,COSTA,BAJA CALIFORNIA,ENSENADA,BAJA CALIFORNIA,2,BAJA CALIFORNIA,1,ENSENADA,ENSENADA,"1,000 - 2,000"
2026-10-07,MDA,BCA,07ACU-115,12,7641.84,1232.59,14.69,6394.57,07ACU-115,Acueducto La Mision,BAJA CALIFORNIA,ENSENADA,115.0,COSTA,BAJA CALIFORNIA,ENSENADA,BAJA CALIFORNIA,2,BAJA CALIFORNIA,1,ENSENADA,ENSENADA,"5,000 - 10,000"
2026-10-07,MDA,BCA,07ACU-115,13,9285.58,1196.63,14.36,8074.6,07ACU-115,Acueducto La Mision,BAJA CALIFORNIA,ENSENADA,115.0,COSTA,BAJA CALIFORNIA,ENSENADA,BAJA CALIFORNIA,2,BAJA CALIFORNIA,1,ENSENADA,ENSENADA,"5,000 - 10,000"
2026-10-07,MDA,BCA,07ACU-115,14,9995.53,1235.33,14.85,8745.35,07ACU-115,Acueducto La Mision,BAJA CALIFORNIA,ENSENADA,115.0,COSTA,BAJA CALIFORNIA,ENSENADA,BAJA CALIFORNIA,2,BAJA CALIFORNIA,1,ENSENADA,ENSENADA,"5,000 - 10,000"
2026-10-07,MDA,BCA,07ACU-115,15,7613.36,1497.11,20.22,6096.02,07ACU-115,Acueducto La Mision,BAJA CALIFORNIA,ENSENADA,115.0,COSTA,BAJA CALIFORNIA,ENSENADA,BAJA CALIFORNIA,2,BAJA CALIFORNIA,1,ENSENADA,ENSENADA,"5,000 - 10,000"
2026-10-07,MDA,BCA,07ACU-115,16,9202.88,1493.21,19.17,7690.49,07ACU-115,Acueducto La Mision,BAJA CALIFORNIA,ENSENADA,115.0,COSTA,BAJA CALIFORNIA,ENSENADA,BAJA CALIFORNIA,2,BAJA CALIFORNIA,1,ENSENADA,ENSENADA,"5,000 - 10,000"
2026-10-07,MDA,BCA,07ACU-115,17,10718.7,1653.66,21.45,9043.6,07ACU-115,Acueducto La Mision,BAJA CALIFORNIA,ENSENADA,115.0,COSTA,BAJA CALIFORNIA,ENSENADA,BAJA CALIFORNIA,2,BAJA CALIFORNIA,1,ENSENADA,ENSENADA,"10,000 o más"
2026-10-07,MDA,BCA,07ACU-115,18,10853.52,3495.89,45.56,7312.07,07ACU-115,Acueducto La Mision,BAJA CALIFORNIA,ENSENADA,115.0,COSTA,BAJA CALIFORNIA,ENSENADA,BAJA CALIFORNIA,2,BAJA CALIFORNIA,1,ENSENADA,ENSENADA,"10,000 o más"
2026-10-07,MDA,BCA,07ACU-115,19,9806.0,3815.54,49.23,5941.22,07ACU-115,Acueducto La Mision,BAJA CALIFORNIA,ENSENADA,115.0,COSTA,BAJA CALIFORNIA,ENSENADA,BAJA CALIFORNIA,2,BAJA CALIFORNIA,1,ENSENADA,ENSENADA,"5,000 - 10,000"
2026-10-07,MDA,BCA,07ACU-115,20,10215.52,3549.1,46.38,6620.03,07ACU-115,Acueducto La Mision,BAJA CALIFORNIA,ENSENADA,115.0,COSTA,BAJA CALIFORNIA,ENSENADA,BAJA CALIFORNIA,2,BAJA CALIFORNIA,1,ENSENADA,ENSENADA,"10,000 o más"
2026-10-07,MDA,BCA,07ACU-115,21,9108.11,2774.55,36.48,6297.08,07ACU-115,Acueducto La Mision,BAJA CALIFORNIA,ENSENADA,115.0,COSTA,BAJA CALIFORNIA,ENSENADA,BAJA CALIFORNIA,2,BAJA CALIFORNIA,1,ENSENADA,ENSENADA,"5,000 - 10,000"
2026-10-07,MDA,BCA,07ACU-115,22,10548.33,2532.25,30.73,7985.35,07ACU-115,Acueducto La Mision,BAJA CALIFORNIA,ENSENADA,115.0,COSTA,BAJA CALIFORNIA,ENSENADA,BAJA CALIFORNIA,2,BAJA CALIFORNIA,1,ENSENADA,ENSENADA,"10,000 o más"
2026-10-07,MDA,BCA,07ACU-115,23,1912.83,1891.38,21.45,0.0,07ACU-115,Acueducto La Mision,BAJA CALIFORNIA,ENSENADA,115.0,COSTA,BAJA CALIFORNIA,ENSENADA,BAJA CALIFORNIA,2,BAJA CALIFORNIA,1,ENSENADA,ENSENADA,"1,000 - 2,000"
2026-10-07,MDA,BCA,07ACU-115,24,1269.82,1255.72,14.1,0.0,07ACU-115,Acueducto La Mision,BAJA CALIFORNIA,ENSENADA,115.0,COSTA,BAJA CALIFORNIA,ENSENADA,BAJA CALIFORNIA,2,BAJA CALIFORNIA,1,ENSENADA,ENSENADA,"1,000 - 2,000"
2026-10-07,MDA,BCA,07APD-230,1,1761.79,1767.84,-6.05,0.0,07APD-230,Aeropuerto Dos,BAJA CALIFORNIA,MEXICALI,230.0,VALLE,BAJA CALIFORNIA,MEXICALI,BAJA CALIFORNIA,2,BAJA CALIFORNIA,2,MEXICALI,MEXICALI,"1,000 - 2,000"
2026-10-07,MDA,BCA,07APD-230,2,1149.55,1154.64,-5.08,0.0,07APD-230,Aeropuerto Dos,BAJA CALIFORNIA,MEXICALI,230.0,VALLE,BAJA CALIFORNIA,MEXICALI,BAJA CALIFORNIA,2,BAJA CALIFORNIA,2,MEXICALI,MEXICALI,"1,000 - 2,000"
2026-10-07,MDA,BCA,07APD-230,3,754.2,758.91,-4.71,0.0,07APD-230,Aeropuerto Dos,BAJA CALIFORNIA,MEXICALI,230.0,VALLE,BAJA CALIFORNIA,MEXICALI,BAJA CALIFORNIA,2,BAJA CALIFORNIA,2,MEXICALI,MEXICALI,"500 - 1,000"
2026-10-07,MDA,BCA,07APD-230,4,664.38,668.11,-3.73,0.0,07APD-230,Aeropuerto Dos,BAJA CALIFORNIA,MEXICALI,230.0,VALLE,BAJA CALIFORNIA,MEXICALI,BAJA CALIFORNIA,2,BAJA CALIFORNIA,2,MEXICALI,MEXICALI,"500 - 1,000"
2026-10-07,MDA,BCA,07APD-230,5,666.55,669.64,-3.09,0.0,07APD-230,Aeropuerto Dos,BAJA CALIFORNIA,MEXICALI,230.0,VALLE,BAJA CALIFORNIA,MEXICALI,BAJA CALIFORNIA,2,BAJA CALIFORNIA,2,MEXICALI,MEXICALI,"500 - 1,000"
2026-10-07,MDA,BCA,07APD-230,6,647.63,650.89,-3.27,0.0,07APD-230,Aeropuerto Dos,BAJA CALIFORNIA,MEXICALI,230.0,VALLE,BAJA CALIFORNIA,MEXICALI,BAJA CALIFORNIA,2,BAJA CALIFORNIA,2,MEXICALI,MEXICALI,"500 - 1,000"
2026-10-07,MDA,BCA,07APD-230,7,737.63,744.05,-6.42,0.0,07APD-230,Aeropuerto Dos,BAJA CALIFORNIA,MEXICALI,230.0,VALLE,BAJA CALIFORNIA,MEXICALI,BAJA CALIFORNIA,2,BAJA CALIFORNIA,2,MEXICALI,MEXICALI,"500 - 1,000"
2026-10-07,MDA,BCA,07APD-230,8,755.2,764.19,-8.99,0.0,07APD-230,Aeropuerto Dos,BAJA CALIFORNIA,MEXICALI,230.0,VALLE,BAJA CALIFORNIA,MEXICALI,BAJA CALIFORNIA,2,BAJA CALIFORNIA,2,MEXICALI,MEXICALI,"500 - 1,000"
2026-10-07,MDA,BCA,07APD-230,9,1170.1,1195.72,-25.62,0.0,07APD-230,Aeropuerto Dos,BAJA CALIFORNIA,MEXICALI,230.0,VALLE,BAJA CALIFORNIA,MEXICALI,BAJA CALIFORNIA,2,BAJA CALIFORNIA,2,MEXICALI,MEXICALI,"1,000 - 2,000"
2026-10-07,MDA,BCA,07APD-230,10,1067.67,1093.14,-25.47,0.0,07APD-230,Aeropuerto Dos,BAJA CALIFORNIA,MEXICALI,230.0,VALLE,BAJA CALIFORNIA,MEXICALI,BAJA CALIFORNIA,2,BAJA CALIFORNIA,2,MEXICALI,MEXICALI,"1,000 - 2,000"
2026-10-07,MDA,BCA,07APD-230,11,1185.73,1207.07,-21.34,0.0,07APD-230,Aeropuerto Dos,BAJA CALIFORNIA,MEXICALI,230.0,VALLE,BAJA CALIFORNIA,MEXICALI,BAJA CALIFORNIA,2,BAJA CALIFORNIA,2,MEXICALI,MEXICALI,"1,000 - 2,000"
2026-10-07,MDA,BCA,07APD-230,12,1210.34,1232.59,-22.25,0.0,07APD-230,Aeropuerto Dos,BAJA CALIFORNIA,MEXICALI,230.0,VALLE,BAJA CALIFORNIA,MEXICALI,BAJA CALIFORNIA,2,BAJA CALIFORNIA,2,MEXICALI,MEXICALI,"1,000 - 2,000"
2026-10-07,MDA,BCA,07APD-230,13,1165.85,1196.63,-30.78,0.0,07APD-230,Aeropuerto Dos,BAJA CALIFORNIA,MEXICALI,230.0,VALLE,BAJA CALIFORNIA,MEXICALI,BAJA CALIFORNIA,2,BAJA CALIFORNIA,2,MEXICALI,MEXICALI,"1,000 - 2,000"
2026-10-07,MDA,BCA,07APD-230,14,1203.64,1235.33,-31.69,0.0,07APD-230,Aeropuerto Dos,BAJA CALIFORNIA,MEXICALI,230.0,VALLE,BAJA CALIFORNIA,MEXICALI,BAJA CALIFORNIA,2,BAJA CALIFORNIA,2,MEXICALI,MEXICALI,"1,000 - 2,000"
2026-10-07,MDA,BCA,07APD-230,15,1463.45,1497.11,-33.67,0.0,07APD-230,Aeropuerto Dos,BAJA CALIFORNIA,MEXICALI,230.0,VALLE,BAJA CALIFORNIA,MEXICALI,BAJA CALIFORNIA,2,BAJA CALIFORNIA,2,MEXICALI,MEXICALI,"1,000 - 2,000"
2026-10-07,MDA,BCA,07APD-230,16,1457.0,1493.21,-36.21,0.0,07APD-230,Aeropuerto Dos,BAJA CALIFORNIA,MEXICALI,230.0,VALLE,BAJA CALIFORNIA,MEXICALI,BAJA CALIFORNIA,2,BAJA CALIFORNIA,2,MEXICALI,MEXICALI,"1,000 - 2,000"
2026-10-07,MDA,BCA,07APD-230,17,1629.86,1653.66,-23.8,0.0,07APD-230,Aeropuerto Dos,BAJA CALIFORNIA,MEXICALI,230.0,VALLE,BAJA CALIFORNIA,MEXICALI,BAJA CALIFORNIA,2,BAJA CALIFORNIA,2,MEXICALI,MEXICALI,"1,000 - 2,000"
2026-10-07,MDA,BCA,07APD-230,18,3454.04,3495.89,-41.85,0.0,07APD-230,Aeropuerto Dos,BAJA CALIFORNIA,MEXICALI,230.0,VALLE,BAJA CALIFORNIA,MEXICALI,BAJA CALIFORNIA,2,BAJA CALIFORNIA,2,MEXICALI,MEXICALI,"2,000 - 5,000"
2026-10-07,MDA,BCA,07APD-230,19,3779.71,3815.54,-35.84,0.0,07APD-230,Aeropuerto Dos,BAJA CALIFORNIA,MEXICALI,230.0,VALLE,BAJA CALIFORNIA,MEXICALI,BAJA CALIFORNIA,2,BAJA CALIFORNIA,2,MEXICALI,MEXICALI,"2,000 - 5,000"
2026-10-07,MDA,BCA,07APD-230,20,3513.5,3549.1,-35.6,0.0,07APD-230,Aeropuerto Dos,BAJA CALIFORNIA,MEXICALI,230.0,VALLE,BAJA CALIFORNIA,MEXICALI,BAJA CALIFORNIA,2,BAJA CALIFORNIA,2,MEXICALI,MEXICALI,"2,000 - 5,000"
2026-10-07,MDA,BCA,07APD-230,21,2746.09,2774.55,-28.46,0.0,07APD-230,Aeropuerto Dos,BAJA CALIFORNIA,MEXICALI,230.0,VALLE,BAJA CALIFORNIA,MEXICALI,BAJA CALIFORNIA,2,BAJA CALIFORNIA,2,MEXICALI,MEXICALI,"2,000 - 5,000"
2026-10-07,MDA,BCA,07APD-230,22,2507.41,2532.25,-24.85,0.0,07APD-230,Aeropuerto Dos,BAJA CALIFORNIA,MEXICALI,230.0,VALLE,BAJA CALIFORNIA,MEXICALI,BAJA CALIFORNIA,2,BAJA CALIFORNIA,2,MEXICALI,MEXICALI,"2,000 - 5,000"
2026-10-07,MDA,BCA,07APD-230,23,1870.82,1891.38,-20.56,0.0,07APD-230,Aeropuerto Dos,BAJA CALIFORNIA,MEXICALI,230.0,VALLE,BAJA CALIFORNIA,MEXICALI,BAJA CALIFORNIA,2,BAJA CALIFORNIA,2,MEXICALI,MEXICALI,"1,000 - 2,000"
2026-10-07,MDA,BCA,07APD-230,24,1240.11,1255.72,-15.61,0.0,07APD-230,Aeropuerto Dos,BAJA CALIFORNIA,MEXICALI,230.0,VALLE,BAJA CALIFORNIA,MEXICALI,BAJA CALIFORNIA,2,BAJA CALIFORNIA,2,MEXICALI,MEXICALI,"1,000 - 2,000"
2026-10-07,MDA,BCA,07AUE-115,1,1789.67,1767.84,21.84,0.0,07AUE-115,Aguas Ensenada,BAJA CALIFORNIA,ENSENADA,115.0,COSTA,BAJA CALIFORNIA,ENSENADA,BAJA CALIFORNIA,2,BAJA CALIFORNIA,1,ENSENADA,ENSENADA,"1,000 - 2,000"
2026-10-07,MDA,BCA,07AUE-115,2,1168.02,1154.64,13.38,0.0,07AUE-115,Aguas Ensenada,BAJA CALIFORNIA,ENSENADA,115.0,COSTA,BAJA CALIFORNIA,ENSENADA,BAJA CALIFORNIA,2,BAJA CALIFORNIA,1,ENSENADA,ENSENADA,"1,000 - 2,000"
2026-10-07,MDA,BCA,07AUE-115,3,768.93,758.91,10.02,0.0,07AUE-115,Aguas Ensenada,BAJA CALIFORNIA,ENSENADA,115.0,COSTA,BAJA CALIFORNIA,ENSENADA,BAJA CALIFORNIA,2,BAJA CALIFORNIA,1,ENSENADA,ENSENADA,"500 - 1,000"
2026-10-07,MDA,BCA,07AUE-115,4,676.91,668.11,8.8,0.0,07AUE-115,Aguas Ensenada,BAJA CALIFORNIA,ENSENADA,115.0,COSTA,BAJA CALIFORNIA,ENSENADA,BAJA CALIFORNIA,2,BAJA CALIFORNIA,1,ENSENADA,ENSENADA,"500 - 1,000"
2026-10-07,MDA,BCA,07AUE-115,5,678.31,669.64,8.67,0.0,07AUE-115,Aguas Ensenada,BAJA CALIFORNIA,ENSENADA,115.0,COSTA,BAJA CALIFORNIA,ENSENADA,BAJA CALIFORNIA,2,BAJA CALIFORNIA,1,ENSENADA,ENSENADA,"500 - 1,000"
2026-10-07,MDA,BCA,07AUE-115,6,659.43,650.89,8.54,0.0,07AUE-115,Aguas Ensenada,BAJA CALIFORNIA,ENSENADA,115.0,COSTA,BAJA CALIFORNIA,ENSENADA,BAJA CALIFORNIA,2,BAJA CALIFORNIA,1,ENSENADA,ENSENADA,"500 - 1,000"
2026-10-07,MDA,BCA,07AUE-115,7,754.35,744.05,10.3,0.0,07AUE-115,Aguas Ensenada,BAJA CALIFORNIA,ENSENADA,115.0,COSTA,BAJA CALIFORNIA,ENSENADA,BAJA CALIFORNIA,2,BAJA CALIFORNIA,1,ENSENADA,ENSENADA,"500 - 1,000"
2026-10-07,MDA,BCA,07AUE-115,8,774.98,764.19,10.79,0.0,07AUE-115,Aguas Ensenada,BAJA CALIFORNIA,ENSENADA,115.0,COSTA,BAJA CALIFORNIA,ENSENADA,BAJA CALIFORNIA,2,BAJA CALIFORNIA,1,ENSENADA,ENSENADA,"500 - 1,000"
2026-10-07,MDA,BCA,07AUE-115,9,1214.72,1195.72,19.0,0.0,07AUE-115,Aguas Ensenada,BAJA CALIFORNIA,ENSENADA,115.0,COSTA,BAJA CALIFORNIA,ENSENADA,BAJA CALIFORNIA,2,BAJA CALIFORNIA,1,ENSENADA,ENSENADA,"1,000 - 2,000"
2026-10-07,MDA,BCA,07AUE-115,10,1108.56,1093.14,15.42,0.0,07AUE-115,Aguas Ensenada,BAJA CALIFORNIA,ENSENADA,115.0,COSTA,BAJA CALIFORNIA,ENSENADA,BAJA CALIFORNIA,2,BAJA CALIFORNIA,1,ENSENADA,ENSENADA,"1,000 - 2,000"
2026-10-07,MDA,BCA,07AUE-115,11,1224.91,1207.07,17.84,0.0,07AUE-115,Aguas Ensenada,BAJA CALIFORNIA,ENSENADA,115.0,COSTA,BAJA CALIFORNIA,ENSENADA,BAJA CALIFORNIA,2,BAJA CALIFORNIA,1,ENSENADA,ENSENADA,"1,000 - 2,000"
2026-10-07,MDA,BCA,07AUE-115,12,7646.08,1232.59,18.92,6394.57,07AUE-115,Aguas Ensenada,BAJA CALIFORNIA,ENSENADA,115.0,COSTA,BAJA CALIFORNIA,ENSENADA,BAJA CALIFORNIA,2,BAJA CALIFORNIA,1,ENSENADA,ENSENADA,"5,000 - 10,000"
2026-10-07,MDA,BCA,07AUE-115,13,9289.64,1196.63,18.41,8074.6,07AUE-115,Aguas Ensenada,BAJA CALIFORNIA,ENSENADA,115.0,COSTA,BAJA CALIFORNIA,ENSENADA,BAJA CALIFORNIA,2,BAJA CALIFORNIA,1,ENSENADA,ENSENADA,"5,000 - 10,000"
2026-10-07,MDA,BCA,07AUE-115,14,9999.65,1235.33,18.97,8745.35,07AUE-115,Aguas Ensenada,BAJA CALIFORNIA,ENSENADA,115.0,COSTA,BAJA CALIFORNIA,ENSENADA,BAJA CALIFORNIA,2,BAJA CALIFORNIA,1,ENSENADA,ENSENADA,"5,000 - 10,000"
2026-10-07,MDA,BCA,07AUE-115,15,7620.37,1497.11,27.24,6096.02,07AUE-115,Aguas Ensenada,BAJA CALIFORNIA,ENSENADA,115.0,COSTA,BAJA CALIFORNIA,ENSENADA,BAJA CALIFORNIA,2,BAJA CALIFORNIA,1,ENSENADA,ENSENADA,"5,000 - 10,000"
2026-10-07,MDA,BCA,07AUE-115,16,9208.81,1493.21,25.1,7690.49,07AUE-115,Aguas Ensenada,BAJA CALIFORNIA,ENSENADA,115.0,COSTA,BAJA CALIFORNIA,ENSENADA,BAJA CALIFORNIA,2,BAJA CALIFORNIA,1,ENSENADA,ENSENADA,"5,000 - 10,000"
2026-10-07,MDA,BCA,07AUE-115,17,10724.92,1653.66,27.67,9043.6,07AUE-115,Aguas Ensenada,BAJA CALIFORNIA,ENSENADA,115.0,COSTA,BAJA CALIFORNIA,ENSENADA,BAJA CALIFORNIA,2,BAJA CALIFORNIA,1,ENSENADA,ENSENADA,"10,000 o más"
2026-10-07,MDA,BCA,07AUE-115,18,10867.1,3495.89,59.14,7312.07,07AUE-115,Aguas Ensenada,BAJA CALIFORNIA,ENSENADA,115.0,COSTA,BAJA CALIFORNIA,ENSENADA,BAJA CALIFORNIA,2,BAJA CALIFORNIA,1,ENSENADA,ENSENADA,"10,000 o más"
2026-10-07,MDA,BCA,07AUE-115,19,9820.05,3815.54,63.28,5941.22,07AUE-115,Aguas Ensenada,BAJA CALIFORNIA,ENSENADA,115.0,COSTA,BAJA CALIFORNIA,ENSENADA,BAJA CALIFORNIA,2,BAJA CALIFORNIA,1,ENSENADA,ENSENADA,"5,000 - 10,000"
2026-10-07,MDA,BCA,07AUE-115,20,10227.46,3549.1,58.32,6620.03,07AUE-115,Aguas Ensenada,BAJA CALIFORNIA,ENSENADA,115.0,COSTA,BAJA CALIFORNIA,ENSENADA,BAJA CALIFORNIA,2,BAJA CALIFORNIA,1,ENSENADA,ENSENADA,"10,000 o más"
2026-10-07,MDA,BCA,07AUE-115,21,9117.63,2774.55,46.01,6297.08,07AUE-115,Aguas Ensenada,BAJA CALIFORNIA,ENSENADA,115.0,COSTA,BAJA CALIFORNIA,ENSENADA,BAJA CALIFORNIA,2,BAJA CALIFORNIA,1,ENSENADA,ENSENADA,"5,000 - 10,000"
2026-10-07,MDA,BCA,07AUE-115,22,10555.92,2532.25,38.32,7985.35,07AUE-115,Aguas Ensenada,BAJA CALIFORNIA,ENSENADA,115.0,COSTA,BAJA CALIFORNIA,ENSENADA,BAJA CALIFORNIA,2,BAJA CALIFORNIA,1,ENSENADA,ENSENADA,"10,000 o más"
2026-10-07,MDA,BCA,07AUE-115,23,1918.26,1891.38,26.89,0.0,07AUE-115,Aguas Ensenada,BAJA CALIFORNIA,ENSENADA,115.0,COSTA,BAJA CALIFORNIA,ENSENADA,BAJA CALIFORNIA,2,BAJA CALIFORNIA,1,ENSENADA,ENSENADA,"1,000 - 2,000"
2026-10-07,MDA,BCA,07AUE-115,24,1273.4,1255.72,17.68,0.0,07AUE-115,Aguas Ensenada,BAJA CALIFORNIA,ENSENADA,115.0,COSTA,BAJA CALIFORNIA,ENSENADA,BAJA CALIFORNIA,2,BAJA CALIFORNIA,1,ENSENADA,ENSENADA,"1,000 - 2,000"
2026-10-07,MDA,BCA,07BJO-69,1,1817.5,1767.84,49.67,0.0,07BJO-69,Bajio,BAJA CALIFORNIA,TIJUANA,69.0,COSTA,BAJA CALIFORNIA,TIJUANA,BAJA CALIFORNIA,2,BAJA CALIFORNIA,4,TIJUANA,TIJUANA,"1,000 - 2,000"
2026-10-07,MDA,BCA,07BJO-69,2,1186.2,1154.64,31.57,0.0,07BJO-69,Bajio,BAJA CALIFORNIA,TIJUANA,69.0,COSTA,BAJA CALIFORNIA,TIJUANA,BAJA CALIFORNIA,2,BAJA CALIFORNIA,4,TIJUANA,TIJUANA,"1,000 - 2,000"
2026-10-07,MDA,BCA,07BJO-69,3,778.29,758.91,19.39,0.0,07BJO-69,Bajio,BAJA CALIFORNIA,TIJUANA,69.0,COSTA,BAJA CALIFORNIA,TIJUANA,BAJA CALIFORNIA,2,BAJA CALIFORNIA,4,TIJUANA,TIJUANA,"500 - 1,000"
2026-10-07,MDA,BCA,07BJO-69,4,684.65,668.11,16.54,0.0,07BJO-69,Bajio,BAJA CALIFORNIA,TIJUANA,69.0,COSTA,BAJA CALIFORNIA,TIJUANA,BAJA CALIFORNIA,2,BAJA CALIFORNIA,4,TIJUANA,TIJUANA,"500 - 1,000"
2026-10-07,MDA,BCA,07BJO-69,5,686.24,669.64,16.6,0.0,07BJO-69,Bajio,BAJA CALIFORNIA,TIJUANA,69.0,COSTA,BAJA CALIFORNIA,TIJUANA,BAJA CALIFORNIA,2,BAJA CALIFORNIA,4,TIJUANA,TIJUANA,"500 - 1,000"
2026-10-07,MDA,BCA,07BJO-69,6,667.02,650.89,16.13,0.0,07BJO-69,Bajio,BAJA CALIFORNIA,TIJUANA,69.0,COSTA,BAJA CALIFORNIA,TIJUANA,BAJA CALIFORNIA,2,BAJA CALIFORNIA,4,TIJUANA,TIJUANA,"500 - 1,000"
2026-10-07,MDA,BCA,07BJO-69,7,762.98,744.05,18.93,0.0,07BJO-69,Bajio,BAJA CALIFORNIA,TIJUANA,69.0,COSTA,BAJA CALIFORNIA,TIJUANA,BAJA CALIFORNIA,2,BAJA CALIFORNIA,4,TIJUANA,TIJUANA,"500 - 1,000"
2026-10-07,MDA,BCA,07BJO-69,8,784.73,764.19,20.54,0.0,07BJO-69,Bajio,BAJA CALIFORNIA,TIJUANA,69.0,COSTA,BAJA CALIFORNIA,TIJUANA,BAJA CALIFORNIA,2,BAJA CALIFORNIA,4,TIJUANA,TIJUANA,"500 - 1,000"
2026-10-07,MDA,BCA,07BJO-69,9,1228.47,1195.72,32.76,0.0,07BJO-69,Bajio,BAJA CALIFORNIA,TIJUANA,69.0,COSTA,BAJA CALIFORNIA,TIJUANA,BAJA CALIFORNIA,2,BAJA CALIFORNIA,4,TIJUANA,TIJUANA,"1,000 - 2,000"
2026-10-07,MDA,BCA,07BJO-69,10,1123.9,1093.14,30.76,0.0,07BJO-69,Bajio,BAJA CALIFORNIA,TIJUANA,69.0,COSTA,BAJA CALIFORNIA,TIJUANA,BAJA CALIFORNIA,2,BAJA CALIFORNIA,4,TIJUANA,TIJUANA,"1,000 - 2,000"
2026-10-07,MDA,BCA,07BJO-69,11,1242.0,1207.07,34.93,0.0,07BJO-69,Bajio,BAJA CALIFORNIA,TIJUANA,69.0,COSTA,BAJA CALIFORNIA,TIJUANA,BAJA CALIFORNIA,2,BAJA CALIFORNIA,4,TIJUANA,TIJUANA,"1,000 - 2,000"
2026-10-07,MDA,BCA,07BJO-69,12,1268.35,1232.59,35.77,0.0,07BJO-69,Bajio,BAJA CALIFORNIA,TIJUANA,69.0,COSTA,BAJA CALIFORNIA,TIJUANA,BAJA CALIFORNIA,2,BAJA CALIFORNIA,4,TIJUANA,TIJUANA,"1,000 - 2,000"
2026-10-07,MDA,BCA,07BJO-69,13,1231.48,1196.63,34.85,0.0,07BJO-69,Bajio,BAJA CALIFORNIA,TIJUANA,69.0,COSTA,BAJA CALIFORNIA,TIJUANA,BAJA CALIFORNIA,2,BAJA CALIFORNIA,4,TIJUANA,TIJUANA,"1,000 - 2,000"
2026-10-07,MDA,BCA,07BJO-69,14,1272.2,1235.33,36.87,0.0,07BJO-69,Bajio,BAJA CALIFORNIA,TIJUANA,69.0,COSTA,BAJA CALIFORNIA,TIJUANA,BAJA CALIFORNIA,2,BAJA CALIFORNIA,4,TIJUANA,TIJUANA,"1,000 - 2,000"
2026-10-07,MDA,BCA,07BJO-69,15,1542.8,1497.11,45.68,0.0,07BJO-69,Bajio,BAJA CALIFORNIA,TIJUANA,69.0,COSTA,BAJA CALIFORNIA,TIJUANA,BAJA CALIFORNIA,2,BAJA CALIFORNIA,4,TIJUANA,TIJUANA,"1,000 - 2,000"
2026-10-07,MDA,BCA,07BJO-69,16,1539.7,1493.21,46.48,0.0,07BJO-69,Bajio,BAJA CALIFORNIA,TIJUANA,69.0,COSTA,BAJA CALIFORNIA,TIJUANA,BAJA CALIFORNIA,2,BAJA CALIFORNIA,4,TIJUANA,TIJUANA,"1,000 - 2,000"
2026-10-07,MDA,BCA,07BJO-69,17,1704.91,1653.66,51.25,0.0,07BJO-69,Bajio,BAJA CALIFORNIA,TIJUANA,69.0,COSTA,BAJA CALIFORNIA,TIJUANA,BAJA CALIFORNIA,2,BAJA CALIFORNIA,4,TIJUANA,TIJUANA,"1,000 - 2,000"
2026-10-07,MDA,BCA,07BJO-69,18,3601.4,3495.89,105.51,0.0,07BJO-69,Bajio,BAJA CALIFORNIA,TIJUANA,69.0,COSTA,BAJA CALIFORNIA,TIJUANA,BAJA CALIFORNIA,2,BAJA CALIFORNIA,4,TIJUANA,TIJUANA,"2,000 - 5,000"
2026-10-07,MDA,BCA,07BJO-69,19,3931.77,3815.54,116.23,0.0,07BJO-69,Bajio,BAJA CALIFORNIA,TIJUANA,69.0,COSTA,BAJA CALIFORNIA,TIJUANA,BAJA CALIFORNIA,2,BAJA CALIFORNIA,4,TIJUANA,TIJUANA,"2,000 - 5,000"
2026-10-07,MDA,BCA,07BJO-69,20,3658.49,3549.1,109.38,0.0,07BJO-69,Bajio,BAJA CALIFORNIA,TIJUANA,69.0,COSTA,BAJA CALIFORNIA,TIJUANA,BAJA CALIFORNIA,2,BAJA CALIFORNIA,4,TIJUANA,TIJUANA,"2,000 - 5,000"
2026-10-07,MDA,BCA,07BJO-69,21,2858.8,2774.55,84.25,0.0,07BJO-69,Bajio,BAJA CALIFORNIA,TIJUANA,69.0,COSTA,BAJA CALIFORNIA,TIJUANA,BAJA CALIFORNIA,2,BAJA CALIFORNIA,4,TIJUANA,TIJUANA,"2,000 - 5,000"
2026-10-07,MDA,BCA,07BJO-69,22,2609.41,2532.25,77.16,0.0,07BJO-69,Bajio,BAJA CALIFORNIA,TIJUANA,69.0,COSTA,BAJA CALIFORNIA,TIJUANA,BAJA CALIFORNIA,2,BAJA CALIFORNIA,4,TIJUANA,TIJUANA,"2,000 - 5,000"
2026-10-07,MDA,BCA,07BJO-69,23,1948.92,1891.38,57.54,0.0,07BJO-69,Bajio,BAJA CALIFORNIA,TIJUANA,69.0,COSTA,BAJA CALIFORNIA,TIJUANA,BAJA CALIFORNIA,2,BAJA CALIFORNIA,4,TIJUANA,TIJUANA,"1,000 - 2,000"
2026-10-07,MDA,BCA,07BJO-69,24,1292.09,1255.72,36.37,0.0,07BJO-69,Bajio,BAJA CALIFORNIA,TIJUANA,69.0,COSTA,BAJA CALIFORNIA,TIJUANA,BAJA CALIFORNIA,2,BAJA CALIFORNIA,4,TIJUANA,TIJUANA,"1,000 - 2,000"
2026-10-07,MDA,BCA,07CAE-69,1,1784.21,1767.84,16.38,0.0,07CAE-69,Carga particular en linea de transmision MEP-63720-DRA,BAJA CALIFORNIA,TIJUANA,69.0,COSTA,BAJA CALIFORNIA,TIJUANA,BAJA CALIFORNIA,2,BAJA CALIFORNIA,4,TIJUANA,TIJUANA,"1,000 - 2,000"
2026-10-07,MDA,BCA,07CAE-69,2,1165.15,1154.64,10.52,0.0,07CAE-69,Carga particular en linea de transmision MEP-63720-DRA,BAJA CALIFORNIA,TIJUANA,69.0,COSTA,BAJA CALIFORNIA,TIJUANA,BAJA CALIFORNIA,2,BAJA CALIFORNIA,4,TIJUANA,TIJUANA,"1,000 - 2,000"
2026-10-07,MDA,BCA,07CAE-69,3,765.35,758.91,6.45,0.0,07CAE-69,Carga particular en linea de transmision MEP-63720-DRA,BAJA CALIFORNIA,TIJUANA,69.0,COSTA,BAJA CALIFORNIA,TIJUANA,BAJA CALIFORNIA,2,BAJA CALIFORNIA,4,TIJUANA,TIJUANA,"500 - 1,000"
2026-10-07,MDA,BCA,07CAE-69,4,673.72,668.11,5.61,0.0,07CAE-69,Carga particular en linea de transmision MEP-63720-DRA,BAJA CALIFORNIA,TIJUANA,69.0,COSTA,BAJA CALIFORNIA,TIJUANA,BAJA CALIFORNIA,2,BAJA CALIFORNIA,4,TIJUANA,TIJUANA,"500 - 1,000"
2026-10-07,MDA,BCA,07CAE-69,5,675.24,669.64,5.61,0.0,07CAE-69,Carga particular en linea de transmision MEP-63720-DRA,BAJA CALIFORNIA,TIJUANA,69.0,COSTA,BAJA CALIFORNIA,TIJUANA,BAJA CALIFORNIA,2,BAJA CALIFORNIA,4,TIJUANA,TIJUANA,"500 - 1,000"
2026-10-07,MDA,BCA,07CAE-69,6,656.25,650.89,5.35,0.0,07CAE-69,Carga particular en linea de transmision MEP-63720-DRA,BAJA CALIFORNIA,TIJUANA,69.0,COSTA,BAJA CALIFORNIA,TIJUANA,BAJA CALIFORNIA,2,BAJA CALIFORNIA,4,TIJUANA,TIJUANA,"500 - 1,000"
2026-10-07,MDA,BCA,07CAE-69,7,750.07,744.05,6.02,0.0,07CAE-69,Carga particular en linea de transmision MEP-63720-DRA,BAJA CALIFORNIA,TIJUANA,69.0,COSTA,BAJA CALIFORNIA,TIJUANA,BAJA CALIFORNIA,2,BAJA CALIFORNIA,4,TIJUANA,TIJUANA,"500 - 1,000"
2026-10-07,MDA,BCA,07CAE-69,8,770.58,764.19,6.39,0.0,07CAE-69,Carga particular en linea de transmision MEP-63720-DRA,BAJA CALIFORNIA,TIJUANA,69.0,COSTA,BAJA CALIFORNIA,TIJUANA,BAJA CALIFORNIA,2,BAJA CALIFORNIA,4,TIJUANA,TIJUANA,"500 - 1,000"
2026-10-07,MDA,BCA,07CAE-69,9,1205.64,1195.72,9.92,0.0,07CAE-69,Carga particular en linea de transmision MEP-63720-DRA,BAJA CALIFORNIA,TIJUANA,69.0,COSTA,BAJA CALIFORNIA,TIJUANA,BAJA CALIFORNIA,2,BAJA CALIFORNIA,4,TIJUANA,TIJUANA,"1,000 - 2,000"
2026-10-07,MDA,BCA,07CAE-69,10,1102.59,1093.14,9.45,0.0,07CAE-69,Carga particular en linea de transmision MEP-63720-DRA,BAJA CALIFORNIA,TIJUANA,69.0,COSTA,BAJA CALIFORNIA,TIJUANA,BAJA CALIFORNIA,2,BAJA CALIFORNIA,4,TIJUANA,TIJUANA,"1,000 - 2,000"
2026-10-07,MDA,BCA,07CAE-69,11,1217.6,1207.07,10.53,0.0,07CAE-69,Carga particular en linea de transmision MEP-63720-DRA,BAJA CALIFORNIA,TIJUANA,69.0,COSTA,BAJA CALIFORNIA,TIJUANA,BAJA CALIFORNIA,2,BAJA CALIFORNIA,4,TIJUANA,TIJUANA,"1,000 - 2,000"
2026-10-07,MDA,BCA,07CAE-69,12,1243.33,1232.59,10.74,0.0,07CAE-69,Carga particular en linea de transmision MEP-63720-DRA,BAJA CALIFORNIA,TIJUANA,69.0,COSTA,BAJA CALIFORNIA,TIJUANA,BAJA CALIFORNIA,2,BAJA CALIFORNIA,4,TIJUANA,TIJUANA,"1,000 - 2,000"
2026-10-07,MDA,BCA,07CAE-69,13,1207.12,1196.63,10.49,0.0,07CAE-69,Carga particular en linea de transmision MEP-63720-DRA,BAJA CALIFORNIA,TIJUANA,69.0,COSTA,BAJA CALIFORNIA,TIJUANA,BAJA CALIFORNIA,2,BAJA CALIFORNIA,4,TIJUANA,TIJUANA,"1,000 - 2,000"
2026-10-07,MDA,BCA,07CAE-69,14,1246.27,1235.33,10.95,0.0,07CAE-69,Carga particular en linea de transmision MEP-63720-DRA,BAJA CALIFORNIA,TIJUANA,69.0,COSTA,BAJA CALIFORNIA,TIJUANA,BAJA CALIFORNIA,2,BAJA CALIFORNIA,4,TIJUANA,TIJUANA,"1,000 - 2,000"
2026-10-07,MDA,BCA,07CAE-69,15,1509.96,1497.11,12.85,0.0,07CAE-69,Carga particular en linea de transmision MEP-63720-DRA,BAJA CALIFORNIA,TIJUANA,69.0,COSTA,BAJA CALIFORNIA,TIJUANA,BAJA CALIFORNIA,2,BAJA CALIFORNIA,4,TIJUANA,TIJUANA,"1,000 - 2,000"
2026-10-07,MDA,BCA,07CAE-69,16,1506.45,1493.21,13.24,0.0,07CAE-69,Carga particular en linea de transmision MEP-63720-DRA,BAJA CALIFORNIA,TIJUANA,69.0,COSTA,BAJA CALIFORNIA,TIJUANA,BAJA CALIFORNIA,2,BAJA CALIFORNIA,4,TIJUANA,TIJUANA,"1,000 - 2,000"
2026-10-07,MDA,BCA,07CAE-69,17,1668.34,1653.66,14.69,0.0,07CAE-69,Carga particular en linea de transmision MEP-63720-DRA,BAJA CALIFORNIA,TIJUANA,69.0,COSTA,BAJA CALIFORNIA,TIJUANA,BAJA CALIFORNIA,2,BAJA CALIFORNIA,4,TIJUANA,TIJUANA,"1,000 - 2,000"
2026-10-07,MDA,BCA,07CAE-69,18,3527.23,3495.89,31.34,0.0,07CAE-69,Carga particular en linea de transmision MEP-63720-DRA,BAJA CALIFORNIA,TIJUANA,69.0,COSTA,BAJA CALIFORNIA,TIJUANA,BAJA CALIFORNIA,2,BAJA CALIFORNIA,4,TIJUANA,TIJUANA,"2,000 - 5,000"
2026-10-07,MDA,BCA,07CAE-69,19,3850.39,3815.54,34.85,0.0,07CAE-69,Carga particular en linea de transmision MEP-63720-DRA,BAJA CALIFORNIA,TIJUANA,69.0,COSTA,BAJA CALIFORNIA,TIJUANA,BAJA CALIFORNIA,2,BAJA CALIFORNIA,4,TIJUANA,TIJUANA,"2,000 - 5,000"
2026-10-07,MDA,BCA,07CAE-69,20,3581.97,3549.1,32.87,0.0,07CAE-69,Carga particular en linea de transmision MEP-63720-DRA,BAJA CALIFORNIA,TIJUANA,69.0,COSTA,BAJA CALIFORNIA,TIJUANA,BAJA CALIFORNIA,2,BAJA CALIFORNIA,4,TIJUANA,TIJUANA,"2,000 - 5,000"
2026-10-07,MDA,BCA,07CAE-69,21,2800.44,2774.55,25.89,0.0,07CAE-69,Carga particular en linea de transmision MEP-63720-DRA,BAJA CALIFORNIA,TIJUANA,69.0,COSTA,BAJA CALIFORNIA,TIJUANA,BAJA CALIFORNIA,2,BAJA CALIFORNIA,4,TIJUANA,TIJUANA,"2,000 - 5,000"
2026-10-07,MDA,BCA,07CAE-69,22,2556.42,2532.25,24.17,0.0,07CAE-69,Carga particular en linea de transmision MEP-63720-DRA,BAJA CALIFORNIA,TIJUANA,69.0,COSTA,BAJA CALIFORNIA,TIJUANA,BAJA CALIFORNIA,2,BAJA CALIFORNIA,4,TIJUANA,TIJUANA,"2,000 - 5,000"
2026-10-07,MDA,BCA,07CAE-69,23,1909.7,1891.38,18.32,0.0,07CAE-69,Carga particular en linea de transmision MEP-63720-DRA,BAJA CALIFORNIA,TIJUANA,69.0,COSTA,BAJA CALIFORNIA,TIJUANA,BAJA CALIFORNIA,2,BAJA CALIFORNIA,4,TIJUANA,TIJUANA,"1,000 - 2,000"
2026-10-07,MDA,BCA,07CAE-69,24,1267.52,1255.72,11.8,0.0,07CAE-69,Carga particular en linea de transmision MEP-63720-DRA,BAJA CALIFORNIA,TIJUANA,69.0,COSTA,BAJA CALIFORNIA,TIJUANA,BAJA CALIFORNIA,2,BAJA CALIFORNIA,4,TIJUANA,TIJUANA,"1,000 - 2,000"
2026-10-07,MDA,BCA,07CES-69,1,1782.09,1767.84,14.25,0.0,07CES-69,Carga particular en linea de transmision MEP-63480-TJI,BAJA CALIFORNIA,TIJUANA,69.0,COSTA,BAJA CALIFORNIA,TIJUANA,BAJA CALIFORNIA,2,BAJA CALIFORNIA,4,TIJUANA,TIJUANA,"1,000 - 2,000"
2026-10-07,MDA,BCA,07CES-69,2,1163.92,1154.64,9.29,0.0,07CES-69,Carga particular en linea de transmision MEP-63480-TJI,BAJA CALIFORNIA,TIJUANA,69.0,COSTA,BAJA CALIFORNIA,TIJUANA,BAJA CALIFORNIA,2,BAJA CALIFORNIA,4,TIJUANA,TIJUANA,"1,000 - 2,000"
2026-10-07,MDA,BCA,07CES-69,3,764.55,758.91,5.65,0.0,07CES-69,Carga particular en linea de transmision MEP-63480-TJI,BAJA CALIFORNIA,TIJUANA,69.0,COSTA,BAJA CALIFORNIA,TIJUANA,BAJA CALIFORNIA,2,BAJA CALIFORNIA,4,TIJUANA,TIJUANA,"500 - 1,000"
2026-10-07,MDA,BCA,07CES-69,4,673.07,668.11,4.96,0.0,07CES-69,Carga particular en linea de transmision MEP-63480-TJI,BAJA CALIFORNIA,TIJUANA,69.0,COSTA,BAJA CALIFORNIA,TIJUANA,BAJA CALIFORNIA,2,BAJA CALIFORNIA,4,TIJUANA,TIJUANA,"500 - 1,000"
2026-10-07,MDA,BCA,07CES-69,5,674.62,669.64,4.98,0.0,07CES-69,Carga particular en linea de transmision MEP-63480-TJI,BAJA CALIFORNIA,TIJUANA,69.0,COSTA,BAJA CALIFORNIA,TIJUANA,BAJA CALIFORNIA,2,BAJA CALIFORNIA,4,TIJUANA,TIJUANA,"500 - 1,000"
2026-10-07,MDA,BCA,07CES-69,6,655.65,650.89,4.76,0.0,07CES-69,Carga particular en linea de transmision MEP-63480-TJI,BAJA CALIFORNIA,TIJUANA,69.0,COSTA,BAJA CALIFORNIA,TIJUANA,BAJA CALIFORNIA,2,BAJA CALIFORNIA,4,TIJUANA,TIJUANA,"500 - 1,000"
2026-10-07,MDA,BCA,07CES-69,7,749.35,744.05,5.3,0.0,07CES-69,Carga particular en linea de transmision MEP-63480-TJI,BAJA CALIFORNIA,TIJUANA,69.0,COSTA,BAJA CALIFORNIA,TIJUANA,BAJA CALIFORNIA,2,BAJA CALIFORNIA,4,TIJUANA,TIJUANA,"500 - 1,000"
2026-10-07,MDA,BCA,07CES-69,8,769.75,764.19,5.56,0.0,07CES-69,Carga particular en linea de transmision MEP-63480-TJI,BAJA CALIFORNIA,TIJUANA,69.0,COSTA,BAJA CALIFORNIA,TIJUANA,BAJA CALIFORNIA,2,BAJA CALIFORNIA,4,TIJUANA,TIJUANA,"500 - 1,000"
2026-10-07,MDA,BCA,07CES-69,9,1204.15,1195.72,8.43,0.0,07CES-69,Carga particular en linea de transmision MEP-63480-TJI,BAJA CALIFORNIA,TIJUANA,69.0,COSTA,BAJA CALIFORNIA,TIJUANA,BAJA CALIFORNIA,2,BAJA CALIFORNIA,4,TIJUANA,TIJUANA,"1,000 - 2,000"
2026-10-07,MDA,BCA,07CES-69,10,1101.14,1093.14,8.0,0.0,07CES-69,Carga particular en linea de transmision MEP-63480-TJI,BAJA CALIFORNIA,TIJUANA,69.0,COSTA,BAJA CALIFORNIA,TIJUANA,BAJA CALIFORNIA,2,BAJA CALIFORNIA,4,TIJUANA,TIJUANA,"1,000 - 2,000"
2026-10-07,MDA,BCA,07CES-69,11,1215.86,1207.07,8.79,0.0,07CES-69,Carga particular en linea de transmision MEP-63480-TJI,BAJA CALIFORNIA,TIJUANA,69.0,COSTA,BAJA CALIFORNIA,TIJUANA,BAJA CALIFORNIA,2,BAJA CALIFORNIA,4,TIJUANA,TIJUANA,"1,000 - 2,000"
2026-10-07,MDA,BCA,07CES-69,12,1241.4,1232.59,8.81,0.0,07CES-69,Carga particular en linea de transmision MEP-63480-TJI,BAJA CALIFORNIA,TIJUANA,69.0,COSTA,BAJA CALIFORNIA,TIJUANA,BAJA CALIFORNIA,2,BAJA CALIFORNIA,4,TIJUANA,TIJUANA,"1,000 - 2,000"
2026-10-07,MDA,BCA,07CES-69,13,1205.16,1196.63,8.53,0.0,07CES-69,Carga particular en linea de transmision MEP-63480-TJI,BAJA CALIFORNIA,TIJUANA,69.0,COSTA,BAJA CALIFORNIA,TIJUANA,BAJA CALIFORNIA,2,BAJA CALIFORNIA,4,TIJUANA,TIJUANA,"1,000 - 2,000"
2026-10-07,MDA,BCA,07CES-69,14,1244.21,1235.33,8.89,0.0,07CES-69,Carga particular en linea de transmision MEP-63480-TJI,BAJA CALIFORNIA,TIJUANA,69.0,COSTA,BAJA CALIFORNIA,TIJUANA,BAJA CALIFORNIA,2,BAJA CALIFORNIA,4,TIJUANA,TIJUANA,"1,000 - 2,000"
2026-10-07,MDA,BCA,07CES-69,15,1507.38,1497.11,10.27,0.0,07CES-69,Carga particular en linea de transmision MEP-63480-TJI,BAJA CALIFORNIA,TIJUANA,69.0,COSTA,BAJA CALIFORNIA,TIJUANA,BAJA CALIFORNIA,2,BAJA CALIFORNIA,4,TIJUANA,TIJUANA,"1,000 - 2,000"
2026-10-07,MDA,BCA,07CES-69,16,1504.05,1493.21,10.83,0.0,07CES-69,Carga particular en linea de transmision MEP-63480-TJI,BAJA CALIFORNIA,TIJUANA,69.0,COSTA,BAJA CALIFORNIA,TIJUANA,BAJA CALIFORNIA,2,BAJA CALIFORNIA,4,TIJUANA,TIJUANA,"1,000 - 2,000"
2026-10-07,MDA,BCA,07CES-69,17,1665.59,1653.66,11.94,0.0,07CES-69,Carga particular en linea de transmision MEP-63480-TJI,BAJA CALIFORNIA,TIJUANA,69.0,COSTA,BAJA CALIFORNIA,TIJUANA,BAJA CALIFORNIA,2,BAJA CALIFORNIA,4,TIJUANA,TIJUANA,"1,000 - 2,000"
2026-10-07,MDA,BCA,07CES-69,18,3521.47,3495.89,25.58,0.0,07CES-69,Carga particular en linea de transmision MEP-63480-TJI,BAJA CALIFORNIA,TIJUANA,69.0,COSTA,BAJA CALIFORNIA,TIJUANA,BAJA CALIFORNIA,2,BAJA CALIFORNIA,4,TIJUANA,TIJUANA,"2,000 - 5,000"
2026-10-07,MDA,BCA,07CES-69,19,3844.05,3815.54,28.5,0.0,07CES-69,Carga particular en linea de transmision MEP-63480-TJI,BAJA CALIFORNIA,TIJUANA,69.0,COSTA,BAJA CALIFORNIA,TIJUANA,BAJA CALIFORNIA,2,BAJA CALIFORNIA,4,TIJUANA,TIJUANA,"2,000 - 5,000"
2026-10-07,MDA,BCA,07CES-69,20,3575.71,3549.1,26.61,0.0,07CES-69,Carga particular en linea de transmision MEP-63480-TJI,BAJA CALIFORNIA,TIJUANA,69.0,COSTA,BAJA CALIFORNIA,TIJUANA,BAJA CALIFORNIA,2,BAJA CALIFORNIA,4,TIJUANA,TIJUANA,"2,000 - 5,000"
2026-10-07,MDA,BCA,07CES-69,21,2795.29,2774.55,20.74,0.0,07CES-69,Carga particular en linea de transmision MEP-63480-TJI,BAJA CALIFORNIA,TIJUANA,69.0,COSTA,BAJA CALIFORNIA,TIJUANA,BAJA CALIFORNIA,2,BAJA CALIFORNIA,4,TIJUANA,TIJUANA,"2,000 - 5,000"
2026-10-07,MDA,BCA,07CES-69,22,2551.94,2532.25,19.69,0.0,07CES-69,Carga particular en linea de transmision MEP-63480-TJI,BAJA CALIFORNIA,TIJUANA,69.0,COSTA,BAJA CALIFORNIA,TIJUANA,BAJA CALIFORNIA,2,BAJA CALIFORNIA,4,TIJUANA,TIJUANA,"2,000 - 5,000"
2026-10-07,MDA,BCA,07CES-69,23,1906.93,1891.38,15.55,0.0,07CES-69,Carga particular en linea de transmision MEP-63480-TJI,BAJA CALIFORNIA,TIJUANA,69.0,COSTA,BAJA CALIFORNIA,TIJUANA,BAJA CALIFORNIA,2,BAJA CALIFORNIA,4,TIJUANA,TIJUANA,"1,000 - 2,000"
2026-10-07,MDA,BCA,07CES-69,24,1265.92,1255.72,10.21,0.0,07CES-69,Carga particular en linea de transmision MEP-63480-TJI,BAJA CALIFORNIA,TIJUANA,69.0,COSTA,BAJA CALIFORNIA,TIJUANA,BAJA CALIFORNIA,2,BAJA CALIFORNIA,4,TIJUANA,TIJUANA,"1,000 - 2,000"
2026-10-07,MDA,BCA,07CFP-400,1,1761.71,1767.84,-6.12,0.0,07CFP-400,Puerto Peñasco 400kV,BAJA CALIFORNIA,MEXICALI,400.0,NORTE,NOROESTE,SAN LUIS,BAJA CALIFORNIA,26,SONORA,48,PUERTO PEÑASCO,HERMOSILLO,"1,000 - 2,000"
2026-10-07,MDA,BCA,07CFP-400,2,1149.89,1154.64,-4.74,0.0,07CFP-400,Puerto Peñasco 400kV,BAJA CALIFORNIA,MEXICALI,400.0,NORTE,NOROESTE,SAN LUIS,BAJA CALIFORNIA,26,SONORA,48,PUERTO PEÑASCO,HERMOSILLO,"1,000 - 2,000"
2026-10-07,MDA,BCA,07CFP-400,3,754.48,758.91,-4.43,0.0,07CFP-400,Puerto Peñasco 400kV,BAJA CALIFORNIA,MEXICALI,400.0,NORTE,NOROESTE,SAN LUIS,BAJA CALIFORNIA,26,SONORA,48,PUERTO PEÑASCO,HERMOSILLO,"500 - 1,000"
2026-10-07,MDA,BCA,07CFP-400,4,664.71,668.11,-3.4,0.0,07CFP-400,Puerto Peñasco 400kV,BAJA CALIFORNIA,MEXICALI,400.0,NORTE,NOROESTE,SAN LUIS,BAJA CALIFORNIA,26,SONORA,48,PUERTO PEÑASCO,HERMOSILLO,"500 - 1,000"
2026-10-07,MDA,BCA,07CFP-400,5,666.77,669.64,-2.87,0.0,07CFP-400,Puerto Peñasco 400kV,BAJA CALIFORNIA,MEXICALI,400.0,NORTE,NOROESTE,SAN LUIS,BAJA CALIFORNIA,26,SONORA,48,PUERTO PEÑASCO,HERMOSILLO,"500 - 1,000"
2026-10-07,MDA,BCA,07CFP-400,6,647.81,650.89,-3.08,0.0,07CFP-400,Puerto Peñasco 400kV,BAJA CALIFORNIA,MEXICALI,400.0,NORTE,NOROESTE,SAN LUIS,BAJA CALIFORNIA,26,SONORA,48,PUERTO PEÑASCO,HERMOSILLO,"500 - 1,000"
2026-10-07,MDA,BCA,07CFP-400,7,737.74,744.05,-6.31,0.0,07CFP-400,Puerto Peñasco 400kV,BAJA CALIFORNIA,MEXICALI,400.0,NORTE,NOROESTE,SAN LUIS,BAJA CALIFORNIA,26,SONORA,48,PUERTO PEÑASCO,HERMOSILLO,"500 - 1,000"
2026-10-07,MDA,BCA,07CFP-400,8,749.76,764.19,-14.43,0.0,07CFP-400,Puerto Peñasco 400kV,BAJA CALIFORNIA,MEXICALI,400.0,NORTE,NOROESTE,SAN LUIS,BAJA CALIFORNIA,26,SONORA,48,PUERTO PEÑASCO,HERMOSILLO,"500 - 1,000"
2026-10-07,MDA,BCA,07CFP-400,9,1151.04,1195.72,-44.68,0.0,07CFP-400,Puerto Peñasco 400kV,BAJA CALIFORNIA,MEXICALI,400.0,NORTE,NOROESTE,SAN LUIS,BAJA CALIFORNIA,26,SONORA,48,PUERTO PEÑASCO,HERMOSILLO,"1,000 - 2,000"
2026-10-07,MDA,BCA,07CFP-400,10,1047.44,1093.14,-45.7,0.0,07CFP-400,Puerto Peñasco 400kV,BAJA CALIFORNIA,MEXICALI,400.0,NORTE,NOROESTE,SAN LUIS,BAJA CALIFORNIA,26,SONORA,48,PUERTO PEÑASCO,HERMOSILLO,"1,000 - 2,000"
2026-10-07,MDA,BCA,07CFP-400,11,1160.9,1207.07,-46.18,0.0,07CFP-400,Puerto Peñasco 400kV,BAJA CALIFORNIA,MEXICALI,400.0,NORTE,NOROESTE,SAN LUIS,BAJA CALIFORNIA,26,SONORA,48,PUERTO PEÑASCO,HERMOSILLO,"1,000 - 2,000"
2026-10-07,MDA,BCA,07CFP-400,12,1182.26,1232.59,-50.33,0.0,07CFP-400,Puerto Peñasco 400kV,BAJA CALIFORNIA,MEXICALI,400.0,NORTE,NOROESTE,SAN LUIS,BAJA CALIFORNIA,26,SONORA,48,PUERTO PEÑASCO,HERMOSILLO,"1,000 - 2,000"
2026-10-07,MDA,BCA,07CFP-400,13,1143.02,1196.63,-53.61,0.0,07CFP-400,Puerto Peñasco 400kV,BAJA CALIFORNIA,MEXICALI,400.0,NORTE,NOROESTE,SAN LUIS,BAJA CALIFORNIA,26,SONORA,48,PUERTO PEÑASCO,HERMOSILLO,"1,000 - 2,000"
2026-10-07,MDA,BCA,07CFP-400,14,1180.54,1235.33,-54.79,0.0,07CFP-400,Puerto Peñasco 400kV,BAJA CALIFORNIA,MEXICALI,400.0,NORTE,NOROESTE,SAN LUIS,BAJA CALIFORNIA,26,SONORA,48,PUERTO PEÑASCO,HERMOSILLO,"1,000 - 2,000"
2026-10-07,MDA,BCA,07CFP-400,15,1433.64,1497.11,-63.47,0.0,07CFP-400,Puerto Peñasco 400kV,BAJA CALIFORNIA,MEXICALI,400.0,NORTE,NOROESTE,SAN LUIS,BAJA CALIFORNIA,26,SONORA,48,PUERTO PEÑASCO,HERMOSILLO,"1,000 - 2,000"
2026-10-07,MDA,BCA,07CFP-400,16,1429.73,1493.21,-63.48,0.0,07CFP-400,Puerto Peñasco 400kV,BAJA CALIFORNIA,MEXICALI,400.0,NORTE,NOROESTE,SAN LUIS,BAJA CALIFORNIA,26,SONORA,48,PUERTO PEÑASCO,HERMOSILLO,"1,000 - 2,000"
2026-10-07,MDA,BCA,07CFP-400,17,1607.94,1653.66,-45.72,0.0,07CFP-400,Puerto Peñasco 400kV,BAJA CALIFORNIA,MEXICALI,400.0,NORTE,NOROESTE,SAN LUIS,BAJA CALIFORNIA,26,SONORA,48,PUERTO PEÑASCO,HERMOSILLO,"1,000 - 2,000"
2026-10-07,MDA,BCA,07CFP-400,18,3446.92,3495.89,-48.97,0.0,07CFP-400,Puerto Peñasco 400kV,BAJA CALIFORNIA,MEXICALI,400.0,NORTE,NOROESTE,SAN LUIS,BAJA CALIFORNIA,26,SONORA,48,PUERTO PEÑASCO,HERMOSILLO,"2,000 - 5,000"
2026-10-07,MDA,BCA,07CFP-400,19,3774.64,3815.54,-40.9,0.0,07CFP-400,Puerto Peñasco 400kV,BAJA CALIFORNIA,MEXICALI,400.0,NORTE,NOROESTE,SAN LUIS,BAJA CALIFORNIA,26,SONORA,48,PUERTO PEÑASCO,HERMOSILLO,"2,000 - 5,000"
2026-10-07,MDA,BCA,07CFP-400,20,3516.36,3549.1,-32.75,0.0,07CFP-400,Puerto Peñasco 400kV,BAJA CALIFORNIA,MEXICALI,400.0,NORTE,NOROESTE,SAN LUIS,BAJA CALIFORNIA,26,SONORA,48,PUERTO PEÑASCO,HERMOSILLO,"2,000 - 5,000"
2026-10-07,MDA,BCA,07CFP-400,21,2756.8,2774.55,-17.75,0.0,07CFP-400,Puerto Peñasco 400kV,BAJA CALIFORNIA,MEXICALI,400.0,NORTE,NOROESTE,SAN LUIS,BAJA CALIFORNIA,26,SONORA,48,PUERTO PEÑASCO,HERMOSILLO,"2,000 - 5,000"
2026-10-07,MDA,BCA,07CFP-400,22,2518.14,2532.25,-14.11,0.0,07CFP-400,Puerto Peñasco 400kV,BAJA CALIFORNIA,MEXICALI,400.0,NORTE,NOROESTE,SAN LUIS,BAJA CALIFORNIA,26,SONORA,48,PUERTO PEÑASCO,HERMOSILLO,"2,000 - 5,000"
2026-10-07,MDA,BCA,07CFP-400,23,1879.97,1891.38,-11.41,0.0,07CFP-400,Puerto Peñasco 400kV,BAJA CALIFORNIA,MEXICALI,400.0,NORTE,NOROESTE,SAN LUIS,BAJA CALIFORNIA,26,SONORA,48,PUERTO PEÑASCO,HERMOSILLO,"1,000 - 2,000"
2026-10-07,MDA,BCA,07CFP-400,24,1245.96,1255.72,-9.76,0.0,07CFP-400,Puerto Peñasco 400kV,BAJA CALIFORNIA,MEXICALI,400.0,NORTE,NOROESTE,SAN LUIS,BAJA CALIFORNIA,26,SONORA,48,PUERTO PEÑASCO,HERMOSILLO,"1,000 - 2,000"
2026-10-07,MDA,BCA,07CHQ-230,1,1776.85,1767.84,9.01,0.0,07CHQ-230,Chapultepec,BAJA CALIFORNIA,SANLUIS,230.0,VALLE,BAJA CALIFORNIA,SAN LUIS,BAJA CALIFORNIA,26,SONORA,55,SAN LUIS RIO COLORADO,SAN LUIS RIO COLORADO,"1,000 - 2,000"
2026-10-07,MDA,BCA,07CHQ-230,2,1159.09,1154.64,4.45,0.0,07CHQ-230,Chapultepec,BAJA CALIFORNIA,SANLUIS,230.0,VALLE,BAJA CALIFORNIA,SAN LUIS,BAJA CALIFORNIA,26,SONORA,55,SAN LUIS RIO COLORADO,SAN LUIS RIO COLORADO,"1,000 - 2,000"
2026-10-07,MDA,BCA,07CHQ-230,3,760.18,758.91,1.27,0.0,07CHQ-230,Chapultepec,BAJA CALIFORNIA,SANLUIS,230.0,VALLE,BAJA CALIFORNIA,SAN LUIS,BAJA CALIFORNIA,26,SONORA,55,SAN LUIS RIO COLORADO,SAN LUIS RIO COLORADO,"500 - 1,000"
2026-10-07,MDA,BCA,07CHQ-230,4,669.42,668.11,1.31,0.0,07CHQ-230,Chapultepec,BAJA CALIFORNIA,SANLUIS,230.0,VALLE,BAJA CALIFORNIA,SAN LUIS,BAJA CALIFORNIA,26,SONORA,55,SAN LUIS RIO COLORADO,SAN LUIS RIO COLORADO,"500 - 1,000"
2026-10-07,MDA,BCA,07CHQ-230,5,671.45,669.64,1.81,0.0,07CHQ-230,Chapultepec,BAJA CALIFORNIA,SANLUIS,230.0,VALLE,BAJA CALIFORNIA,SAN LUIS,BAJA CALIFORNIA,26,SONORA,55,SAN LUIS RIO COLORADO,SAN LUIS RIO COLORADO,"500 - 1,000"
2026-10-07,MDA,BCA,07CHQ-230,6,652.26,650.89,1.37,0.0,07CHQ-230,Chapultepec,BAJA CALIFORNIA,SANLUIS,230.0,VALLE,BAJA CALIFORNIA,SAN LUIS,BAJA CALIFORNIA,26,SONORA,55,SAN LUIS RIO COLORADO,SAN LUIS RIO COLORADO,"500 - 1,000"
2026-10-07,MDA,BCA,07CHQ-230,7,742.89,744.05,-1.16,0.0,07CHQ-230,Chapultepec,BAJA CALIFORNIA,SANLUIS,230.0,VALLE,BAJA CALIFORNIA,SAN LUIS,BAJA CALIFORNIA,26,SONORA,55,SAN LUIS RIO COLORADO,SAN LUIS RIO COLORADO,"500 - 1,000"
2026-10-07,MDA,BCA,07CHQ-230,8,760.47,764.19,-3.72,0.0,07CHQ-230,Chapultepec,BAJA CALIFORNIA,SANLUIS,230.0,VALLE,BAJA CALIFORNIA,SAN LUIS,BAJA CALIFORNIA,26,SONORA,55,SAN LUIS RIO COLORADO,SAN LUIS RIO COLORADO,"500 - 1,000"
2026-10-07,MDA,BCA,07CHQ-230,9,1178.43,1195.72,-17.29,0.0,07CHQ-230,Chapultepec,BAJA CALIFORNIA,SANLUIS,230.0,VALLE,BAJA CALIFORNIA,SAN LUIS,BAJA CALIFORNIA,26,SONORA,55,SAN LUIS RIO COLORADO,SAN LUIS RIO COLORADO,"1,000 - 2,000"
2026-10-07,MDA,BCA,07CHQ-230,10,1076.12,1093.14,-17.02,0.0,07CHQ-230,Chapultepec,BAJA CALIFORNIA,SANLUIS,230.0,VALLE,BAJA CALIFORNIA,SAN LUIS,BAJA CALIFORNIA,26,SONORA,55,SAN LUIS RIO COLORADO,SAN LUIS RIO COLORADO,"1,000 - 2,000"
2026-10-07,MDA,BCA,07CHQ-230,11,1195.74,1207.07,-11.33,0.0,07CHQ-230,Chapultepec,BAJA CALIFORNIA,SANLUIS,230.0,VALLE,BAJA CALIFORNIA,SAN LUIS,BAJA CALIFORNIA,26,SONORA,55,SAN LUIS RIO COLORADO,SAN LUIS RIO COLORADO,"1,000 - 2,000"
2026-10-07,MDA,BCA,07CHQ-230,12,1221.19,1232.59,-11.39,0.0,07CHQ-230,Chapultepec,BAJA CALIFORNIA,SANLUIS,230.0,VALLE,BAJA CALIFORNIA,SAN LUIS,BAJA CALIFORNIA,26,SONORA,55,SAN LUIS RIO COLORADO,SAN LUIS RIO COLORADO,"1,000 - 2,000"
2026-10-07,MDA,BCA,07CHQ-230,13,1180.79,1196.63,-15.84,0.0,07CHQ-230,Chapultepec,BAJA CALIFORNIA,SANLUIS,230.0,VALLE,BAJA CALIFORNIA,SAN LUIS,BAJA CALIFORNIA,26,SONORA,55,SAN LUIS RIO COLORADO,SAN LUIS RIO COLORADO,"1,000 - 2,000"
2026-10-07,MDA,BCA,07CHQ-230,14,1220.19,1235.33,-15.13,0.0,07CHQ-230,Chapultepec,BAJA CALIFORNIA,SANLUIS,230.0,VALLE,BAJA CALIFORNIA,SAN LUIS,BAJA CALIFORNIA,26,SONORA,55,SAN LUIS RIO COLORADO,SAN LUIS RIO COLORADO,"1,000 - 2,000"
2026-10-07,MDA,BCA,07CHQ-230,15,1484.72,1497.11,-12.39,0.0,07CHQ-230,Chapultepec,BAJA CALIFORNIA,SANLUIS,230.0,VALLE,BAJA CALIFORNIA,SAN LUIS,BAJA CALIFORNIA,26,SONORA,55,SAN LUIS RIO COLORADO,SAN LUIS RIO COLORADO,"1,000 - 2,000"
2026-10-07,MDA,BCA,07CHQ-230,16,1479.15,1493.21,-14.06,0.0,07CHQ-230,Chapultepec,BAJA CALIFORNIA,SANLUIS,230.0,VALLE,BAJA CALIFORNIA,SAN LUIS,BAJA CALIFORNIA,26,SONORA,55,SAN LUIS RIO COLORADO,SAN LUIS RIO COLORADO,"1,000 - 2,000"
2026-10-07,MDA,BCA,07CHQ-230,17,1654.61,1653.66,0.95,0.0,07CHQ-230,Chapultepec,BAJA CALIFORNIA,SANLUIS,230.0,VALLE,BAJA CALIFORNIA,SAN LUIS,BAJA CALIFORNIA,26,SONORA,55,SAN LUIS RIO COLORADO,SAN LUIS RIO COLORADO,"1,000 - 2,000"
2026-10-07,MDA,BCA,07CHQ-230,18,3502.01,3495.89,6.12,0.0,07CHQ-230,Chapultepec,BAJA CALIFORNIA,SANLUIS,230.0,VALLE,BAJA CALIFORNIA,SAN LUIS,BAJA CALIFORNIA,26,SONORA,55,SAN LUIS RIO COLORADO,SAN LUIS RIO COLORADO,"2,000 - 5,000"
2026-10-07,MDA,BCA,07CHQ-230,19,3836.44,3815.54,20.9,0.0,07CHQ-230,Chapultepec,BAJA CALIFORNIA,SANLUIS,230.0,VALLE,BAJA CALIFORNIA,SAN LUIS,BAJA CALIFORNIA,26,SONORA,55,SAN LUIS RIO COLORADO,SAN LUIS RIO COLORADO,"2,000 - 5,000"
2026-10-07,MDA,BCA,07CHQ-230,20,3566.61,3549.1,17.5,0.0,07CHQ-230,Chapultepec,BAJA CALIFORNIA,SANLUIS,230.0,VALLE,BAJA CALIFORNIA,SAN LUIS,BAJA CALIFORNIA,26,SONORA,55,SAN LUIS RIO COLORADO,SAN LUIS RIO COLORADO,"2,000 - 5,000"
2026-10-07,MDA,BCA,07CHQ-230,21,2787.25,2774.55,12.7,0.0,07CHQ-230,Chapultepec,BAJA CALIFORNIA,SANLUIS,230.0,VALLE,BAJA CALIFORNIA,SAN LUIS,BAJA CALIFORNIA,26,SONORA,55,SAN LUIS RIO COLORADO,SAN LUIS RIO COLORADO,"2,000 - 5,000"
2026-10-07,MDA,BCA,07CHQ-230,22,2544.89,2532.25,12.64,0.0,07CHQ-230,Chapultepec,BAJA CALIFORNIA,SANLUIS,230.0,VALLE,BAJA CALIFORNIA,SAN LUIS,BAJA CALIFORNIA,26,SONORA,55,SAN LUIS RIO COLORADO,SAN LUIS RIO COLORADO,"2,000 - 5,000"
2026-10-07,MDA,BCA,07CHQ-230,23,1898.09,1891.38,6.71,0.0,07CHQ-230,Chapultepec,BAJA CALIFORNIA,SANLUIS,230.0,VALLE,BAJA CALIFORNIA,SAN LUIS,BAJA CALIFORNIA,26,SONORA,55,SAN LUIS RIO COLORADO,SAN LUIS RIO COLORADO,"1,000 - 2,000"
2026-10-07,MDA,BCA,07CHQ-230,24,1256.98,1255.72,1.26,0.0,07CHQ-230,Chapultepec,BAJA CALIFORNIA,SANLUIS,230.0,VALLE,BAJA CALIFORNIA,SAN LUIS,BAJA CALIFORNIA,26,SONORA,55,SAN LUIS RIO COLORADO,SAN LUIS RIO COLORADO,"1,000 - 2,000"
2026-10-07,MDA,BCA,07CIA-230,1,1781.94,1767.84,14.11,0.0,07CIA-230,Combustion Interna Altar,BAJA CALIFORNIA,SANLUIS,230.0,VALLE,BAJA CALIFORNIA,SAN LUIS,BAJA CALIFORNIA,26,SONORA,55,SAN LUIS RIO COLORADO,SAN LUIS RIO COLORADO,"1,000 - 2,000"
2026-10-07,MDA,BCA,07CIA-230,2,1162.26,1154.64,7.63,0.0,07CIA-230,Combustion Interna Altar,BAJA CALIFORNIA,SANLUIS,230.0,VALLE,BAJA CALIFORNIA,SAN LUIS,BAJA CALIFORNIA,26,SONORA,55,SAN LUIS RIO COLORADO,SAN LUIS RIO COLORADO,"1,000 - 2,000"
2026-10-07,MDA,BCA,07CIA-230,3,762.16,758.91,3.26,0.0,07CIA-230,Combustion Interna Altar,BAJA CALIFORNIA,SANLUIS,230.0,VALLE,BAJA CALIFORNIA,SAN LUIS,BAJA CALIFORNIA,26,SONORA,55,SAN LUIS RIO COLORADO,SAN LUIS RIO COLORADO,"500 - 1,000"
2026-10-07,MDA,BCA,07CIA-230,4,671.06,668.11,2.95,0.0,07CIA-230,Combustion Interna Altar,BAJA CALIFORNIA,SANLUIS,230.0,VALLE,BAJA CALIFORNIA,SAN LUIS,BAJA CALIFORNIA,26,SONORA,55,SAN LUIS RIO COLORADO,SAN LUIS RIO COLORADO,"500 - 1,000"
2026-10-07,MDA,BCA,07CIA-230,5,673.08,669.64,3.44,0.0,07CIA-230,Combustion Interna Altar,BAJA CALIFORNIA,SANLUIS,230.0,VALLE,BAJA CALIFORNIA,SAN LUIS,BAJA CALIFORNIA,26,SONORA,55,SAN LUIS RIO COLORADO,SAN LUIS RIO COLORADO,"500 - 1,000"
2026-10-07,MDA,BCA,07CIA-230,6,653.82,650.89,2.92,0.0,07CIA-230,Combustion Interna Altar,BAJA CALIFORNIA,SANLUIS,230.0,VALLE,BAJA CALIFORNIA,SAN LUIS,BAJA CALIFORNIA,26,SONORA,55,SAN LUIS RIO COLORADO,SAN LUIS RIO COLORADO,"500 - 1,000"
2026-10-07,MDA,BCA,07CIA-230,7,744.64,744.05,0.59,0.0,07CIA-230,Combustion Interna Altar,BAJA CALIFORNIA,SANLUIS,230.0,VALLE,BAJA CALIFORNIA,SAN LUIS,BAJA CALIFORNIA,26,SONORA,55,SAN LUIS RIO COLORADO,SAN LUIS RIO COLORADO,"500 - 1,000"
2026-10-07,MDA,BCA,07CIA-230,8,762.28,764.19,-1.91,0.0,07CIA-230,Combustion Interna Altar,BAJA CALIFORNIA,SANLUIS,230.0,VALLE,BAJA CALIFORNIA,SAN LUIS,BAJA CALIFORNIA,26,SONORA,55,SAN LUIS RIO COLORADO,SAN LUIS RIO COLORADO,"500 - 1,000"
2026-10-07,MDA,BCA,07CIA-230,9,1181.46,1195.72,-14.25,0.0,07CIA-230,Combustion Interna Altar,BAJA CALIFORNIA,SANLUIS,230.0,VALLE,BAJA CALIFORNIA,SAN LUIS,BAJA CALIFORNIA,26,SONORA,55,SAN LUIS RIO COLORADO,SAN LUIS RIO COLORADO,"1,000 - 2,000"
2026-10-07,MDA,BCA,07CIA-230,10,1079.0,1093.14,-14.14,0.0,07CIA-230,Combustion Interna Altar,BAJA CALIFORNIA,SANLUIS,230.0,VALLE,BAJA CALIFORNIA,SAN LUIS,BAJA CALIFORNIA,26,SONORA,55,SAN LUIS RIO COLORADO,SAN LUIS RIO COLORADO,"1,000 - 2,000"
2026-10-07,MDA,BCA,07CIA-230,11,1199.22,1207.07,-7.86,0.0,07CIA-230,Combustion Interna Altar,BAJA CALIFORNIA,SANLUIS,230.0,VALLE,BAJA CALIFORNIA,SAN LUIS,BAJA CALIFORNIA,26,SONORA,55,SAN LUIS RIO COLORADO,SAN LUIS RIO COLORADO,"1,000 - 2,000"
2026-10-07,MDA,BCA,07CIA-230,12,1225.15,1232.59,-7.44,0.0,07CIA-230,Combustion Interna Altar,BAJA CALIFORNIA,SANLUIS,230.0,VALLE,BAJA CALIFORNIA,SAN LUIS,BAJA CALIFORNIA,26,SONORA,55,SAN LUIS RIO COLORADO,SAN LUIS RIO COLORADO,"1,000 - 2,000"
2026-10-07,MDA,BCA,07CIA-230,13,1185.08,1196.63,-11.55,0.0,07CIA-230,Combustion Interna Altar,BAJA CALIFORNIA,SANLUIS,230.0,VALLE,BAJA CALIFORNIA,SAN LUIS,BAJA CALIFORNIA,26,SONORA,55,SAN LUIS RIO COLORADO,SAN LUIS RIO COLORADO,"1,000 - 2,000"
2026-10-07,MDA,BCA,07CIA-230,14,1225.05,1235.33,-10.27,0.0,07CIA-230,Combustion Interna Altar,BAJA CALIFORNIA,SANLUIS,230.0,VALLE,BAJA CALIFORNIA,SAN LUIS,BAJA CALIFORNIA,26,SONORA,55,SAN LUIS RIO COLORADO,SAN LUIS RIO COLORADO,"1,000 - 2,000"
2026-10-07,MDA,BCA,07CIA-230,15,1491.09,1497.11,-6.02,0.0,07CIA-230,Combustion Interna Altar,BAJA CALIFORNIA,SANLUIS,230.0,VALLE,BAJA CALIFORNIA,SAN LUIS,BAJA CALIFORNIA,26,SONORA,55,SAN LUIS RIO COLORADO,SAN LUIS RIO COLORADO,"1,000 - 2,000"
2026-10-07,MDA,BCA,07CIA-230,16,1485.44,1493.21,-7.77,0.0,07CIA-230,Combustion Interna Altar,BAJA CALIFORNIA,SANLUIS,230.0,VALLE,BAJA CALIFORNIA,SAN LUIS,BAJA CALIFORNIA,26,SONORA,55,SAN LUIS RIO COLORADO,SAN LUIS RIO COLORADO,"1,000 - 2,000"
2026-10-07,MDA,BCA,07CIA-230,17,1661.64,1653.66,7.98,0.0,07CIA-230,Combustion Interna Altar,BAJA CALIFORNIA,SANLUIS,230.0,VALLE,BAJA CALIFORNIA,SAN LUIS,BAJA CALIFORNIA,26,SONORA,55,SAN LUIS RIO COLORADO,SAN LUIS RIO COLORADO,"1,000 - 2,000"
2026-10-07,MDA,BCA,07CIA-230,18,3512.28,3495.89,16.39,0.0,07CIA-230,Combustion Interna Altar,BAJA CALIFORNIA,SANLUIS,230.0,VALLE,BAJA CALIFORNIA,SAN LUIS,BAJA CALIFORNIA,26,SONORA,55,SAN LUIS RIO COLORADO,SAN LUIS RIO COLORADO,"2,000 - 5,000"
2026-10-07,MDA,BCA,07CIA-230,19,3851.48,3815.54,35.94,0.0,07CIA-230,Combustion Interna Altar,BAJA CALIFORNIA,SANLUIS,230.0,VALLE,BAJA CALIFORNIA,SAN LUIS,BAJA CALIFORNIA,26,SONORA,55,SAN LUIS RIO COLORADO,SAN LUIS RIO COLORADO,"2,000 - 5,000"
2026-10-07,MDA,BCA,07CIA-230,20,3580.37,3549.1,31.27,0.0,07CIA-230,Combustion Interna Altar,BAJA CALIFORNIA,SANLUIS,230.0,VALLE,BAJA CALIFORNIA,SAN LUIS,BAJA CALIFORNIA,26,SONORA,55,SAN LUIS RIO COLORADO,SAN LUIS RIO COLORADO,"2,000 - 5,000"
2026-10-07,MDA,BCA,07CIA-230,21,2798.27,2774.55,23.73,0.0,07CIA-230,Combustion Interna Altar,BAJA CALIFORNIA,SANLUIS,230.0,VALLE,BAJA CALIFORNIA,SAN LUIS,BAJA CALIFORNIA,26,SONORA,55,SAN LUIS RIO COLORADO,SAN LUIS RIO COLORADO,"2,000 - 5,000"
2026-10-07,MDA,BCA,07CIA-230,22,2554.39,2532.25,22.14,0.0,07CIA-230,Combustion Interna Altar,BAJA CALIFORNIA,SANLUIS,230.0,VALLE,BAJA CALIFORNIA,SAN LUIS,BAJA CALIFORNIA,26,SONORA,55,SAN LUIS RIO COLORADO,SAN LUIS RIO COLORADO,"2,000 - 5,000"
2026-10-07,MDA,BCA,07CIA-230,23,1904.75,1891.38,13.38,0.0,07CIA-230,Combustion Interna Altar,BAJA CALIFORNIA,SANLUIS,230.0,VALLE,BAJA CALIFORNIA,SAN LUIS,BAJA CALIFORNIA,26,SONORA,55,SAN LUIS RIO COLORADO,SAN LUIS RIO COLORADO,"1,000 - 2,000"
2026-10-07,MDA,BCA,07CIA-230,24,1261.17,1255.72,5.45,0.0,07CIA-230,Combustion Interna Altar,BAJA CALIFORNIA,SANLUIS,230.0,VALLE,BAJA CALIFORNIA,SAN LUIS,BAJA CALIFORNIA,26,SONORA,55,SAN LUIS RIO COLORADO,SAN LUIS RIO COLORADO,"1,000 - 2,000"
2026-10-07,MDA,BCA,07CIP-115,1,1788.42,1767.84,20.59,0.0,07CIP-115,Cipres,BAJA CALIFORNIA,ENSENADA,115.0,COSTA,BAJA CALIFORNIA,ENSENADA,BAJA CALIFORNIA,2,BAJA CALIFORNIA,1,ENSENADA,ENSENADA,"1,000 - 2,000"
2026-10-07,MDA,BCA,07CIP-115,2,1167.22,1154.64,12.59,0.0,07CIP-115,Cipres,BAJA CALIFORNIA,ENSENADA,115.0,COSTA,BAJA CALIFORNIA,ENSENADA,BAJA CALIFORNIA,2,BAJA CALIFORNIA,1,ENSENADA,ENSENADA,"1,000 - 2,000"
2026-10-07,MDA,BCA,07CIP-115,3,768.44,758.91,9.54,0.0,07CIP-115,Cipres,BAJA CALIFORNIA,ENSENADA,115.0,COSTA,BAJA CALIFORNIA,ENSENADA,BAJA CALIFORNIA,2,BAJA CALIFORNIA,1,ENSENADA,ENSENADA,"500 - 1,000"
2026-10-07,MDA,BCA,07CIP-115,4,676.5,668.11,8.39,0.0,07CIP-115,Cipres,BAJA CALIFORNIA,ENSENADA,115.0,COSTA,BAJA CALIFORNIA,ENSENADA,BAJA CALIFORNIA,2,BAJA CALIFORNIA,1,ENSENADA,ENSENADA,"500 - 1,000"
2026-10-07,MDA,BCA,07CIP-115,5,677.89,669.64,8.25,0.0,07CIP-115,Cipres,BAJA CALIFORNIA,ENSENADA,115.0,COSTA,BAJA CALIFORNIA,ENSENADA,BAJA CALIFORNIA,2,BAJA CALIFORNIA,1,ENSENADA,ENSENADA,"500 - 1,000"
2026-10-07,MDA,BCA,07CIP-115,6,659.02,650.89,8.13,0.0,07CIP-115,Cipres,BAJA CALIFORNIA,ENSENADA,115.0,COSTA,BAJA CALIFORNIA,ENSENADA,BAJA CALIFORNIA,2,BAJA CALIFORNIA,1,ENSENADA,ENSENADA,"500 - 1,000"
2026-10-07,MDA,BCA,07CIP-115,7,753.87,744.05,9.82,0.0,07CIP-115,Cipres,BAJA CALIFORNIA,ENSENADA,115.0,COSTA,BAJA CALIFORNIA,ENSENADA,BAJA CALIFORNIA,2,BAJA CALIFORNIA,1,ENSENADA,ENSENADA,"500 - 1,000"
2026-10-07,MDA,BCA,07CIP-115,8,774.47,764.19,10.28,0.0,07CIP-115,Cipres,BAJA CALIFORNIA,ENSENADA,115.0,COSTA,BAJA CALIFORNIA,ENSENADA,BAJA CALIFORNIA,2,BAJA CALIFORNIA,1,ENSENADA,ENSENADA,"500 - 1,000"
2026-10-07,MDA,BCA,07CIP-115,9,1213.89,1195.72,18.17,0.0,07CIP-115,Cipres,BAJA CALIFORNIA,ENSENADA,115.0,COSTA,BAJA CALIFORNIA,ENSENADA,BAJA CALIFORNIA,2,BAJA CALIFORNIA,1,ENSENADA,ENSENADA,"1,000 - 2,000"
2026-10-07,MDA,BCA,07CIP-115,10,1107.7,1093.14,14.57,0.0,07CIP-115,Cipres,BAJA CALIFORNIA,ENSENADA,115.0,COSTA,BAJA CALIFORNIA,ENSENADA,BAJA CALIFORNIA,2,BAJA CALIFORNIA,1,ENSENADA,ENSENADA,"1,000 - 2,000"
2026-10-07,MDA,BCA,07CIP-115,11,1223.9,1207.07,16.83,0.0,07CIP-115,Cipres,BAJA CALIFORNIA,ENSENADA,115.0,COSTA,BAJA CALIFORNIA,ENSENADA,BAJA CALIFORNIA,2,BAJA CALIFORNIA,1,ENSENADA,ENSENADA,"1,000 - 2,000"
2026-10-07,MDA,BCA,07CIP-115,12,7645.05,1232.59,17.89,6394.57,07CIP-115,Cipres,BAJA CALIFORNIA,ENSENADA,115.0,COSTA,BAJA CALIFORNIA,ENSENADA,BAJA CALIFORNIA,2,BAJA CALIFORNIA,1,ENSENADA,ENSENADA,"5,000 - 10,000"
2026-10-07,MDA,BCA,07CIP-115,13,9288.6,1196.63,17.38,8074.6,07CIP-115,Cipres,BAJA CALIFORNIA,ENSENADA,115.0,COSTA,BAJA CALIFORNIA,ENSENADA,BAJA CALIFORNIA,2,BAJA CALIFORNIA,1,ENSENADA,ENSENADA,"5,000 - 10,000"
2026-10-07,MDA,BCA,07CIP-115,14,9998.55,1235.33,17.87,8745.35,07CIP-115,Cipres,BAJA CALIFORNIA,ENSENADA,115.0,COSTA,BAJA CALIFORNIA,ENSENADA,BAJA CALIFORNIA,2,BAJA CALIFORNIA,1,ENSENADA,ENSENADA,"5,000 - 10,000"
2026-10-07,MDA,BCA,07CIP-115,15,7619.08,1497.11,25.95,6096.02,07CIP-115,Cipres,BAJA CALIFORNIA,ENSENADA,115.0,COSTA,BAJA CALIFORNIA,ENSENADA,BAJA CALIFORNIA,2,BAJA CALIFORNIA,1,ENSENADA,ENSENADA,"5,000 - 10,000"
2026-10-07,MDA,BCA,07CIP-115,16,9207.41,1493.21,23.7,7690.49,07CIP-115,Cipres,BAJA CALIFORNIA,ENSENADA,115.0,COSTA,BAJA CALIFORNIA,ENSENADA,BAJA CALIFORNIA,2,BAJA CALIFORNIA,1,ENSENADA,ENSENADA,"5,000 - 10,000"
2026-10-07,MDA,BCA,07CIP-115,17,10723.35,1653.66,26.1,9043.6,07CIP-115,Cipres,BAJA CALIFORNIA,ENSENADA,115.0,COSTA,BAJA CALIFORNIA,ENSENADA,BAJA CALIFORNIA,2,BAJA CALIFORNIA,1,ENSENADA,ENSENADA,"10,000 o más"
2026-10-07,MDA,BCA,07CIP-115,18,10863.87,3495.89,55.91,7312.07,07CIP-115,Cipres,BAJA CALIFORNIA,ENSENADA,115.0,COSTA,BAJA CALIFORNIA,ENSENADA,BAJA CALIFORNIA,2,BAJA CALIFORNIA,1,ENSENADA,ENSENADA,"10,000 o más"
2026-10-07,MDA,BCA,07CIP-115,19,9816.53,3815.54,59.77,5941.22,07CIP-115,Cipres,BAJA CALIFORNIA,ENSENADA,115.0,COSTA,BAJA CALIFORNIA,ENSENADA,BAJA CALIFORNIA,2,BAJA CALIFORNIA,1,ENSENADA,ENSENADA,"5,000 - 10,000"
2026-10-07,MDA,BCA,07CIP-115,20,10223.98,3549.1,54.84,6620.03,07CIP-115,Cipres,BAJA CALIFORNIA,ENSENADA,115.0,COSTA,BAJA CALIFORNIA,ENSENADA,BAJA CALIFORNIA,2,BAJA CALIFORNIA,1,ENSENADA,ENSENADA,"10,000 o más"
2026-10-07,MDA,BCA,07CIP-115,21,9114.91,2774.55,43.28,6297.08,07CIP-115,Cipres,BAJA CALIFORNIA,ENSENADA,115.0,COSTA,BAJA CALIFORNIA,ENSENADA,BAJA CALIFORNIA,2,BAJA CALIFORNIA,1,ENSENADA,ENSENADA,"5,000 - 10,000"
2026-10-07,MDA,BCA,07CIP-115,22,10553.54,2532.25,35.94,7985.35,07CIP-115,Cipres,BAJA CALIFORNIA,ENSENADA,115.0,COSTA,BAJA CALIFORNIA,ENSENADA,BAJA CALIFORNIA,2,BAJA CALIFORNIA,1,ENSENADA,ENSENADA,"10,000 o más"
2026-10-07,MDA,BCA,07CIP-115,23,1916.63,1891.38,25.25,0.0,07CIP-115,Cipres,BAJA CALIFORNIA,ENSENADA,115.0,COSTA,BAJA CALIFORNIA,ENSENADA,BAJA CALIFORNIA,2,BAJA CALIFORNIA,1,ENSENADA,ENSENADA,"1,000 - 2,000"
2026-10-07,MDA,BCA,07CIP-115,24,1272.44,1255.72,16.72,0.0,07CIP-115,Cipres,BAJA CALIFORNIA,ENSENADA,115.0,COSTA,BAJA CALIFORNIA,ENSENADA,BAJA CALIFORNIA,2,BAJA CALIFORNIA,1,ENSENADA,ENSENADA,"1,000 - 2,000"
2026-10-07,MDA,BCA,07CME-115,1,1791.1,1767.84,23.26,0.0,07CME-115,Cemex,BAJA CALIFORNIA,ENSENADA,115.0,COSTA,BAJA CALIFORNIA,ENSENADA,BAJA CALIFORNIA,2,BAJA CALIFORNIA,1,ENSENADA,ENSENADA,"1,000 - 2,000"
2026-10-07,MDA,BCA,07CME-115,2,1168.91,1154.64,14.28,0.0,07CME-115,Cemex,BAJA CALIFORNIA,ENSENADA,115.0,COSTA,BAJA CALIFORNIA,ENSENADA,BAJA CALIFORNIA,2,BAJA CALIFORNIA,1,ENSENADA,ENSENADA,"1,000 - 2,000"
2026-10-07,MDA,BCA,07CME-115,3,769.47,758.91,10.56,0.0,07CME-115,Cemex,BAJA CALIFORNIA,ENSENADA,115.0,COSTA,BAJA CALIFORNIA,ENSENADA,BAJA CALIFORNIA,2,BAJA CALIFORNIA,1,ENSENADA,ENSENADA,"500 - 1,000"
2026-10-07,MDA,BCA,07CME-115,4,677.38,668.11,9.27,0.0,07CME-115,Cemex,BAJA CALIFORNIA,ENSENADA,115.0,COSTA,BAJA CALIFORNIA,ENSENADA,BAJA CALIFORNIA,2,BAJA CALIFORNIA,1,ENSENADA,ENSENADA,"500 - 1,000"
2026-10-07,MDA,BCA,07CME-115,5,678.78,669.64,9.14,0.0,07CME-115,Cemex,BAJA CALIFORNIA,ENSENADA,115.0,COSTA,BAJA CALIFORNIA,ENSENADA,BAJA CALIFORNIA,2,BAJA CALIFORNIA,1,ENSENADA,ENSENADA,"500 - 1,000"
2026-10-07,MDA,BCA,07CME-115,6,659.89,650.89,8.99,0.0,07CME-115,Cemex,BAJA CALIFORNIA,ENSENADA,115.0,COSTA,BAJA CALIFORNIA,ENSENADA,BAJA CALIFORNIA,2,BAJA CALIFORNIA,1,ENSENADA,ENSENADA,"500 - 1,000"
2026-10-07,MDA,BCA,07CME-115,7,754.87,744.05,10.82,0.0,07CME-115,Cemex,BAJA CALIFORNIA,ENSENADA,115.0,COSTA,BAJA CALIFORNIA,ENSENADA,BAJA CALIFORNIA,2,BAJA CALIFORNIA,1,ENSENADA,ENSENADA,"500 - 1,000"
2026-10-07,MDA,BCA,07CME-115,8,775.54,764.19,11.35,0.0,07CME-115,Cemex,BAJA CALIFORNIA,ENSENADA,115.0,COSTA,BAJA CALIFORNIA,ENSENADA,BAJA CALIFORNIA,2,BAJA CALIFORNIA,1,ENSENADA,ENSENADA,"500 - 1,000"
2026-10-07,MDA,BCA,07CME-115,9,1215.65,1195.72,19.93,0.0,07CME-115,Cemex,BAJA CALIFORNIA,ENSENADA,115.0,COSTA,BAJA CALIFORNIA,ENSENADA,BAJA CALIFORNIA,2,BAJA CALIFORNIA,1,ENSENADA,ENSENADA,"1,000 - 2,000"
2026-10-07,MDA,BCA,07CME-115,10,1109.5,1093.14,16.37,0.0,07CME-115,Cemex,BAJA CALIFORNIA,ENSENADA,115.0,COSTA,BAJA CALIFORNIA,ENSENADA,BAJA CALIFORNIA,2,BAJA CALIFORNIA,1,ENSENADA,ENSENADA,"1,000 - 2,000"
2026-10-07,MDA,BCA,07CME-115,11,1226.02,1207.07,18.95,0.0,07CME-115,Cemex,BAJA CALIFORNIA,ENSENADA,115.0,COSTA,BAJA CALIFORNIA,ENSENADA,BAJA CALIFORNIA,2,BAJA CALIFORNIA,1,ENSENADA,ENSENADA,"1,000 - 2,000"
2026-10-07,MDA,BCA,07CME-115,12,7647.22,1232.59,20.06,6394.57,07CME-115,Cemex,BAJA CALIFORNIA,ENSENADA,115.0,COSTA,BAJA CALIFORNIA,ENSENADA,BAJA CALIFORNIA,2,BAJA CALIFORNIA,1,ENSENADA,ENSENADA,"5,000 - 10,000"
2026-10-07,MDA,BCA,07CME-115,13,9290.79,1196.63,19.56,8074.6,07CME-115,Cemex,BAJA CALIFORNIA,ENSENADA,115.0,COSTA,BAJA CALIFORNIA,ENSENADA,BAJA CALIFORNIA,2,BAJA CALIFORNIA,1,ENSENADA,ENSENADA,"5,000 - 10,000"
2026-10-07,MDA,BCA,07CME-115,14,10000.87,1235.33,20.19,8745.35,07CME-115,Cemex,BAJA CALIFORNIA,ENSENADA,115.0,COSTA,BAJA CALIFORNIA,ENSENADA,BAJA CALIFORNIA,2,BAJA CALIFORNIA,1,ENSENADA,ENSENADA,"10,000 o más"
2026-10-07,MDA,BCA,07CME-115,15,7621.8,1497.11,28.67,6096.02,07CME-115,Cemex,BAJA CALIFORNIA,ENSENADA,115.0,COSTA,BAJA CALIFORNIA,ENSENADA,BAJA CALIFORNIA,2,BAJA CALIFORNIA,1,ENSENADA,ENSENADA,"5,000 - 10,000"
2026-10-07,MDA,BCA,07CME-115,16,9210.35,1493.21,26.65,7690.49,07CME-115,Cemex,BAJA CALIFORNIA,ENSENADA,115.0,COSTA,BAJA CALIFORNIA,ENSENADA,BAJA CALIFORNIA,2,BAJA CALIFORNIA,1,ENSENADA,ENSENADA,"5,000 - 10,000"
2026-10-07,MDA,BCA,07CME-115,17,10726.67,1653.66,29.41,9043.6,07CME-115,Cemex,BAJA CALIFORNIA,ENSENADA,115.0,COSTA,BAJA CALIFORNIA,ENSENADA,BAJA CALIFORNIA,2,BAJA CALIFORNIA,1,ENSENADA,ENSENADA,"10,000 o más"
2026-10-07,MDA,BCA,07CME-115,18,10870.7,3495.89,62.74,7312.07,07CME-115,Cemex,BAJA CALIFORNIA,ENSENADA,115.0,COSTA,BAJA CALIFORNIA,ENSENADA,BAJA CALIFORNIA,2,BAJA CALIFORNIA,1,ENSENADA,ENSENADA,"10,000 o más"
2026-10-07,MDA,BCA,07CME-115,19,9824.03,3815.54,67.26,5941.22,07CME-115,Cemex,BAJA CALIFORNIA,ENSENADA,115.0,COSTA,BAJA CALIFORNIA,ENSENADA,BAJA CALIFORNIA,2,BAJA CALIFORNIA,1,ENSENADA,ENSENADA,"5,000 - 10,000"
2026-10-07,MDA,BCA,07CME-115,20,10231.41,3549.1,62.27,6620.03,07CME-115,Cemex,BAJA CALIFORNIA,ENSENADA,115.0,COSTA,BAJA CALIFORNIA,ENSENADA,BAJA CALIFORNIA,2,BAJA CALIFORNIA,1,ENSENADA,ENSENADA,"10,000 o más"
2026-10-07,MDA,BCA,07CME-115,21,9120.73,2774.55,49.11,6297.08,07CME-115,Cemex,BAJA CALIFORNIA,ENSENADA,115.0,COSTA,BAJA CALIFORNIA,ENSENADA,BAJA CALIFORNIA,2,BAJA CALIFORNIA,1,ENSENADA,ENSENADA,"5,000 - 10,000"
2026-10-07,MDA,BCA,07CME-115,22,10558.62,2532.25,41.02,7985.35,07CME-115,Cemex,BAJA CALIFORNIA,ENSENADA,115.0,COSTA,BAJA CALIFORNIA,ENSENADA,BAJA CALIFORNIA,2,BAJA CALIFORNIA,1,ENSENADA,ENSENADA,"10,000 o más"
2026-10-07,MDA,BCA,07CME-115,23,1920.11,1891.38,28.74,0.0,07CME-115,Cemex,BAJA CALIFORNIA,ENSENADA,115.0,COSTA,BAJA CALIFORNIA,ENSENADA,BAJA CALIFORNIA,2,BAJA CALIFORNIA,1,ENSENADA,ENSENADA,"1,000 - 2,000"
2026-10-07,MDA,BCA,07CME-115,24,1274.49,1255.72,18.77,0.0,07CME-115,Cemex,BAJA CALIFORNIA,ENSENADA,115.0,COSTA,BAJA CALIFORNIA,ENSENADA,BAJA CALIFORNIA,2,BAJA CALIFORNIA,1,ENSENADA,ENSENADA,"1,000 - 2,000"
2026-10-07,MDA,BCA,07CNA-69,1,1796.14,1767.84,28.31,0.0,07CNA-69,Cardenas,BAJA CALIFORNIA,TIJUANA,69.0,COSTA,BAJA CALIFORNIA,TIJUANA,BAJA CALIFORNIA,2,BAJA CALIFORNIA,4,TIJUANA,TIJUANA,"1,000 - 2,000"
2026-10-07,MDA,BCA,07CNA-69,2,1172.25,1154.64,17.62,0.0,07CNA-69,Cardenas,BAJA CALIFORNIA,TIJUANA,69.0,COSTA,BAJA CALIFORNIA,TIJUANA,BAJA CALIFORNIA,2,BAJA CALIFORNIA,4,TIJUANA,TIJUANA,"1,000 - 2,000"
2026-10-07,MDA,BCA,07CNA-69,3,769.86,758.91,10.95,0.0,07CNA-69,Cardenas,BAJA CALIFORNIA,TIJUANA,69.0,COSTA,BAJA CALIFORNIA,TIJUANA,BAJA CALIFORNIA,2,BAJA CALIFORNIA,4,TIJUANA,TIJUANA,"500 - 1,000"
2026-10-07,MDA,BCA,07CNA-69,4,677.3,668.11,9.19,0.0,07CNA-69,Cardenas,BAJA CALIFORNIA,TIJUANA,69.0,COSTA,BAJA CALIFORNIA,TIJUANA,BAJA CALIFORNIA,2,BAJA CALIFORNIA,4,TIJUANA,TIJUANA,"500 - 1,000"
2026-10-07,MDA,BCA,07CNA-69,5,678.81,669.64,9.17,0.0,07CNA-69,Cardenas,BAJA CALIFORNIA,TIJUANA,69.0,COSTA,BAJA CALIFORNIA,TIJUANA,BAJA CALIFORNIA,2,BAJA CALIFORNIA,4,TIJUANA,TIJUANA,"500 - 1,000"
2026-10-07,MDA,BCA,07CNA-69,6,659.83,650.89,8.93,0.0,07CNA-69,Cardenas,BAJA CALIFORNIA,TIJUANA,69.0,COSTA,BAJA CALIFORNIA,TIJUANA,BAJA CALIFORNIA,2,BAJA CALIFORNIA,4,TIJUANA,TIJUANA,"500 - 1,000"
2026-10-07,MDA,BCA,07CNA-69,7,754.74,744.05,10.69,0.0,07CNA-69,Cardenas,BAJA CALIFORNIA,TIJUANA,69.0,COSTA,BAJA CALIFORNIA,TIJUANA,BAJA CALIFORNIA,2,BAJA CALIFORNIA,4,TIJUANA,TIJUANA,"500 - 1,000"
2026-10-07,MDA,BCA,07CNA-69,8,775.82,764.19,11.64,0.0,07CNA-69,Cardenas,BAJA CALIFORNIA,TIJUANA,69.0,COSTA,BAJA CALIFORNIA,TIJUANA,BAJA CALIFORNIA,2,BAJA CALIFORNIA,4,TIJUANA,TIJUANA,"500 - 1,000"
2026-10-07,MDA,BCA,07CNA-69,9,1215.07,1195.72,19.35,0.0,07CNA-69,Cardenas,BAJA CALIFORNIA,TIJUANA,69.0,COSTA,BAJA CALIFORNIA,TIJUANA,BAJA CALIFORNIA,2,BAJA CALIFORNIA,4,TIJUANA,TIJUANA,"1,000 - 2,000"
2026-10-07,MDA,BCA,07CNA-69,10,1112.1,1093.14,18.96,0.0,07CNA-69,Cardenas,BAJA CALIFORNIA,TIJUANA,69.0,COSTA,BAJA CALIFORNIA,TIJUANA,BAJA CALIFORNIA,2,BAJA CALIFORNIA,4,TIJUANA,TIJUANA,"1,000 - 2,000"
2026-10-07,MDA,BCA,07CNA-69,11,1229.0,1207.07,21.93,0.0,07CNA-69,Cardenas,BAJA CALIFORNIA,TIJUANA,69.0,COSTA,BAJA CALIFORNIA,TIJUANA,BAJA CALIFORNIA,2,BAJA CALIFORNIA,4,TIJUANA,TIJUANA,"1,000 - 2,000"
2026-10-07,MDA,BCA,07CNA-69,12,1255.38,1232.59,22.8,0.0,07CNA-69,Cardenas,BAJA CALIFORNIA,TIJUANA,69.0,COSTA,BAJA CALIFORNIA,TIJUANA,BAJA CALIFORNIA,2,BAJA CALIFORNIA,4,TIJUANA,TIJUANA,"1,000 - 2,000"
2026-10-07,MDA,BCA,07CNA-69,13,1219.04,1196.63,22.41,0.0,07CNA-69,Cardenas,BAJA CALIFORNIA,TIJUANA,69.0,COSTA,BAJA CALIFORNIA,TIJUANA,BAJA CALIFORNIA,2,BAJA CALIFORNIA,4,TIJUANA,TIJUANA,"1,000 - 2,000"
2026-10-07,MDA,BCA,07CNA-69,14,1258.8,1235.33,23.47,0.0,07CNA-69,Cardenas,BAJA CALIFORNIA,TIJUANA,69.0,COSTA,BAJA CALIFORNIA,TIJUANA,BAJA CALIFORNIA,2,BAJA CALIFORNIA,4,TIJUANA,TIJUANA,"1,000 - 2,000"
2026-10-07,MDA,BCA,07CNA-69,15,1525.85,1497.11,28.74,0.0,07CNA-69,Cardenas,BAJA CALIFORNIA,TIJUANA,69.0,COSTA,BAJA CALIFORNIA,TIJUANA,BAJA CALIFORNIA,2,BAJA CALIFORNIA,4,TIJUANA,TIJUANA,"1,000 - 2,000"
2026-10-07,MDA,BCA,07CNA-69,16,1522.11,1493.21,28.9,0.0,07CNA-69,Cardenas,BAJA CALIFORNIA,TIJUANA,69.0,COSTA,BAJA CALIFORNIA,TIJUANA,BAJA CALIFORNIA,2,BAJA CALIFORNIA,4,TIJUANA,TIJUANA,"1,000 - 2,000"
2026-10-07,MDA,BCA,07CNA-69,17,1686.0,1653.66,32.34,0.0,07CNA-69,Cardenas,BAJA CALIFORNIA,TIJUANA,69.0,COSTA,BAJA CALIFORNIA,TIJUANA,BAJA CALIFORNIA,2,BAJA CALIFORNIA,4,TIJUANA,TIJUANA,"1,000 - 2,000"
2026-10-07,MDA,BCA,07CNA-69,18,3563.66,3495.89,67.77,0.0,07CNA-69,Cardenas,BAJA CALIFORNIA,TIJUANA,69.0,COSTA,BAJA CALIFORNIA,TIJUANA,BAJA CALIFORNIA,2,BAJA CALIFORNIA,4,TIJUANA,TIJUANA,"2,000 - 5,000"
2026-10-07,MDA,BCA,07CNA-69,19,3888.7,3815.54,73.16,0.0,07CNA-69,Cardenas,BAJA CALIFORNIA,TIJUANA,69.0,COSTA,BAJA CALIFORNIA,TIJUANA,BAJA CALIFORNIA,2,BAJA CALIFORNIA,4,TIJUANA,TIJUANA,"2,000 - 5,000"
2026-10-07,MDA,BCA,07CNA-69,20,3617.84,3549.1,68.73,0.0,07CNA-69,Cardenas,BAJA CALIFORNIA,TIJUANA,69.0,COSTA,BAJA CALIFORNIA,TIJUANA,BAJA CALIFORNIA,2,BAJA CALIFORNIA,4,TIJUANA,TIJUANA,"2,000 - 5,000"
2026-10-07,MDA,BCA,07CNA-69,21,2827.51,2774.55,52.96,0.0,07CNA-69,Cardenas,BAJA CALIFORNIA,TIJUANA,69.0,COSTA,BAJA CALIFORNIA,TIJUANA,BAJA CALIFORNIA,2,BAJA CALIFORNIA,4,TIJUANA,TIJUANA,"2,000 - 5,000"
2026-10-07,MDA,BCA,07CNA-69,22,2579.25,2532.25,46.99,0.0,07CNA-69,Cardenas,BAJA CALIFORNIA,TIJUANA,69.0,COSTA,BAJA CALIFORNIA,TIJUANA,BAJA CALIFORNIA,2,BAJA CALIFORNIA,4,TIJUANA,TIJUANA,"2,000 - 5,000"
2026-10-07,MDA,BCA,07CNA-69,23,1924.8,1891.38,33.42,0.0,07CNA-69,Cardenas,BAJA CALIFORNIA,TIJUANA,69.0,COSTA,BAJA CALIFORNIA,TIJUANA,BAJA CALIFORNIA,2,BAJA CALIFORNIA,4,TIJUANA,TIJUANA,"1,000 - 2,000"
2026-10-07,MDA,BCA,07CNA-69,24,1276.44,1255.72,20.72,0.0,07CNA-69,Cardenas,BAJA CALIFORNIA,TIJUANA,69.0,COSTA,BAJA CALIFORNIA,TIJUANA,BAJA CALIFORNIA,2,BAJA CALIFORNIA,4,TIJUANA,TIJUANA,"1,000 - 2,000"
2026-10-07,MDA,BCA,07CNT-230,1,1759.72,1767.84,-8.12,0.0,07CNT-230,Centenario,BAJA CALIFORNIA,MEXICALI,230.0,VALLE,BAJA CALIFORNIA,MEXICALI,BAJA CALIFORNIA,2,BAJA CALIFORNIA,2,MEXICALI,MEXICALI,"1,000 - 2,000"
2026-10-07,MDA,BCA,07CNT-230,2,1148.71,1154.64,-5.93,0.0,07CNT-230,Centenario,BAJA CALIFORNIA,MEXICALI,230.0,VALLE,BAJA CALIFORNIA,MEXICALI,BAJA CALIFORNIA,2,BAJA CALIFORNIA,2,MEXICALI,MEXICALI,"1,000 - 2,000"
2026-10-07,MDA,BCA,07CNT-230,3,753.71,758.91,-5.19,0.0,07CNT-230,Centenario,BAJA CALIFORNIA,MEXICALI,230.0,VALLE,BAJA CALIFORNIA,MEXICALI,BAJA CALIFORNIA,2,BAJA CALIFORNIA,2,MEXICALI,MEXICALI,"500 - 1,000"
2026-10-07,MDA,BCA,07CNT-230,4,664.08,668.11,-4.03,0.0,07CNT-230,Centenario,BAJA CALIFORNIA,MEXICALI,230.0,VALLE,BAJA CALIFORNIA,MEXICALI,BAJA CALIFORNIA,2,BAJA CALIFORNIA,2,MEXICALI,MEXICALI,"500 - 1,000"
2026-10-07,MDA,BCA,07CNT-230,5,666.12,669.64,-3.52,0.0,07CNT-230,Centenario,BAJA CALIFORNIA,MEXICALI,230.0,VALLE,BAJA CALIFORNIA,MEXICALI,BAJA CALIFORNIA,2,BAJA CALIFORNIA,2,MEXICALI,MEXICALI,"500 - 1,000"
2026-10-07,MDA,BCA,07CNT-230,6,647.18,650.89,-3.72,0.0,07CNT-230,Centenario,BAJA CALIFORNIA,MEXICALI,230.0,VALLE,BAJA CALIFORNIA,MEXICALI,BAJA CALIFORNIA,2,BAJA CALIFORNIA,2,MEXICALI,MEXICALI,"500 - 1,000"
2026-10-07,MDA,BCA,07CNT-230,7,737.24,744.05,-6.81,0.0,07CNT-230,Centenario,BAJA CALIFORNIA,MEXICALI,230.0,VALLE,BAJA CALIFORNIA,MEXICALI,BAJA CALIFORNIA,2,BAJA CALIFORNIA,2,MEXICALI,MEXICALI,"500 - 1,000"
2026-10-07,MDA,BCA,07CNT-230,8,754.46,764.19,-9.73,0.0,07CNT-230,Centenario,BAJA CALIFORNIA,MEXICALI,230.0,VALLE,BAJA CALIFORNIA,MEXICALI,BAJA CALIFORNIA,2,BAJA CALIFORNIA,2,MEXICALI,MEXICALI,"500 - 1,000"
2026-10-07,MDA,BCA,07CNT-230,9,1167.61,1195.72,-28.11,0.0,07CNT-230,Centenario,BAJA CALIFORNIA,MEXICALI,230.0,VALLE,BAJA CALIFORNIA,MEXICALI,BAJA CALIFORNIA,2,BAJA CALIFORNIA,2,MEXICALI,MEXICALI,"1,000 - 2,000"
2026-10-07,MDA,BCA,07CNT-230,10,1065.46,1093.14,-27.67,0.0,07CNT-230,Centenario,BAJA CALIFORNIA,MEXICALI,230.0,VALLE,BAJA CALIFORNIA,MEXICALI,BAJA CALIFORNIA,2,BAJA CALIFORNIA,2,MEXICALI,MEXICALI,"1,000 - 2,000"
2026-10-07,MDA,BCA,07CNT-230,11,1182.23,1207.07,-24.84,0.0,07CNT-230,Centenario,BAJA CALIFORNIA,MEXICALI,230.0,VALLE,BAJA CALIFORNIA,MEXICALI,BAJA CALIFORNIA,2,BAJA CALIFORNIA,2,MEXICALI,MEXICALI,"1,000 - 2,000"
2026-10-07,MDA,BCA,07CNT-230,12,1205.34,1232.59,-27.25,0.0,07CNT-230,Centenario,BAJA CALIFORNIA,MEXICALI,230.0,VALLE,BAJA CALIFORNIA,MEXICALI,BAJA CALIFORNIA,2,BAJA CALIFORNIA,2,MEXICALI,MEXICALI,"1,000 - 2,000"
2026-10-07,MDA,BCA,07CNT-230,13,1165.81,1196.63,-30.82,0.0,07CNT-230,Centenario,BAJA CALIFORNIA,MEXICALI,230.0,VALLE,BAJA CALIFORNIA,MEXICALI,BAJA CALIFORNIA,2,BAJA CALIFORNIA,2,MEXICALI,MEXICALI,"1,000 - 2,000"
2026-10-07,MDA,BCA,07CNT-230,14,1204.07,1235.33,-31.26,0.0,07CNT-230,Centenario,BAJA CALIFORNIA,MEXICALI,230.0,VALLE,BAJA CALIFORNIA,MEXICALI,BAJA CALIFORNIA,2,BAJA CALIFORNIA,2,MEXICALI,MEXICALI,"1,000 - 2,000"
2026-10-07,MDA,BCA,07CNT-230,15,1463.21,1497.11,-33.9,0.0,07CNT-230,Centenario,BAJA CALIFORNIA,MEXICALI,230.0,VALLE,BAJA CALIFORNIA,MEXICALI,BAJA CALIFORNIA,2,BAJA CALIFORNIA,2,MEXICALI,MEXICALI,"1,000 - 2,000"
2026-10-07,MDA,BCA,07CNT-230,16,1458.08,1493.21,-35.13,0.0,07CNT-230,Centenario,BAJA CALIFORNIA,MEXICALI,230.0,VALLE,BAJA CALIFORNIA,MEXICALI,BAJA CALIFORNIA,2,BAJA CALIFORNIA,2,MEXICALI,MEXICALI,"1,000 - 2,000"
2026-10-07,MDA,BCA,07CNT-230,17,1631.46,1653.66,-22.2,0.0,07CNT-230,Centenario,BAJA CALIFORNIA,MEXICALI,230.0,VALLE,BAJA CALIFORNIA,MEXICALI,BAJA CALIFORNIA,2,BAJA CALIFORNIA,2,MEXICALI,MEXICALI,"1,000 - 2,000"
2026-10-07,MDA,BCA,07CNT-230,18,3461.98,3495.89,-33.91,0.0,07CNT-230,Centenario,BAJA CALIFORNIA,MEXICALI,230.0,VALLE,BAJA CALIFORNIA,MEXICALI,BAJA CALIFORNIA,2,BAJA CALIFORNIA,2,MEXICALI,MEXICALI,"2,000 - 5,000"
2026-10-07,MDA,BCA,07CNT-230,19,3789.47,3815.54,-26.07,0.0,07CNT-230,Centenario,BAJA CALIFORNIA,MEXICALI,230.0,VALLE,BAJA CALIFORNIA,MEXICALI,BAJA CALIFORNIA,2,BAJA CALIFORNIA,2,MEXICALI,MEXICALI,"2,000 - 5,000"
2026-10-07,MDA,BCA,07CNT-230,20,3524.05,3549.1,-25.05,0.0,07CNT-230,Centenario,BAJA CALIFORNIA,MEXICALI,230.0,VALLE,BAJA CALIFORNIA,MEXICALI,BAJA CALIFORNIA,2,BAJA CALIFORNIA,2,MEXICALI,MEXICALI,"2,000 - 5,000"
2026-10-07,MDA,BCA,07CNT-230,21,2753.78,2774.55,-20.77,0.0,07CNT-230,Centenario,BAJA CALIFORNIA,MEXICALI,230.0,VALLE,BAJA CALIFORNIA,MEXICALI,BAJA CALIFORNIA,2,BAJA CALIFORNIA,2,MEXICALI,MEXICALI,"2,000 - 5,000"
2026-10-07,MDA,BCA,07CNT-230,22,2515.56,2532.25,-16.69,0.0,07CNT-230,Centenario,BAJA CALIFORNIA,MEXICALI,230.0,VALLE,BAJA CALIFORNIA,MEXICALI,BAJA CALIFORNIA,2,BAJA CALIFORNIA,2,MEXICALI,MEXICALI,"2,000 - 5,000"
2026-10-07,MDA,BCA,07CNT-230,23,1878.39,1891.38,-12.99,0.0,07CNT-230,Centenario,BAJA CALIFORNIA,MEXICALI,230.0,VALLE,BAJA CALIFORNIA,MEXICALI,BAJA CALIFORNIA,2,BAJA CALIFORNIA,2,MEXICALI,MEXICALI,"1,000 - 2,000"
2026-10-07,MDA,BCA,07CNT-230,24,1244.99,1255.72,-10.73,0.0,07CNT-230,Centenario,BAJA CALIFORNIA,MEXICALI,230.0,VALLE,BAJA CALIFORNIA,MEXICALI,BAJA CALIFORNIA,2,BAJA CALIFORNIA,2,MEXICALI,MEXICALI,"1,000 - 2,000"
2026-10-07,MDA,BCA,07CNZ-161,1,1762.1,1767.84,-5.74,0.0,07CNZ-161,Carranza,BAJA CALIFORNIA,MEXICALI,161.0,VALLE,BAJA CALIFORNIA,MEXICALI,BAJA CALIFORNIA,2,BAJA CALIFORNIA,2,MEXICALI,MEXICALI,"1,000 - 2,000"
2026-10-07,MDA,BCA,07CNZ-161,2,1150.35,1154.64,-4.29,0.0,07CNZ-161,Carranza,BAJA CALIFORNIA,MEXICALI,161.0,VALLE,BAJA CALIFORNIA,MEXICALI,BAJA CALIFORNIA,2,BAJA CALIFORNIA,2,MEXICALI,MEXICALI,"1,000 - 2,000"
2026-10-07,MDA,BCA,07CNZ-161,3,754.91,758.91,-3.99,0.0,07CNZ-161,Carranza,BAJA CALIFORNIA,MEXICALI,161.0,VALLE,BAJA CALIFORNIA,MEXICALI,BAJA CALIFORNIA,2,BAJA CALIFORNIA,2,MEXICALI,MEXICALI,"500 - 1,000"
2026-10-07,MDA,BCA,07CNZ-161,4,664.99,668.11,-3.12,0.0,07CNZ-161,Carranza,BAJA CALIFORNIA,MEXICALI,161.0,VALLE,BAJA CALIFORNIA,MEXICALI,BAJA CALIFORNIA,2,BAJA CALIFORNIA,2,MEXICALI,MEXICALI,"500 - 1,000"
2026-10-07,MDA,BCA,07CNZ-161,5,667.41,669.64,-2.23,0.0,07CNZ-161,Carranza,BAJA CALIFORNIA,MEXICALI,161.0,VALLE,BAJA CALIFORNIA,MEXICALI,BAJA CALIFORNIA,2,BAJA CALIFORNIA,2,MEXICALI,MEXICALI,"500 - 1,000"
2026-10-07,MDA,BCA,07CNZ-161,6,648.43,650.89,-2.46,0.0,07CNZ-161,Carranza,BAJA CALIFORNIA,MEXICALI,161.0,VALLE,BAJA CALIFORNIA,MEXICALI,BAJA CALIFORNIA,2,BAJA CALIFORNIA,2,MEXICALI,MEXICALI,"500 - 1,000"
2026-10-07,MDA,BCA,07CNZ-161,7,738.59,744.05,-5.47,0.0,07CNZ-161,Carranza,BAJA CALIFORNIA,MEXICALI,161.0,VALLE,BAJA CALIFORNIA,MEXICALI,BAJA CALIFORNIA,2,BAJA CALIFORNIA,2,MEXICALI,MEXICALI,"500 - 1,000"
2026-10-07,MDA,BCA,07CNZ-161,8,756.37,764.19,-7.82,0.0,07CNZ-161,Carranza,BAJA CALIFORNIA,MEXICALI,161.0,VALLE,BAJA CALIFORNIA,MEXICALI,BAJA CALIFORNIA,2,BAJA CALIFORNIA,2,MEXICALI,MEXICALI,"500 - 1,000"
2026-10-07,MDA,BCA,07CNZ-161,9,1171.97,1195.72,-23.74,0.0,07CNZ-161,Carranza,BAJA CALIFORNIA,MEXICALI,161.0,VALLE,BAJA CALIFORNIA,MEXICALI,BAJA CALIFORNIA,2,BAJA CALIFORNIA,2,MEXICALI,MEXICALI,"1,000 - 2,000"
2026-10-07,MDA,BCA,07CNZ-161,10,1068.45,1093.14,-24.68,0.0,07CNZ-161,Carranza,BAJA CALIFORNIA,MEXICALI,161.0,VALLE,BAJA CALIFORNIA,MEXICALI,BAJA CALIFORNIA,2,BAJA CALIFORNIA,2,MEXICALI,MEXICALI,"1,000 - 2,000"
2026-10-07,MDA,BCA,07CNZ-161,11,1186.47,1207.07,-20.6,0.0,07CNZ-161,Carranza,BAJA CALIFORNIA,MEXICALI,161.0,VALLE,BAJA CALIFORNIA,MEXICALI,BAJA CALIFORNIA,2,BAJA CALIFORNIA,2,MEXICALI,MEXICALI,"1,000 - 2,000"
2026-10-07,MDA,BCA,07CNZ-161,12,1210.81,1232.59,-21.78,0.0,07CNZ-161,Carranza,BAJA CALIFORNIA,MEXICALI,161.0,VALLE,BAJA CALIFORNIA,MEXICALI,BAJA CALIFORNIA,2,BAJA CALIFORNIA,2,MEXICALI,MEXICALI,"1,000 - 2,000"
2026-10-07,MDA,BCA,07CNZ-161,13,1170.83,1196.63,-25.8,0.0,07CNZ-161,Carranza,BAJA CALIFORNIA,MEXICALI,161.0,VALLE,BAJA CALIFORNIA,MEXICALI,BAJA CALIFORNIA,2,BAJA CALIFORNIA,2,MEXICALI,MEXICALI,"1,000 - 2,000"
2026-10-07,MDA,BCA,07CNZ-161,14,1210.01,1235.33,-25.31,0.0,07CNZ-161,Carranza,BAJA CALIFORNIA,MEXICALI,161.0,VALLE,BAJA CALIFORNIA,MEXICALI,BAJA CALIFORNIA,2,BAJA CALIFORNIA,2,MEXICALI,MEXICALI,"1,000 - 2,000"
2026-10-07,MDA,BCA,07CNZ-161,15,1472.25,1497.11,-24.87,0.0,07CNZ-161,Carranza,BAJA CALIFORNIA,MEXICALI,161.0,VALLE,BAJA CALIFORNIA,MEXICALI,BAJA CALIFORNIA,2,BAJA CALIFORNIA,2,MEXICALI,MEXICALI,"1,000 - 2,000"
2026-10-07,MDA,BCA,07CNZ-161,16,1466.33,1493.21,-26.89,0.0,07CNZ-161,Carranza,BAJA CALIFORNIA,MEXICALI,161.0,VALLE,BAJA CALIFORNIA,MEXICALI,BAJA CALIFORNIA,2,BAJA CALIFORNIA,2,MEXICALI,MEXICALI,"1,000 - 2,000"
2026-10-07,MDA,BCA,07CNZ-161,17,1640.08,1653.66,-13.57,0.0,07CNZ-161,Carranza,BAJA CALIFORNIA,MEXICALI,161.0,VALLE,BAJA CALIFORNIA,MEXICALI,BAJA CALIFORNIA,2,BAJA CALIFORNIA,2,MEXICALI,MEXICALI,"1,000 - 2,000"
2026-10-07,MDA,BCA,07CNZ-161,18,3473.25,3495.89,-22.65,0.0,07CNZ-161,Carranza,BAJA CALIFORNIA,MEXICALI,161.0,VALLE,BAJA CALIFORNIA,MEXICALI,BAJA CALIFORNIA,2,BAJA CALIFORNIA,2,MEXICALI,MEXICALI,"2,000 - 5,000"
2026-10-07,MDA,BCA,07CNZ-161,19,3800.53,3815.54,-15.01,0.0,07CNZ-161,Carranza,BAJA CALIFORNIA,MEXICALI,161.0,VALLE,BAJA CALIFORNIA,MEXICALI,BAJA CALIFORNIA,2,BAJA CALIFORNIA,2,MEXICALI,MEXICALI,"2,000 - 5,000"
2026-10-07,MDA,BCA,07CNZ-161,20,3532.83,3549.1,-16.28,0.0,07CNZ-161,Carranza,BAJA CALIFORNIA,MEXICALI,161.0,VALLE,BAJA CALIFORNIA,MEXICALI,BAJA CALIFORNIA,2,BAJA CALIFORNIA,2,MEXICALI,MEXICALI,"2,000 - 5,000"
2026-10-07,MDA,BCA,07CNZ-161,21,2760.31,2774.55,-14.24,0.0,07CNZ-161,Carranza,BAJA CALIFORNIA,MEXICALI,161.0,VALLE,BAJA CALIFORNIA,MEXICALI,BAJA CALIFORNIA,2,BAJA CALIFORNIA,2,MEXICALI,MEXICALI,"2,000 - 5,000"
2026-10-07,MDA,BCA,07CNZ-161,22,2520.22,2532.25,-12.04,0.0,07CNZ-161,Carranza,BAJA CALIFORNIA,MEXICALI,161.0,VALLE,BAJA CALIFORNIA,MEXICALI,BAJA CALIFORNIA,2,BAJA CALIFORNIA,2,MEXICALI,MEXICALI,"2,000 - 5,000"
2026-10-07,MDA,BCA,07CNZ-161,23,1880.75,1891.38,-10.63,0.0,07CNZ-161,Carranza,BAJA CALIFORNIA,MEXICALI,161.0,VALLE,BAJA CALIFORNIA,MEXICALI,BAJA CALIFORNIA,2,BAJA CALIFORNIA,2,MEXICALI,MEXICALI,"1,000 - 2,000"
2026-10-07,MDA,BCA,07CNZ-161,24,1246.53,1255.72,-9.19,0.0,07CNZ-161,Carranza,BAJA CALIFORNIA,MEXICALI,161.0,VALLE,BAJA CALIFORNIA,MEXICALI,BAJA CALIFORNIA,2,BAJA CALIFORNIA,2,MEXICALI,MEXICALI,"1,000 - 2,000"
2026-10-07,MDA,BCA,07COE-115,1,1956.43,1767.84,188.6,0.0,07COE-115,Colonet,BAJA CALIFORNIA,ENSENADA,115.0,COSTA,BAJA CALIFORNIA,ENSENADA,BAJA CALIFORNIA,2,BAJA CALIFORNIA,1,ENSENADA,ENSENADA,"1,000 - 2,000"
2026-10-07,MDA,BCA,07COE-115,2,1273.47,1154.64,118.83,0.0,07COE-115,Colonet,BAJA CALIFORNIA,ENSENADA,115.0,COSTA,BAJA CALIFORNIA,ENSENADA,BAJA CALIFORNIA,2,BAJA CALIFORNIA,1,ENSENADA,ENSENADA,"1,000 - 2,000"
2026-10-07,MDA,BCA,07COE-115,3,836.8,758.91,77.89,0.0,07COE-115,Colonet,BAJA CALIFORNIA,ENSENADA,115.0,COSTA,BAJA CALIFORNIA,ENSENADA,BAJA CALIFORNIA,2,BAJA CALIFORNIA,1,ENSENADA,ENSENADA,"500 - 1,000"
2026-10-07,MDA,BCA,07COE-115,4,734.77,668.11,66.66,0.0,07COE-115,Colonet,BAJA CALIFORNIA,ENSENADA,115.0,COSTA,BAJA CALIFORNIA,ENSENADA,BAJA CALIFORNIA,2,BAJA CALIFORNIA,1,ENSENADA,ENSENADA,"500 - 1,000"
2026-10-07,MDA,BCA,07COE-115,5,736.18,669.64,66.54,0.0,07COE-115,Colonet,BAJA CALIFORNIA,ENSENADA,115.0,COSTA,BAJA CALIFORNIA,ENSENADA,BAJA CALIFORNIA,2,BAJA CALIFORNIA,1,ENSENADA,ENSENADA,"500 - 1,000"
2026-10-07,MDA,BCA,07COE-115,6,715.4,650.89,64.5,0.0,07COE-115,Colonet,BAJA CALIFORNIA,ENSENADA,115.0,COSTA,BAJA CALIFORNIA,ENSENADA,BAJA CALIFORNIA,2,BAJA CALIFORNIA,1,ENSENADA,ENSENADA,"500 - 1,000"
2026-10-07,MDA,BCA,07COE-115,7,821.56,744.05,77.51,0.0,07COE-115,Colonet,BAJA CALIFORNIA,ENSENADA,115.0,COSTA,BAJA CALIFORNIA,ENSENADA,BAJA CALIFORNIA,2,BAJA CALIFORNIA,1,ENSENADA,ENSENADA,"500 - 1,000"
2026-10-07,MDA,BCA,07COE-115,8,849.49,764.19,85.3,0.0,07COE-115,Colonet,BAJA CALIFORNIA,ENSENADA,115.0,COSTA,BAJA CALIFORNIA,ENSENADA,BAJA CALIFORNIA,2,BAJA CALIFORNIA,1,ENSENADA,ENSENADA,"500 - 1,000"
2026-10-07,MDA,BCA,07COE-115,9,1338.51,1195.72,142.8,0.0,07COE-115,Colonet,BAJA CALIFORNIA,ENSENADA,115.0,COSTA,BAJA CALIFORNIA,ENSENADA,BAJA CALIFORNIA,2,BAJA CALIFORNIA,1,ENSENADA,ENSENADA,"1,000 - 2,000"
2026-10-07,MDA,BCA,07COE-115,10,1226.99,1093.14,133.85,0.0,07COE-115,Colonet,BAJA CALIFORNIA,ENSENADA,115.0,COSTA,BAJA CALIFORNIA,ENSENADA,BAJA CALIFORNIA,2,BAJA CALIFORNIA,1,ENSENADA,ENSENADA,"1,000 - 2,000"
2026-10-07,MDA,BCA,07COE-115,11,1353.26,1207.07,146.18,0.0,07COE-115,Colonet,BAJA CALIFORNIA,ENSENADA,115.0,COSTA,BAJA CALIFORNIA,ENSENADA,BAJA CALIFORNIA,2,BAJA CALIFORNIA,1,ENSENADA,ENSENADA,"1,000 - 2,000"
2026-10-07,MDA,BCA,07COE-115,12,7777.09,1232.59,149.94,6394.57,07COE-115,Colonet,BAJA CALIFORNIA,ENSENADA,115.0,COSTA,BAJA CALIFORNIA,ENSENADA,BAJA CALIFORNIA,2,BAJA CALIFORNIA,1,ENSENADA,ENSENADA,"5,000 - 10,000"
2026-10-07,MDA,BCA,07COE-115,13,9419.82,1196.63,148.6,8074.6,07COE-115,Colonet,BAJA CALIFORNIA,ENSENADA,115.0,COSTA,BAJA CALIFORNIA,ENSENADA,BAJA CALIFORNIA,2,BAJA CALIFORNIA,1,ENSENADA,ENSENADA,"5,000 - 10,000"
2026-10-07,MDA,BCA,07COE-115,14,10134.97,1235.33,154.29,8745.35,07COE-115,Colonet,BAJA CALIFORNIA,ENSENADA,115.0,COSTA,BAJA CALIFORNIA,ENSENADA,BAJA CALIFORNIA,2,BAJA CALIFORNIA,1,ENSENADA,ENSENADA,"10,000 o más"
2026-10-07,MDA,BCA,07COE-115,15,7782.36,1497.11,189.23,6096.02,07COE-115,Colonet,BAJA CALIFORNIA,ENSENADA,115.0,COSTA,BAJA CALIFORNIA,ENSENADA,BAJA CALIFORNIA,2,BAJA CALIFORNIA,1,ENSENADA,ENSENADA,"5,000 - 10,000"
2026-10-07,MDA,BCA,07COE-115,16,9369.32,1493.21,185.61,7690.49,07COE-115,Colonet,BAJA CALIFORNIA,ENSENADA,115.0,COSTA,BAJA CALIFORNIA,ENSENADA,BAJA CALIFORNIA,2,BAJA CALIFORNIA,1,ENSENADA,ENSENADA,"5,000 - 10,000"
2026-10-07,MDA,BCA,07COE-115,17,10913.04,1653.66,215.79,9043.6,07COE-115,Colonet,BAJA CALIFORNIA,ENSENADA,115.0,COSTA,BAJA CALIFORNIA,ENSENADA,BAJA CALIFORNIA,2,BAJA CALIFORNIA,1,ENSENADA,ENSENADA,"10,000 o más"
2026-10-07,MDA,BCA,07COE-115,18,11270.43,3495.89,462.48,7312.07,07COE-115,Colonet,BAJA CALIFORNIA,ENSENADA,115.0,COSTA,BAJA CALIFORNIA,ENSENADA,BAJA CALIFORNIA,2,BAJA CALIFORNIA,1,ENSENADA,ENSENADA,"10,000 o más"
2026-10-07,MDA,BCA,07COE-115,19,10247.26,3815.54,490.5,5941.22,07COE-115,Colonet,BAJA CALIFORNIA,ENSENADA,115.0,COSTA,BAJA CALIFORNIA,ENSENADA,BAJA CALIFORNIA,2,BAJA CALIFORNIA,1,ENSENADA,ENSENADA,"10,000 o más"
2026-10-07,MDA,BCA,07COE-115,20,10625.02,3549.1,455.88,6620.03,07COE-115,Colonet,BAJA CALIFORNIA,ENSENADA,115.0,COSTA,BAJA CALIFORNIA,ENSENADA,BAJA CALIFORNIA,2,BAJA CALIFORNIA,1,ENSENADA,ENSENADA,"10,000 o más"
2026-10-07,MDA,BCA,07COE-115,21,9434.39,2774.55,362.77,6297.08,07COE-115,Colonet,BAJA CALIFORNIA,ENSENADA,115.0,COSTA,BAJA CALIFORNIA,ENSENADA,BAJA CALIFORNIA,2,BAJA CALIFORNIA,1,ENSENADA,ENSENADA,"5,000 - 10,000"
2026-10-07,MDA,BCA,07COE-115,22,10828.59,2532.25,310.99,7985.35,07COE-115,Colonet,BAJA CALIFORNIA,ENSENADA,115.0,COSTA,BAJA CALIFORNIA,ENSENADA,BAJA CALIFORNIA,2,BAJA CALIFORNIA,1,ENSENADA,ENSENADA,"10,000 o más"
2026-10-07,MDA,BCA,07COE-115,23,2111.79,1891.38,220.42,0.0,07COE-115,Colonet,BAJA CALIFORNIA,ENSENADA,115.0,COSTA,BAJA CALIFORNIA,ENSENADA,BAJA CALIFORNIA,2,BAJA CALIFORNIA,1,ENSENADA,ENSENADA,"2,000 - 5,000"
2026-10-07,MDA,BCA,07COE-115,24,1396.96,1255.72,141.24,0.0,07COE-115,Colonet,BAJA CALIFORNIA,ENSENADA,115.0,COSTA,BAJA CALIFORNIA,ENSENADA,BAJA CALIFORNIA,2,BAJA CALIFORNIA,1,ENSENADA,ENSENADA,"1,000 - 2,000"
2026-10-07,MDA,BCA,07CPC-161,1,1755.84,1767.84,-12.0,0.0,07CPC-161,Cerro Prieto Cuatro,BAJA CALIFORNIA,MEXICALI,161.0,VALLE,BAJA CALIFORNIA,MEXICALI,BAJA CALIFORNIA,2,BAJA CALIFORNIA,2,MEXICALI,MEXICALI,"1,000 - 2,000"
2026-10-07,MDA,BCA,07CPC-161,2,1146.34,1154.64,-8.29,0.0,07CPC-161,Cerro Prieto Cuatro,BAJA CALIFORNIA,MEXICALI,161.0,VALLE,BAJA CALIFORNIA,MEXICALI,BAJA CALIFORNIA,2,BAJA CALIFORNIA,2,MEXICALI,MEXICALI,"1,000 - 2,000"
2026-10-07,MDA,BCA,07CPC-161,3,752.32,758.91,-6.59,0.0,07CPC-161,Cerro Prieto Cuatro,BAJA CALIFORNIA,MEXICALI,161.0,VALLE,BAJA CALIFORNIA,MEXICALI,BAJA CALIFORNIA,2,BAJA CALIFORNIA,2,MEXICALI,MEXICALI,"500 - 1,000"
2026-10-07,MDA,BCA,07CPC-161,4,662.74,668.11,-5.37,0.0,07CPC-161,Cerro Prieto Cuatro,BAJA CALIFORNIA,MEXICALI,161.0,VALLE,BAJA CALIFORNIA,MEXICALI,BAJA CALIFORNIA,2,BAJA CALIFORNIA,2,MEXICALI,MEXICALI,"500 - 1,000"
2026-10-07,MDA,BCA,07CPC-161,5,665.15,669.64,-4.49,0.0,07CPC-161,Cerro Prieto Cuatro,BAJA CALIFORNIA,MEXICALI,161.0,VALLE,BAJA CALIFORNIA,MEXICALI,BAJA CALIFORNIA,2,BAJA CALIFORNIA,2,MEXICALI,MEXICALI,"500 - 1,000"
2026-10-07,MDA,BCA,07CPC-161,6,646.25,650.89,-4.65,0.0,07CPC-161,Cerro Prieto Cuatro,BAJA CALIFORNIA,MEXICALI,161.0,VALLE,BAJA CALIFORNIA,MEXICALI,BAJA CALIFORNIA,2,BAJA CALIFORNIA,2,MEXICALI,MEXICALI,"500 - 1,000"
2026-10-07,MDA,BCA,07CPC-161,7,736.09,744.05,-7.97,0.0,07CPC-161,Cerro Prieto Cuatro,BAJA CALIFORNIA,MEXICALI,161.0,VALLE,BAJA CALIFORNIA,MEXICALI,BAJA CALIFORNIA,2,BAJA CALIFORNIA,2,MEXICALI,MEXICALI,"500 - 1,000"
2026-10-07,MDA,BCA,07CPC-161,8,753.79,764.19,-10.4,0.0,07CPC-161,Cerro Prieto Cuatro,BAJA CALIFORNIA,MEXICALI,161.0,VALLE,BAJA CALIFORNIA,MEXICALI,BAJA CALIFORNIA,2,BAJA CALIFORNIA,2,MEXICALI,MEXICALI,"500 - 1,000"
2026-10-07,MDA,BCA,07CPC-161,9,1167.86,1195.72,-27.86,0.0,07CPC-161,Cerro Prieto Cuatro,BAJA CALIFORNIA,MEXICALI,161.0,VALLE,BAJA CALIFORNIA,MEXICALI,BAJA CALIFORNIA,2,BAJA CALIFORNIA,2,MEXICALI,MEXICALI,"1,000 - 2,000"
2026-10-07,MDA,BCA,07CPC-161,10,1064.63,1093.14,-28.51,0.0,07CPC-161,Cerro Prieto Cuatro,BAJA CALIFORNIA,MEXICALI,161.0,VALLE,BAJA CALIFORNIA,MEXICALI,BAJA CALIFORNIA,2,BAJA CALIFORNIA,2,MEXICALI,MEXICALI,"1,000 - 2,000"
2026-10-07,MDA,BCA,07CPC-161,11,1182.16,1207.07,-24.91,0.0,07CPC-161,Cerro Prieto Cuatro,BAJA CALIFORNIA,MEXICALI,161.0,VALLE,BAJA CALIFORNIA,MEXICALI,BAJA CALIFORNIA,2,BAJA CALIFORNIA,2,MEXICALI,MEXICALI,"1,000 - 2,000"
2026-10-07,MDA,BCA,07CPC-161,12,1206.3,1232.59,-26.29,0.0,07CPC-161,Cerro Prieto Cuatro,BAJA CALIFORNIA,MEXICALI,161.0,VALLE,BAJA CALIFORNIA,MEXICALI,BAJA CALIFORNIA,2,BAJA CALIFORNIA,2,MEXICALI,MEXICALI,"1,000 - 2,000"
2026-10-07,MDA,BCA,07CPC-161,13,1166.75,1196.63,-29.88,0.0,07CPC-161,Cerro Prieto Cuatro,BAJA CALIFORNIA,MEXICALI,161.0,VALLE,BAJA CALIFORNIA,MEXICALI,BAJA CALIFORNIA,2,BAJA CALIFORNIA,2,MEXICALI,MEXICALI,"1,000 - 2,000"
2026-10-07,MDA,BCA,07CPC-161,14,1205.81,1235.33,-29.51,0.0,07CPC-161,Cerro Prieto Cuatro,BAJA CALIFORNIA,MEXICALI,161.0,VALLE,BAJA CALIFORNIA,MEXICALI,BAJA CALIFORNIA,2,BAJA CALIFORNIA,2,MEXICALI,MEXICALI,"1,000 - 2,000"
2026-10-07,MDA,BCA,07CPC-161,15,1467.12,1497.11,-29.99,0.0,07CPC-161,Cerro Prieto Cuatro,BAJA CALIFORNIA,MEXICALI,161.0,VALLE,BAJA CALIFORNIA,MEXICALI,BAJA CALIFORNIA,2,BAJA CALIFORNIA,2,MEXICALI,MEXICALI,"1,000 - 2,000"
2026-10-07,MDA,BCA,07CPC-161,16,1461.23,1493.21,-31.98,0.0,07CPC-161,Cerro Prieto Cuatro,BAJA CALIFORNIA,MEXICALI,161.0,VALLE,BAJA CALIFORNIA,MEXICALI,BAJA CALIFORNIA,2,BAJA CALIFORNIA,2,MEXICALI,MEXICALI,"1,000 - 2,000"
2026-10-07,MDA,BCA,07CPC-161,17,1634.43,1653.66,-19.22,0.0,07CPC-161,Cerro Prieto Cuatro,BAJA CALIFORNIA,MEXICALI,161.0,VALLE,BAJA CALIFORNIA,MEXICALI,BAJA CALIFORNIA,2,BAJA CALIFORNIA,2,MEXICALI,MEXICALI,"1,000 - 2,000"
2026-10-07,MDA,BCA,07CPC-161,18,3461.34,3495.89,-34.55,0.0,07CPC-161,Cerro Prieto Cuatro,BAJA CALIFORNIA,MEXICALI,161.0,VALLE,BAJA CALIFORNIA,MEXICALI,BAJA CALIFORNIA,2,BAJA CALIFORNIA,2,MEXICALI,MEXICALI,"2,000 - 5,000"
2026-10-07,MDA,BCA,07CPC-161,19,3787.6,3815.54,-27.94,0.0,07CPC-161,Cerro Prieto Cuatro,BAJA CALIFORNIA,MEXICALI,161.0,VALLE,BAJA CALIFORNIA,MEXICALI,BAJA CALIFORNIA,2,BAJA CALIFORNIA,2,MEXICALI,MEXICALI,"2,000 - 5,000"
2026-10-07,MDA,BCA,07CPC-161,20,3520.86,3549.1,-28.25,0.0,07CPC-161,Cerro Prieto Cuatro,BAJA CALIFORNIA,MEXICALI,161.0,VALLE,BAJA CALIFORNIA,MEXICALI,BAJA CALIFORNIA,2,BAJA CALIFORNIA,2,MEXICALI,MEXICALI,"2,000 - 5,000"
2026-10-07,MDA,BCA,07CPC-161,21,2750.85,2774.55,-23.7,0.0,07CPC-161,Cerro Prieto Cuatro,BAJA CALIFORNIA,MEXICALI,161.0,VALLE,BAJA CALIFORNIA,MEXICALI,BAJA CALIFORNIA,2,BAJA CALIFORNIA,2,MEXICALI,MEXICALI,"2,000 - 5,000"
2026-10-07,MDA,BCA,07CPC-161,22,2511.65,2532.25,-20.6,0.0,07CPC-161,Cerro Prieto Cuatro,BAJA CALIFORNIA,MEXICALI,161.0,VALLE,BAJA CALIFORNIA,MEXICALI,BAJA CALIFORNIA,2,BAJA CALIFORNIA,2,MEXICALI,MEXICALI,"2,000 - 5,000"
2026-10-07,MDA,BCA,07CPC-161,23,1874.51,1891.38,-16.86,0.0,07CPC-161,Cerro Prieto Cuatro,BAJA CALIFORNIA,MEXICALI,161.0,VALLE,BAJA CALIFORNIA,MEXICALI,BAJA CALIFORNIA,2,BAJA CALIFORNIA,2,MEXICALI,MEXICALI,"1,000 - 2,000"
2026-10-07,MDA,BCA,07CPC-161,24,1242.44,1255.72,-13.28,0.0,07CPC-161,Cerro Prieto Cuatro,BAJA CALIFORNIA,MEXICALI,161.0,VALLE,BAJA CALIFORNIA,MEXICALI,BAJA CALIFORNIA,2,BAJA CALIFORNIA,2,MEXICALI,MEXICALI,"1,000 - 2,000"
2026-10-07,MDA,BCA,07CPD-230,1,1768.95,1767.84,1.11,0.0,07CPD-230,Cerro Prieto Dos,BAJA CALIFORNIA,MEXICALI,230.0,VALLE,BAJA CALIFORNIA,MEXICALI,BAJA CALIFORNIA,2,BAJA CALIFORNIA,2,MEXICALI,MEXICALI,"1,000 - 2,000"
2026-10-07,MDA,BCA,07CPD-230,2,1154.19,1154.64,-0.44,0.0,07CPD-230,Cerro Prieto Dos,BAJA CALIFORNIA,MEXICALI,230.0,VALLE,BAJA CALIFORNIA,MEXICALI,BAJA CALIFORNIA,2,BAJA CALIFORNIA,2,MEXICALI,MEXICALI,"1,000 - 2,000"
2026-10-07,MDA,BCA,07CPD-230,3,757.14,758.91,-1.77,0.0,07CPD-230,Cerro Prieto Dos,BAJA CALIFORNIA,MEXICALI,230.0,VALLE,BAJA CALIFORNIA,MEXICALI,BAJA CALIFORNIA,2,BAJA CALIFORNIA,2,MEXICALI,MEXICALI,"500 - 1,000"
2026-10-07,MDA,BCA,07CPD-230,4,666.91,668.11,-1.2,0.0,07CPD-230,Cerro Prieto Dos,BAJA CALIFORNIA,MEXICALI,230.0,VALLE,BAJA CALIFORNIA,MEXICALI,BAJA CALIFORNIA,2,BAJA CALIFORNIA,2,MEXICALI,MEXICALI,"500 - 1,000"
2026-10-07,MDA,BCA,07CPD-230,5,668.98,669.64,-0.66,0.0,07CPD-230,Cerro Prieto Dos,BAJA CALIFORNIA,MEXICALI,230.0,VALLE,BAJA CALIFORNIA,MEXICALI,BAJA CALIFORNIA,2,BAJA CALIFORNIA,2,MEXICALI,MEXICALI,"500 - 1,000"
2026-10-07,MDA,BCA,07CPD-230,6,649.92,650.89,-0.97,0.0,07CPD-230,Cerro Prieto Dos,BAJA CALIFORNIA,MEXICALI,230.0,VALLE,BAJA CALIFORNIA,MEXICALI,BAJA CALIFORNIA,2,BAJA CALIFORNIA,2,MEXICALI,MEXICALI,"500 - 1,000"
2026-10-07,MDA,BCA,07CPD-230,7,740.26,744.05,-3.79,0.0,07CPD-230,Cerro Prieto Dos,BAJA CALIFORNIA,MEXICALI,230.0,VALLE,BAJA CALIFORNIA,MEXICALI,BAJA CALIFORNIA,2,BAJA CALIFORNIA,2,MEXICALI,MEXICALI,"500 - 1,000"
2026-10-07,MDA,BCA,07CPD-230,8,757.74,764.19,-6.45,0.0,07CPD-230,Cerro Prieto Dos,BAJA CALIFORNIA,MEXICALI,230.0,VALLE,BAJA CALIFORNIA,MEXICALI,BAJA CALIFORNIA,2,BAJA CALIFORNIA,2,MEXICALI,MEXICALI,"500 - 1,000"
2026-10-07,MDA,BCA,07CPD-230,9,1173.78,1195.72,-21.94,0.0,07CPD-230,Cerro Prieto Dos,BAJA CALIFORNIA,MEXICALI,230.0,VALLE,BAJA CALIFORNIA,MEXICALI,BAJA CALIFORNIA,2,BAJA CALIFORNIA,2,MEXICALI,MEXICALI,"1,000 - 2,000"
2026-10-07,MDA,BCA,07CPD-230,10,1071.4,1093.14,-21.74,0.0,07CPD-230,Cerro Prieto Dos,BAJA CALIFORNIA,MEXICALI,230.0,VALLE,BAJA CALIFORNIA,MEXICALI,BAJA CALIFORNIA,2,BAJA CALIFORNIA,2,MEXICALI,MEXICALI,"1,000 - 2,000"
2026-10-07,MDA,BCA,07CPD-230,11,1189.83,1207.07,-17.24,0.0,07CPD-230,Cerro Prieto Dos,BAJA CALIFORNIA,MEXICALI,230.0,VALLE,BAJA CALIFORNIA,MEXICALI,BAJA CALIFORNIA,2,BAJA CALIFORNIA,2,MEXICALI,MEXICALI,"1,000 - 2,000"
2026-10-07,MDA,BCA,07CPD-230,12,1214.49,1232.59,-18.1,0.0,07CPD-230,Cerro Prieto Dos,BAJA CALIFORNIA,MEXICALI,230.0,VALLE,BAJA CALIFORNIA,MEXICALI,BAJA CALIFORNIA,2,BAJA CALIFORNIA,2,MEXICALI,MEXICALI,"1,000 - 2,000"
2026-10-07,MDA,BCA,07CPD-230,13,1173.69,1196.63,-22.94,0.0,07CPD-230,Cerro Prieto Dos,BAJA CALIFORNIA,MEXICALI,230.0,VALLE,BAJA CALIFORNIA,MEXICALI,BAJA CALIFORNIA,2,BAJA CALIFORNIA,2,MEXICALI,MEXICALI,"1,000 - 2,000"
2026-10-07,MDA,BCA,07CPD-230,14,1212.24,1235.33,-23.09,0.0,07CPD-230,Cerro Prieto Dos,BAJA CALIFORNIA,MEXICALI,230.0,VALLE,BAJA CALIFORNIA,MEXICALI,BAJA CALIFORNIA,2,BAJA CALIFORNIA,2,MEXICALI,MEXICALI,"1,000 - 2,000"
2026-10-07,MDA,BCA,07CPD-230,15,1474.48,1497.11,-22.63,0.0,07CPD-230,Cerro Prieto Dos,BAJA CALIFORNIA,MEXICALI,230.0,VALLE,BAJA CALIFORNIA,MEXICALI,BAJA CALIFORNIA,2,BAJA CALIFORNIA,2,MEXICALI,MEXICALI,"1,000 - 2,000"
2026-10-07,MDA,BCA,07CPD-230,16,1468.71,1493.21,-24.5,0.0,07CPD-230,Cerro Prieto Dos,BAJA CALIFORNIA,MEXICALI,230.0,VALLE,BAJA CALIFORNIA,MEXICALI,BAJA CALIFORNIA,2,BAJA CALIFORNIA,2,MEXICALI,MEXICALI,"1,000 - 2,000"
2026-10-07,MDA,BCA,07CPD-230,17,1643.0,1653.66,-10.66,0.0,07CPD-230,Cerro Prieto Dos,BAJA CALIFORNIA,MEXICALI,230.0,VALLE,BAJA CALIFORNIA,MEXICALI,BAJA CALIFORNIA,2,BAJA CALIFORNIA,2,MEXICALI,MEXICALI,"1,000 - 2,000"
2026-10-07,MDA,BCA,07CPD-230,18,3480.92,3495.89,-14.97,0.0,07CPD-230,Cerro Prieto Dos,BAJA CALIFORNIA,MEXICALI,230.0,VALLE,BAJA CALIFORNIA,MEXICALI,BAJA CALIFORNIA,2,BAJA CALIFORNIA,2,MEXICALI,MEXICALI,"2,000 - 5,000"
2026-10-07,MDA,BCA,07CPD-230,19,3811.68,3815.54,-3.86,0.0,07CPD-230,Cerro Prieto Dos,BAJA CALIFORNIA,MEXICALI,230.0,VALLE,BAJA CALIFORNIA,MEXICALI,BAJA CALIFORNIA,2,BAJA CALIFORNIA,2,MEXICALI,MEXICALI,"2,000 - 5,000"
2026-10-07,MDA,BCA,07CPD-230,20,3543.89,3549.1,-5.22,0.0,07CPD-230,Cerro Prieto Dos,BAJA CALIFORNIA,MEXICALI,230.0,VALLE,BAJA CALIFORNIA,MEXICALI,BAJA CALIFORNIA,2,BAJA CALIFORNIA,2,MEXICALI,MEXICALI,"2,000 - 5,000"
2026-10-07,MDA,BCA,07CPD-230,21,2769.68,2774.55,-4.87,0.0,07CPD-230,Cerro Prieto Dos,BAJA CALIFORNIA,MEXICALI,230.0,VALLE,BAJA CALIFORNIA,MEXICALI,BAJA CALIFORNIA,2,BAJA CALIFORNIA,2,MEXICALI,MEXICALI,"2,000 - 5,000"
2026-10-07,MDA,BCA,07CPD-230,22,2529.64,2532.25,-2.61,0.0,07CPD-230,Cerro Prieto Dos,BAJA CALIFORNIA,MEXICALI,230.0,VALLE,BAJA CALIFORNIA,MEXICALI,BAJA CALIFORNIA,2,BAJA CALIFORNIA,2,MEXICALI,MEXICALI,"2,000 - 5,000"
2026-10-07,MDA,BCA,07CPD-230,23,1887.47,1891.38,-3.91,0.0,07CPD-230,Cerro Prieto Dos,BAJA CALIFORNIA,MEXICALI,230.0,VALLE,BAJA CALIFORNIA,MEXICALI,BAJA CALIFORNIA,2,BAJA CALIFORNIA,2,MEXICALI,MEXICALI,"1,000 - 2,000"
2026-10-07,MDA,BCA,07CPD-230,24,1250.45,1255.72,-5.27,0.0,07CPD-230,Cerro Prieto Dos,BAJA CALIFORNIA,MEXICALI,230.0,VALLE,BAJA CALIFORNIA,MEXICALI,BAJA CALIFORNIA,2,BAJA CALIFORNIA,2,MEXICALI,MEXICALI,"1,000 - 2,000"
2026-10-07,MDA,BCA,07CPT-230,1,1768.32,1767.84,0.48,0.0,07CPT-230,Cerro Prieto Tres,BAJA CALIFORNIA,MEXICALI,230.0,VALLE,BAJA CALIFORNIA,MEXICALI,BAJA CALIFORNIA,2,BAJA CALIFORNIA,2,MEXICALI,MEXICALI,"1,000 - 2,000"
2026-10-07,MDA,BCA,07CPT-230,2,1153.78,1154.64,-0.86,0.0,07CPT-230,Cerro Prieto Tres,BAJA CALIFORNIA,MEXICALI,230.0,VALLE,BAJA CALIFORNIA,MEXICALI,BAJA CALIFORNIA,2,BAJA CALIFORNIA,2,MEXICALI,MEXICALI,"1,000 - 2,000"
2026-10-07,MDA,BCA,07CPT-230,3,756.88,758.91,-2.03,0.0,07CPT-230,Cerro Prieto Tres,BAJA CALIFORNIA,MEXICALI,230.0,VALLE,BAJA CALIFORNIA,MEXICALI,BAJA CALIFORNIA,2,BAJA CALIFORNIA,2,MEXICALI,MEXICALI,"500 - 1,000"
2026-10-07,MDA,BCA,07CPT-230,4,666.69,668.11,-1.42,0.0,07CPT-230,Cerro Prieto Tres,BAJA CALIFORNIA,MEXICALI,230.0,VALLE,BAJA CALIFORNIA,MEXICALI,BAJA CALIFORNIA,2,BAJA CALIFORNIA,2,MEXICALI,MEXICALI,"500 - 1,000"
2026-10-07,MDA,BCA,07CPT-230,5,668.77,669.64,-0.87,0.0,07CPT-230,Cerro Prieto Tres,BAJA CALIFORNIA,MEXICALI,230.0,VALLE,BAJA CALIFORNIA,MEXICALI,BAJA CALIFORNIA,2,BAJA CALIFORNIA,2,MEXICALI,MEXICALI,"500 - 1,000"
2026-10-07,MDA,BCA,07CPT-230,6,649.73,650.89,-1.17,0.0,07CPT-230,Cerro Prieto Tres,BAJA CALIFORNIA,MEXICALI,230.0,VALLE,BAJA CALIFORNIA,MEXICALI,BAJA CALIFORNIA,2,BAJA CALIFORNIA,2,MEXICALI,MEXICALI,"500 - 1,000"
2026-10-07,MDA,BCA,07CPT-230,7,740.03,744.05,-4.02,0.0,07CPT-230,Cerro Prieto Tres,BAJA CALIFORNIA,MEXICALI,230.0,VALLE,BAJA CALIFORNIA,MEXICALI,BAJA CALIFORNIA,2,BAJA CALIFORNIA,2,MEXICALI,MEXICALI,"500 - 1,000"
2026-10-07,MDA,BCA,07CPT-230,8,757.53,764.19,-6.66,0.0,07CPT-230,Cerro Prieto Tres,BAJA CALIFORNIA,MEXICALI,230.0,VALLE,BAJA CALIFORNIA,MEXICALI,BAJA CALIFORNIA,2,BAJA CALIFORNIA,2,MEXICALI,MEXICALI,"500 - 1,000"
2026-10-07,MDA,BCA,07CPT-230,9,1173.5,1195.72,-22.22,0.0,07CPT-230,Cerro Prieto Tres,BAJA CALIFORNIA,MEXICALI,230.0,VALLE,BAJA CALIFORNIA,MEXICALI,BAJA CALIFORNIA,2,BAJA CALIFORNIA,2,MEXICALI,MEXICALI,"1,000 - 2,000"
2026-10-07,MDA,BCA,07CPT-230,10,1071.11,1093.14,-22.03,0.0,07CPT-230,Cerro Prieto Tres,BAJA CALIFORNIA,MEXICALI,230.0,VALLE,BAJA CALIFORNIA,MEXICALI,BAJA CALIFORNIA,2,BAJA CALIFORNIA,2,MEXICALI,MEXICALI,"1,000 - 2,000"
2026-10-07,MDA,BCA,07CPT-230,11,1189.5,1207.07,-17.57,0.0,07CPT-230,Cerro Prieto Tres,BAJA CALIFORNIA,MEXICALI,230.0,VALLE,BAJA CALIFORNIA,MEXICALI,BAJA CALIFORNIA,2,BAJA CALIFORNIA,2,MEXICALI,MEXICALI,"1,000 - 2,000"
2026-10-07,MDA,BCA,07CPT-230,12,1214.16,1232.59,-18.43,0.0,07CPT-230,Cerro Prieto Tres,BAJA CALIFORNIA,MEXICALI,230.0,VALLE,BAJA CALIFORNIA,MEXICALI,BAJA CALIFORNIA,2,BAJA CALIFORNIA,2,MEXICALI,MEXICALI,"1,000 - 2,000"
2026-10-07,MDA,BCA,07CPT-230,13,1173.18,1196.63,-23.45,0.0,07CPT-230,Cerro Prieto Tres,BAJA CALIFORNIA,MEXICALI,230.0,VALLE,BAJA CALIFORNIA,MEXICALI,BAJA CALIFORNIA,2,BAJA CALIFORNIA,2,MEXICALI,MEXICALI,"1,000 - 2,000"
2026-10-07,MDA,BCA,07CPT-230,14,1211.58,1235.33,-23.75,0.0,07CPT-230,Cerro Prieto Tres,BAJA CALIFORNIA,MEXICALI,230.0,VALLE,BAJA CALIFORNIA,MEXICALI,BAJA CALIFORNIA,2,BAJA CALIFORNIA,2,MEXICALI,MEXICALI,"1,000 - 2,000"
2026-10-07,MDA,BCA,07CPT-230,15,1473.7,1497.11,-23.41,0.0,07CPT-230,Cerro Prieto Tres,BAJA CALIFORNIA,MEXICALI,230.0,VALLE,BAJA CALIFORNIA,MEXICALI,BAJA CALIFORNIA,2,BAJA CALIFORNIA,2,MEXICALI,MEXICALI,"1,000 - 2,000"
2026-10-07,MDA,BCA,07CPT-230,16,1467.84,1493.21,-25.37,0.0,07CPT-230,Cerro Prieto Tres,BAJA CALIFORNIA,MEXICALI,230.0,VALLE,BAJA CALIFORNIA,MEXICALI,BAJA CALIFORNIA,2,BAJA CALIFORNIA,2,MEXICALI,MEXICALI,"1,000 - 2,000"
2026-10-07,MDA,BCA,07CPT-230,17,1641.98,1653.66,-11.68,0.0,07CPT-230,Cerro Prieto Tres,BAJA CALIFORNIA,MEXICALI,230.0,VALLE,BAJA CALIFORNIA,MEXICALI,BAJA CALIFORNIA,2,BAJA CALIFORNIA,2,MEXICALI,MEXICALI,"1,000 - 2,000"
2026-10-07,MDA,BCA,07CPT-230,18,3478.82,3495.89,-17.07,0.0,07CPT-230,Cerro Prieto Tres,BAJA CALIFORNIA,MEXICALI,230.0,VALLE,BAJA CALIFORNIA,MEXICALI,BAJA CALIFORNIA,2,BAJA CALIFORNIA,2,MEXICALI,MEXICALI,"2,000 - 5,000"
2026-10-07,MDA,BCA,07CPT-230,19,3809.2,3815.54,-6.34,0.0,07CPT-230,Cerro Prieto Tres,BAJA CALIFORNIA,MEXICALI,230.0,VALLE,BAJA CALIFORNIA,MEXICALI,BAJA CALIFORNIA,2,BAJA CALIFORNIA,2,MEXICALI,MEXICALI,"2,000 - 5,000"
2026-10-07,MDA,BCA,07CPT-230,20,3541.55,3549.1,-7.56,0.0,07CPT-230,Cerro Prieto Tres,BAJA CALIFORNIA,MEXICALI,230.0,VALLE,BAJA CALIFORNIA,MEXICALI,BAJA CALIFORNIA,2,BAJA CALIFORNIA,2,MEXICALI,MEXICALI,"2,000 - 5,000"
2026-10-07,MDA,BCA,07CPT-230,21,2767.87,2774.55,-6.68,0.0,07CPT-230,Cerro Prieto Tres,BAJA CALIFORNIA,MEXICALI,230.0,VALLE,BAJA CALIFORNIA,MEXICALI,BAJA CALIFORNIA,2,BAJA CALIFORNIA,2,MEXICALI,MEXICALI,"2,000 - 5,000"
2026-10-07,MDA,BCA,07CPT-230,22,2528.16,2532.25,-4.1,0.0,07CPT-230,Cerro Prieto Tres,BAJA CALIFORNIA,MEXICALI,230.0,VALLE,BAJA CALIFORNIA,MEXICALI,BAJA CALIFORNIA,2,BAJA CALIFORNIA,2,MEXICALI,MEXICALI,"2,000 - 5,000"
2026-10-07,MDA,BCA,07CPT-230,23,1886.37,1891.38,-5.01,0.0,07CPT-230,Cerro Prieto Tres,BAJA CALIFORNIA,MEXICALI,230.0,VALLE,BAJA CALIFORNIA,MEXICALI,BAJA CALIFORNIA,2,BAJA CALIFORNIA,2,MEXICALI,MEXICALI,"1,000 - 2,000"
2026-10-07,MDA,BCA,07CPT-230,24,1249.76,1255.72,-5.96,0.0,07CPT-230,Cerro Prieto Tres,BAJA CALIFORNIA,MEXICALI,230.0,VALLE,BAJA CALIFORNIA,MEXICALI,BAJA CALIFORNIA,2,BAJA CALIFORNIA,2,MEXICALI,MEXICALI,"1,000 - 2,000"
2026-10-07,MDA,BCA,07CPU-161,1,1756.96,1767.84,-10.87,0.0,07CPU-161,Cerro Prieto Uno,BAJA CALIFORNIA,MEXICALI,161.0,VALLE,BAJA CALIFORNIA,MEXICALI,BAJA CALIFORNIA,2,BAJA CALIFORNIA,2,MEXICALI,MEXICALI,"1,000 - 2,000"
2026-10-07,MDA,BCA,07CPU-161,2,1147.03,1154.64,-7.6,0.0,07CPU-161,Cerro Prieto Uno,BAJA CALIFORNIA,MEXICALI,161.0,VALLE,BAJA CALIFORNIA,MEXICALI,BAJA CALIFORNIA,2,BAJA CALIFORNIA,2,MEXICALI,MEXICALI,"1,000 - 2,000"
2026-10-07,MDA,BCA,07CPU-161,3,752.74,758.91,-6.17,0.0,07CPU-161,Cerro Prieto Uno,BAJA CALIFORNIA,MEXICALI,161.0,VALLE,BAJA CALIFORNIA,MEXICALI,BAJA CALIFORNIA,2,BAJA CALIFORNIA,2,MEXICALI,MEXICALI,"500 - 1,000"
2026-10-07,MDA,BCA,07CPU-161,4,663.11,668.11,-5.0,0.0,07CPU-161,Cerro Prieto Uno,BAJA CALIFORNIA,MEXICALI,161.0,VALLE,BAJA CALIFORNIA,MEXICALI,BAJA CALIFORNIA,2,BAJA CALIFORNIA,2,MEXICALI,MEXICALI,"500 - 1,000"
2026-10-07,MDA,BCA,07CPU-161,5,665.47,669.64,-4.17,0.0,07CPU-161,Cerro Prieto Uno,BAJA CALIFORNIA,MEXICALI,161.0,VALLE,BAJA CALIFORNIA,MEXICALI,BAJA CALIFORNIA,2,BAJA CALIFORNIA,2,MEXICALI,MEXICALI,"500 - 1,000"
2026-10-07,MDA,BCA,07CPU-161,6,646.55,650.89,-4.34,0.0,07CPU-161,Cerro Prieto Uno,BAJA CALIFORNIA,MEXICALI,161.0,VALLE,BAJA CALIFORNIA,MEXICALI,BAJA CALIFORNIA,2,BAJA CALIFORNIA,2,MEXICALI,MEXICALI,"500 - 1,000"
2026-10-07,MDA,BCA,07CPU-161,7,736.46,744.05,-7.6,0.0,07CPU-161,Cerro Prieto Uno,BAJA CALIFORNIA,MEXICALI,161.0,VALLE,BAJA CALIFORNIA,MEXICALI,BAJA CALIFORNIA,2,BAJA CALIFORNIA,2,MEXICALI,MEXICALI,"500 - 1,000"
2026-10-07,MDA,BCA,07CPU-161,8,754.18,764.19,-10.01,0.0,07CPU-161,Cerro Prieto Uno,BAJA CALIFORNIA,MEXICALI,161.0,VALLE,BAJA CALIFORNIA,MEXICALI,BAJA CALIFORNIA,2,BAJA CALIFORNIA,2,MEXICALI,MEXICALI,"500 - 1,000"
2026-10-07,MDA,BCA,07CPU-161,9,1168.42,1195.72,-27.3,0.0,07CPU-161,Cerro Prieto Uno,BAJA CALIFORNIA,MEXICALI,161.0,VALLE,BAJA CALIFORNIA,MEXICALI,BAJA CALIFORNIA,2,BAJA CALIFORNIA,2,MEXICALI,MEXICALI,"1,000 - 2,000"
2026-10-07,MDA,BCA,07CPU-161,10,1065.38,1093.14,-27.76,0.0,07CPU-161,Cerro Prieto Uno,BAJA CALIFORNIA,MEXICALI,161.0,VALLE,BAJA CALIFORNIA,MEXICALI,BAJA CALIFORNIA,2,BAJA CALIFORNIA,2,MEXICALI,MEXICALI,"1,000 - 2,000"
2026-10-07,MDA,BCA,07CPU-161,11,1182.92,1207.07,-24.15,0.0,07CPU-161,Cerro Prieto Uno,BAJA CALIFORNIA,MEXICALI,161.0,VALLE,BAJA CALIFORNIA,MEXICALI,BAJA CALIFORNIA,2,BAJA CALIFORNIA,2,MEXICALI,MEXICALI,"1,000 - 2,000"
2026-10-07,MDA,BCA,07CPU-161,12,1206.99,1232.59,-25.6,0.0,07CPU-161,Cerro Prieto Uno,BAJA CALIFORNIA,MEXICALI,161.0,VALLE,BAJA CALIFORNIA,MEXICALI,BAJA CALIFORNIA,2,BAJA CALIFORNIA,2,MEXICALI,MEXICALI,"1,000 - 2,000"
2026-10-07,MDA,BCA,07CPU-161,13,1167.46,1196.63,-29.17,0.0,07CPU-161,Cerro Prieto Uno,BAJA CALIFORNIA,MEXICALI,161.0,VALLE,BAJA CALIFORNIA,MEXICALI,BAJA CALIFORNIA,2,BAJA CALIFORNIA,2,MEXICALI,MEXICALI,"1,000 - 2,000"
2026-10-07,MDA,BCA,07CPU-161,14,1206.49,1235.33,-28.84,0.0,07CPU-161,Cerro Prieto Uno,BAJA CALIFORNIA,MEXICALI,161.0,VALLE,BAJA CALIFORNIA,MEXICALI,BAJA CALIFORNIA,2,BAJA CALIFORNIA,2,MEXICALI,MEXICALI,"1,000 - 2,000"
2026-10-07,MDA,BCA,07CPU-161,15,1467.73,1497.11,-29.38,0.0,07CPU-161,Cerro Prieto Uno,BAJA CALIFORNIA,MEXICALI,161.0,VALLE,BAJA CALIFORNIA,MEXICALI,BAJA CALIFORNIA,2,BAJA CALIFORNIA,2,MEXICALI,MEXICALI,"1,000 - 2,000"
2026-10-07,MDA,BCA,07CPU-161,16,1462.0,1493.21,-31.22,0.0,07CPU-161,Cerro Prieto Uno,BAJA CALIFORNIA,MEXICALI,161.0,VALLE,BAJA CALIFORNIA,MEXICALI,BAJA CALIFORNIA,2,BAJA CALIFORNIA,2,MEXICALI,MEXICALI,"1,000 - 2,000"
2026-10-07,MDA,BCA,07CPU-161,17,1635.26,1653.66,-18.4,0.0,07CPU-161,Cerro Prieto Uno,BAJA CALIFORNIA,MEXICALI,161.0,VALLE,BAJA CALIFORNIA,MEXICALI,BAJA CALIFORNIA,2,BAJA CALIFORNIA,2,MEXICALI,MEXICALI,"1,000 - 2,000"
2026-10-07,MDA,BCA,07CPU-161,18,3463.61,3495.89,-32.28,0.0,07CPU-161,Cerro Prieto Uno,BAJA CALIFORNIA,MEXICALI,161.0,VALLE,BAJA CALIFORNIA,MEXICALI,BAJA CALIFORNIA,2,BAJA CALIFORNIA,2,MEXICALI,MEXICALI,"2,000 - 5,000"
2026-10-07,MDA,BCA,07CPU-161,19,3790.08,3815.54,-25.46,0.0,07CPU-161,Cerro Prieto Uno,BAJA CALIFORNIA,MEXICALI,161.0,VALLE,BAJA CALIFORNIA,MEXICALI,BAJA CALIFORNIA,2,BAJA CALIFORNIA,2,MEXICALI,MEXICALI,"2,000 - 5,000"
2026-10-07,MDA,BCA,07CPU-161,20,3523.21,3549.1,-25.89,0.0,07CPU-161,Cerro Prieto Uno,BAJA CALIFORNIA,MEXICALI,161.0,VALLE,BAJA CALIFORNIA,MEXICALI,BAJA CALIFORNIA,2,BAJA CALIFORNIA,2,MEXICALI,MEXICALI,"2,000 - 5,000"
2026-10-07,MDA,BCA,07CPU-161,21,2752.5,2774.55,-22.05,0.0,07CPU-161,Cerro Prieto Uno,BAJA CALIFORNIA,MEXICALI,161.0,VALLE,BAJA CALIFORNIA,MEXICALI,BAJA CALIFORNIA,2,BAJA CALIFORNIA,2,MEXICALI,MEXICALI,"2,000 - 5,000"
2026-10-07,MDA,BCA,07CPU-161,22,2513.24,2532.25,-19.01,0.0,07CPU-161,Cerro Prieto Uno,BAJA CALIFORNIA,MEXICALI,161.0,VALLE,BAJA CALIFORNIA,MEXICALI,BAJA CALIFORNIA,2,BAJA CALIFORNIA,2,MEXICALI,MEXICALI,"2,000 - 5,000"
2026-10-07,MDA,BCA,07CPU-161,23,1875.79,1891.38,-15.59,0.0,07CPU-161,Cerro Prieto Uno,BAJA CALIFORNIA,MEXICALI,161.0,VALLE,BAJA CALIFORNIA,MEXICALI,BAJA CALIFORNIA,2,BAJA CALIFORNIA,2,MEXICALI,MEXICALI,"1,000 - 2,000"
2026-10-07,MDA,BCA,07CPU-161,24,1243.24,1255.72,-12.48,0.0,07CPU-161,Cerro Prieto Uno,BAJA CALIFORNIA,MEXICALI,161.0,VALLE,BAJA CALIFORNIA,MEXICALI,BAJA CALIFORNIA,2,BAJA CALIFORNIA,2,MEXICALI,MEXICALI,"1,000 - 2,000"
2026-10-07,MDA,BCA,07CRO-161,1,1761.22,1767.84,-6.61,0.0,07CRO-161,Centro,BAJA CALIFORNIA,MEXICALI,161.0,VALLE,BAJA CALIFORNIA,MEXICALI,BAJA CALIFORNIA,2,BAJA CALIFORNIA,2,MEXICALI,MEXICALI,"1,000 - 2,000"
2026-10-07,MDA,BCA,07CRO-161,2,1149.69,1154.64,-4.94,0.0,07CRO-161,Centro,BAJA CALIFORNIA,MEXICALI,161.0,VALLE,BAJA CALIFORNIA,MEXICALI,BAJA CALIFORNIA,2,BAJA CALIFORNIA,2,MEXICALI,MEXICALI,"1,000 - 2,000"
2026-10-07,MDA,BCA,07CRO-161,3,754.36,758.91,-4.54,0.0,07CRO-161,Centro,BAJA CALIFORNIA,MEXICALI,161.0,VALLE,BAJA CALIFORNIA,MEXICALI,BAJA CALIFORNIA,2,BAJA CALIFORNIA,2,MEXICALI,MEXICALI,"500 - 1,000"
2026-10-07,MDA,BCA,07CRO-161,4,664.61,668.11,-3.5,0.0,07CRO-161,Centro,BAJA CALIFORNIA,MEXICALI,161.0,VALLE,BAJA CALIFORNIA,MEXICALI,BAJA CALIFORNIA,2,BAJA CALIFORNIA,2,MEXICALI,MEXICALI,"500 - 1,000"
2026-10-07,MDA,BCA,07CRO-161,5,666.69,669.64,-2.95,0.0,07CRO-161,Centro,BAJA CALIFORNIA,MEXICALI,161.0,VALLE,BAJA CALIFORNIA,MEXICALI,BAJA CALIFORNIA,2,BAJA CALIFORNIA,2,MEXICALI,MEXICALI,"500 - 1,000"
2026-10-07,MDA,BCA,07CRO-161,6,647.74,650.89,-3.16,0.0,07CRO-161,Centro,BAJA CALIFORNIA,MEXICALI,161.0,VALLE,BAJA CALIFORNIA,MEXICALI,BAJA CALIFORNIA,2,BAJA CALIFORNIA,2,MEXICALI,MEXICALI,"500 - 1,000"
2026-10-07,MDA,BCA,07CRO-161,7,737.94,744.05,-6.11,0.0,07CRO-161,Centro,BAJA CALIFORNIA,MEXICALI,161.0,VALLE,BAJA CALIFORNIA,MEXICALI,BAJA CALIFORNIA,2,BAJA CALIFORNIA,2,MEXICALI,MEXICALI,"500 - 1,000"
2026-10-07,MDA,BCA,07CRO-161,8,755.8,764.19,-8.39,0.0,07CRO-161,Centro,BAJA CALIFORNIA,MEXICALI,161.0,VALLE,BAJA CALIFORNIA,MEXICALI,BAJA CALIFORNIA,2,BAJA CALIFORNIA,2,MEXICALI,MEXICALI,"500 - 1,000"
2026-10-07,MDA,BCA,07CRO-161,9,1170.84,1195.72,-24.88,0.0,07CRO-161,Centro,BAJA CALIFORNIA,MEXICALI,161.0,VALLE,BAJA CALIFORNIA,MEXICALI,BAJA CALIFORNIA,2,BAJA CALIFORNIA,2,MEXICALI,MEXICALI,"1,000 - 2,000"
2026-10-07,MDA,BCA,07CRO-161,10,1068.67,1093.14,-24.47,0.0,07CRO-161,Centro,BAJA CALIFORNIA,MEXICALI,161.0,VALLE,BAJA CALIFORNIA,MEXICALI,BAJA CALIFORNIA,2,BAJA CALIFORNIA,2,MEXICALI,MEXICALI,"1,000 - 2,000"
2026-10-07,MDA,BCA,07CRO-161,11,1186.04,1207.07,-21.03,0.0,07CRO-161,Centro,BAJA CALIFORNIA,MEXICALI,161.0,VALLE,BAJA CALIFORNIA,MEXICALI,BAJA CALIFORNIA,2,BAJA CALIFORNIA,2,MEXICALI,MEXICALI,"1,000 - 2,000"
2026-10-07,MDA,BCA,07CRO-161,12,1209.52,1232.59,-23.07,0.0,07CRO-161,Centro,BAJA CALIFORNIA,MEXICALI,161.0,VALLE,BAJA CALIFORNIA,MEXICALI,BAJA CALIFORNIA,2,BAJA CALIFORNIA,2,MEXICALI,MEXICALI,"1,000 - 2,000"
2026-10-07,MDA,BCA,07CRO-161,13,1169.92,1196.63,-26.71,0.0,07CRO-161,Centro,BAJA CALIFORNIA,MEXICALI,161.0,VALLE,BAJA CALIFORNIA,MEXICALI,BAJA CALIFORNIA,2,BAJA CALIFORNIA,2,MEXICALI,MEXICALI,"1,000 - 2,000"
2026-10-07,MDA,BCA,07CRO-161,14,1208.51,1235.33,-26.82,0.0,07CRO-161,Centro,BAJA CALIFORNIA,MEXICALI,161.0,VALLE,BAJA CALIFORNIA,MEXICALI,BAJA CALIFORNIA,2,BAJA CALIFORNIA,2,MEXICALI,MEXICALI,"1,000 - 2,000"
2026-10-07,MDA,BCA,07CRO-161,15,1468.83,1497.11,-28.28,0.0,07CRO-161,Centro,BAJA CALIFORNIA,MEXICALI,161.0,VALLE,BAJA CALIFORNIA,MEXICALI,BAJA CALIFORNIA,2,BAJA CALIFORNIA,2,MEXICALI,MEXICALI,"1,000 - 2,000"
2026-10-07,MDA,BCA,07CRO-161,16,1463.6,1493.21,-29.62,0.0,07CRO-161,Centro,BAJA CALIFORNIA,MEXICALI,161.0,VALLE,BAJA CALIFORNIA,MEXICALI,BAJA CALIFORNIA,2,BAJA CALIFORNIA,2,MEXICALI,MEXICALI,"1,000 - 2,000"
2026-10-07,MDA,BCA,07CRO-161,17,1636.68,1653.66,-16.98,0.0,07CRO-161,Centro,BAJA CALIFORNIA,MEXICALI,161.0,VALLE,BAJA CALIFORNIA,MEXICALI,BAJA CALIFORNIA,2,BAJA CALIFORNIA,2,MEXICALI,MEXICALI,"1,000 - 2,000"
2026-10-07,MDA,BCA,07CRO-161,18,3469.1,3495.89,-26.79,0.0,07CRO-161,Centro,BAJA CALIFORNIA,MEXICALI,161.0,VALLE,BAJA CALIFORNIA,MEXICALI,BAJA CALIFORNIA,2,BAJA CALIFORNIA,2,MEXICALI,MEXICALI,"2,000 - 5,000"
2026-10-07,MDA,BCA,07CRO-161,19,3796.37,3815.54,-19.17,0.0,07CRO-161,Centro,BAJA CALIFORNIA,MEXICALI,161.0,VALLE,BAJA CALIFORNIA,MEXICALI,BAJA CALIFORNIA,2,BAJA CALIFORNIA,2,MEXICALI,MEXICALI,"2,000 - 5,000"
2026-10-07,MDA,BCA,07CRO-161,20,3529.54,3549.1,-19.57,0.0,07CRO-161,Centro,BAJA CALIFORNIA,MEXICALI,161.0,VALLE,BAJA CALIFORNIA,MEXICALI,BAJA CALIFORNIA,2,BAJA CALIFORNIA,2,MEXICALI,MEXICALI,"2,000 - 5,000"
2026-10-07,MDA,BCA,07CRO-161,21,2756.87,2774.55,-17.68,0.0,07CRO-161,Centro,BAJA CALIFORNIA,MEXICALI,161.0,VALLE,BAJA CALIFORNIA,MEXICALI,BAJA CALIFORNIA,2,BAJA CALIFORNIA,2,MEXICALI,MEXICALI,"2,000 - 5,000"
2026-10-07,MDA,BCA,07CRO-161,22,2518.05,2532.25,-14.2,0.0,07CRO-161,Centro,BAJA CALIFORNIA,MEXICALI,161.0,VALLE,BAJA CALIFORNIA,MEXICALI,BAJA CALIFORNIA,2,BAJA CALIFORNIA,2,MEXICALI,MEXICALI,"2,000 - 5,000"
2026-10-07,MDA,BCA,07CRO-161,23,1880.07,1891.38,-11.3,0.0,07CRO-161,Centro,BAJA CALIFORNIA,MEXICALI,161.0,VALLE,BAJA CALIFORNIA,MEXICALI,BAJA CALIFORNIA,2,BAJA CALIFORNIA,2,MEXICALI,MEXICALI,"1,000 - 2,000"
2026-10-07,MDA,BCA,07CRO-161,24,1246.08,1255.72,-9.63,0.0,07CRO-161,Centro,BAJA CALIFORNIA,MEXICALI,161.0,VALLE,BAJA CALIFORNIA,MEXICALI,BAJA CALIFORNIA,2,BAJA CALIFORNIA,2,MEXICALI,MEXICALI,"1,000 - 2,000"
2026-10-07,MDA,BCA,07CSC-230,1,1768.05,1767.84,0.21,0.0,07CSC-230,Compañia Siderurgica California,BAJA CALIFORNIA,MEXICALI,230.0,VALLE,BAJA CALIFORNIA,MEXICALI,BAJA CALIFORNIA,2,BAJA CALIFORNIA,2,MEXICALI,MEXICALI,"1,000 - 2,000"
2026-10-07,MDA,BCA,07CSC-230,2,1153.68,1154.64,-0.96,0.0,07CSC-230,Compañia Siderurgica California,BAJA CALIFORNIA,MEXICALI,230.0,VALLE,BAJA CALIFORNIA,MEXICALI,BAJA CALIFORNIA,2,BAJA CALIFORNIA,2,MEXICALI,MEXICALI,"1,000 - 2,000"
2026-10-07,MDA,BCA,07CSC-230,3,756.85,758.91,-2.06,0.0,07CSC-230,Compañia Siderurgica California,BAJA CALIFORNIA,MEXICALI,230.0,VALLE,BAJA CALIFORNIA,MEXICALI,BAJA CALIFORNIA,2,BAJA CALIFORNIA,2,MEXICALI,MEXICALI,"500 - 1,000"
2026-10-07,MDA,BCA,07CSC-230,4,666.74,668.11,-1.38,0.0,07CSC-230,Compañia Siderurgica California,BAJA CALIFORNIA,MEXICALI,230.0,VALLE,BAJA CALIFORNIA,MEXICALI,BAJA CALIFORNIA,2,BAJA CALIFORNIA,2,MEXICALI,MEXICALI,"500 - 1,000"
2026-10-07,MDA,BCA,07CSC-230,5,668.8,669.64,-0.84,0.0,07CSC-230,Compañia Siderurgica California,BAJA CALIFORNIA,MEXICALI,230.0,VALLE,BAJA CALIFORNIA,MEXICALI,BAJA CALIFORNIA,2,BAJA CALIFORNIA,2,MEXICALI,MEXICALI,"500 - 1,000"
2026-10-07,MDA,BCA,07CSC-230,6,649.77,650.89,-1.12,0.0,07CSC-230,Compañia Siderurgica California,BAJA CALIFORNIA,MEXICALI,230.0,VALLE,BAJA CALIFORNIA,MEXICALI,BAJA CALIFORNIA,2,BAJA CALIFORNIA,2,MEXICALI,MEXICALI,"500 - 1,000"
2026-10-07,MDA,BCA,07CSC-230,7,740.08,744.05,-3.97,0.0,07CSC-230,Compañia Siderurgica California,BAJA CALIFORNIA,MEXICALI,230.0,VALLE,BAJA CALIFORNIA,MEXICALI,BAJA CALIFORNIA,2,BAJA CALIFORNIA,2,MEXICALI,MEXICALI,"500 - 1,000"
2026-10-07,MDA,BCA,07CSC-230,8,757.72,764.19,-6.47,0.0,07CSC-230,Compañia Siderurgica California,BAJA CALIFORNIA,MEXICALI,230.0,VALLE,BAJA CALIFORNIA,MEXICALI,BAJA CALIFORNIA,2,BAJA CALIFORNIA,2,MEXICALI,MEXICALI,"500 - 1,000"
2026-10-07,MDA,BCA,07CSC-230,9,1173.83,1195.72,-21.88,0.0,07CSC-230,Compañia Siderurgica California,BAJA CALIFORNIA,MEXICALI,230.0,VALLE,BAJA CALIFORNIA,MEXICALI,BAJA CALIFORNIA,2,BAJA CALIFORNIA,2,MEXICALI,MEXICALI,"1,000 - 2,000"
2026-10-07,MDA,BCA,07CSC-230,10,1071.37,1093.14,-21.77,0.0,07CSC-230,Compañia Siderurgica California,BAJA CALIFORNIA,MEXICALI,230.0,VALLE,BAJA CALIFORNIA,MEXICALI,BAJA CALIFORNIA,2,BAJA CALIFORNIA,2,MEXICALI,MEXICALI,"1,000 - 2,000"
2026-10-07,MDA,BCA,07CSC-230,11,1189.5,1207.07,-17.58,0.0,07CSC-230,Compañia Siderurgica California,BAJA CALIFORNIA,MEXICALI,230.0,VALLE,BAJA CALIFORNIA,MEXICALI,BAJA CALIFORNIA,2,BAJA CALIFORNIA,2,MEXICALI,MEXICALI,"1,000 - 2,000"
2026-10-07,MDA,BCA,07CSC-230,12,1213.93,1232.59,-18.66,0.0,07CSC-230,Compañia Siderurgica California,BAJA CALIFORNIA,MEXICALI,230.0,VALLE,BAJA CALIFORNIA,MEXICALI,BAJA CALIFORNIA,2,BAJA CALIFORNIA,2,MEXICALI,MEXICALI,"1,000 - 2,000"
2026-10-07,MDA,BCA,07CSC-230,13,1172.82,1196.63,-23.81,0.0,07CSC-230,Compañia Siderurgica California,BAJA CALIFORNIA,MEXICALI,230.0,VALLE,BAJA CALIFORNIA,MEXICALI,BAJA CALIFORNIA,2,BAJA CALIFORNIA,2,MEXICALI,MEXICALI,"1,000 - 2,000"
2026-10-07,MDA,BCA,07CSC-230,14,1210.07,1235.33,-25.25,0.0,07CSC-230,Compañia Siderurgica California,BAJA CALIFORNIA,MEXICALI,230.0,VALLE,BAJA CALIFORNIA,MEXICALI,BAJA CALIFORNIA,2,BAJA CALIFORNIA,2,MEXICALI,MEXICALI,"1,000 - 2,000"
2026-10-07,MDA,BCA,07CSC-230,15,1471.51,1497.11,-25.61,0.0,07CSC-230,Compañia Siderurgica California,BAJA CALIFORNIA,MEXICALI,230.0,VALLE,BAJA CALIFORNIA,MEXICALI,BAJA CALIFORNIA,2,BAJA CALIFORNIA,2,MEXICALI,MEXICALI,"1,000 - 2,000"
2026-10-07,MDA,BCA,07CSC-230,16,1465.75,1493.21,-27.47,0.0,07CSC-230,Compañia Siderurgica California,BAJA CALIFORNIA,MEXICALI,230.0,VALLE,BAJA CALIFORNIA,MEXICALI,BAJA CALIFORNIA,2,BAJA CALIFORNIA,2,MEXICALI,MEXICALI,"1,000 - 2,000"
2026-10-07,MDA,BCA,07CSC-230,17,1639.41,1653.66,-14.25,0.0,07CSC-230,Compañia Siderurgica California,BAJA CALIFORNIA,MEXICALI,230.0,VALLE,BAJA CALIFORNIA,MEXICALI,BAJA CALIFORNIA,2,BAJA CALIFORNIA,2,MEXICALI,MEXICALI,"1,000 - 2,000"
2026-10-07,MDA,BCA,07CSC-230,18,3474.94,3495.89,-20.95,0.0,07CSC-230,Compañia Siderurgica California,BAJA CALIFORNIA,MEXICALI,230.0,VALLE,BAJA CALIFORNIA,MEXICALI,BAJA CALIFORNIA,2,BAJA CALIFORNIA,2,MEXICALI,MEXICALI,"2,000 - 5,000"
2026-10-07,MDA,BCA,07CSC-230,19,3803.82,3815.54,-11.72,0.0,07CSC-230,Compañia Siderurgica California,BAJA CALIFORNIA,MEXICALI,230.0,VALLE,BAJA CALIFORNIA,MEXICALI,BAJA CALIFORNIA,2,BAJA CALIFORNIA,2,MEXICALI,MEXICALI,"2,000 - 5,000"
2026-10-07,MDA,BCA,07CSC-230,20,3536.7,3549.1,-12.41,0.0,07CSC-230,Compañia Siderurgica California,BAJA CALIFORNIA,MEXICALI,230.0,VALLE,BAJA CALIFORNIA,MEXICALI,BAJA CALIFORNIA,2,BAJA CALIFORNIA,2,MEXICALI,MEXICALI,"2,000 - 5,000"
2026-10-07,MDA,BCA,07CSC-230,21,2763.68,2774.55,-10.87,0.0,07CSC-230,Compañia Siderurgica California,BAJA CALIFORNIA,MEXICALI,230.0,VALLE,BAJA CALIFORNIA,MEXICALI,BAJA CALIFORNIA,2,BAJA CALIFORNIA,2,MEXICALI,MEXICALI,"2,000 - 5,000"
2026-10-07,MDA,BCA,07CSC-230,22,2526.14,2532.25,-6.11,0.0,07CSC-230,Compañia Siderurgica California,BAJA CALIFORNIA,MEXICALI,230.0,VALLE,BAJA CALIFORNIA,MEXICALI,BAJA CALIFORNIA,2,BAJA CALIFORNIA,2,MEXICALI,MEXICALI,"2,000 - 5,000"
2026-10-07,MDA,BCA,07CSC-230,23,1885.23,1891.38,-6.15,0.0,07CSC-230,Compañia Siderurgica California,BAJA CALIFORNIA,MEXICALI,230.0,VALLE,BAJA CALIFORNIA,MEXICALI,BAJA CALIFORNIA,2,BAJA CALIFORNIA,2,MEXICALI,MEXICALI,"1,000 - 2,000"
2026-10-07,MDA,BCA,07CSC-230,24,1249.16,1255.72,-6.55,0.0,07CSC-230,Compañia Siderurgica California,BAJA CALIFORNIA,MEXICALI,230.0,VALLE,BAJA CALIFORNIA,MEXICALI,BAJA CALIFORNIA,2,BAJA CALIFORNIA,2,MEXICALI,MEXICALI,"1,000 - 2,000"
2026-10-07,MDA,BCA,07CTY-161,1,1763.46,1767.84,-4.38,0.0,07CTY-161,Cetys,BAJA CALIFORNIA,MEXICALI,161.0,VALLE,BAJA CALIFORNIA,MEXICALI,BAJA CALIFORNIA,2,BAJA CALIFORNIA,2,MEXICALI,MEXICALI,"1,000 - 2,000"
2026-10-07,MDA,BCA,07CTY-161,2,1151.16,1154.64,-3.47,0.0,07CTY-161,Cetys,BAJA CALIFORNIA,MEXICALI,161.0,VALLE,BAJA CALIFORNIA,MEXICALI,BAJA CALIFORNIA,2,BAJA CALIFORNIA,2,MEXICALI,MEXICALI,"1,000 - 2,000"
2026-10-07,MDA,BCA,07CTY-161,3,755.41,758.91,-3.5,0.0,07CTY-161,Cetys,BAJA CALIFORNIA,MEXICALI,161.0,VALLE,BAJA CALIFORNIA,MEXICALI,BAJA CALIFORNIA,2,BAJA CALIFORNIA,2,MEXICALI,MEXICALI,"500 - 1,000"
2026-10-07,MDA,BCA,07CTY-161,4,665.43,668.11,-2.68,0.0,07CTY-161,Cetys,BAJA CALIFORNIA,MEXICALI,161.0,VALLE,BAJA CALIFORNIA,MEXICALI,BAJA CALIFORNIA,2,BAJA CALIFORNIA,2,MEXICALI,MEXICALI,"500 - 1,000"
2026-10-07,MDA,BCA,07CTY-161,5,667.78,669.64,-1.86,0.0,07CTY-161,Cetys,BAJA CALIFORNIA,MEXICALI,161.0,VALLE,BAJA CALIFORNIA,MEXICALI,BAJA CALIFORNIA,2,BAJA CALIFORNIA,2,MEXICALI,MEXICALI,"500 - 1,000"
2026-10-07,MDA,BCA,07CTY-161,6,648.79,650.89,-2.1,0.0,07CTY-161,Cetys,BAJA CALIFORNIA,MEXICALI,161.0,VALLE,BAJA CALIFORNIA,MEXICALI,BAJA CALIFORNIA,2,BAJA CALIFORNIA,2,MEXICALI,MEXICALI,"500 - 1,000"
2026-10-07,MDA,BCA,07CTY-161,7,739.04,744.05,-5.01,0.0,07CTY-161,Cetys,BAJA CALIFORNIA,MEXICALI,161.0,VALLE,BAJA CALIFORNIA,MEXICALI,BAJA CALIFORNIA,2,BAJA CALIFORNIA,2,MEXICALI,MEXICALI,"500 - 1,000"
2026-10-07,MDA,BCA,07CTY-161,8,756.85,764.19,-7.34,0.0,07CTY-161,Cetys,BAJA CALIFORNIA,MEXICALI,161.0,VALLE,BAJA CALIFORNIA,MEXICALI,BAJA CALIFORNIA,2,BAJA CALIFORNIA,2,MEXICALI,MEXICALI,"500 - 1,000"
2026-10-07,MDA,BCA,07CTY-161,9,1172.69,1195.72,-23.02,0.0,07CTY-161,Cetys,BAJA CALIFORNIA,MEXICALI,161.0,VALLE,BAJA CALIFORNIA,MEXICALI,BAJA CALIFORNIA,2,BAJA CALIFORNIA,2,MEXICALI,MEXICALI,"1,000 - 2,000"
2026-10-07,MDA,BCA,07CTY-161,10,1069.42,1093.14,-23.72,0.0,07CTY-161,Cetys,BAJA CALIFORNIA,MEXICALI,161.0,VALLE,BAJA CALIFORNIA,MEXICALI,BAJA CALIFORNIA,2,BAJA CALIFORNIA,2,MEXICALI,MEXICALI,"1,000 - 2,000"
2026-10-07,MDA,BCA,07CTY-161,11,1187.44,1207.07,-19.63,0.0,07CTY-161,Cetys,BAJA CALIFORNIA,MEXICALI,161.0,VALLE,BAJA CALIFORNIA,MEXICALI,BAJA CALIFORNIA,2,BAJA CALIFORNIA,2,MEXICALI,MEXICALI,"1,000 - 2,000"
2026-10-07,MDA,BCA,07CTY-161,12,1211.69,1232.59,-20.9,0.0,07CTY-161,Cetys,BAJA CALIFORNIA,MEXICALI,161.0,VALLE,BAJA CALIFORNIA,MEXICALI,BAJA CALIFORNIA,2,BAJA CALIFORNIA,2,MEXICALI,MEXICALI,"1,000 - 2,000"
2026-10-07,MDA,BCA,07CTY-161,13,1171.47,1196.63,-25.16,0.0,07CTY-161,Cetys,BAJA CALIFORNIA,MEXICALI,161.0,VALLE,BAJA CALIFORNIA,MEXICALI,BAJA CALIFORNIA,2,BAJA CALIFORNIA,2,MEXICALI,MEXICALI,"1,000 - 2,000"
2026-10-07,MDA,BCA,07CTY-161,14,1210.52,1235.33,-24.8,0.0,07CTY-161,Cetys,BAJA CALIFORNIA,MEXICALI,161.0,VALLE,BAJA CALIFORNIA,MEXICALI,BAJA CALIFORNIA,2,BAJA CALIFORNIA,2,MEXICALI,MEXICALI,"1,000 - 2,000"
2026-10-07,MDA,BCA,07CTY-161,15,1472.53,1497.11,-24.58,0.0,07CTY-161,Cetys,BAJA CALIFORNIA,MEXICALI,161.0,VALLE,BAJA CALIFORNIA,MEXICALI,BAJA CALIFORNIA,2,BAJA CALIFORNIA,2,MEXICALI,MEXICALI,"1,000 - 2,000"
2026-10-07,MDA,BCA,07CTY-161,16,1466.74,1493.21,-26.47,0.0,07CTY-161,Cetys,BAJA CALIFORNIA,MEXICALI,161.0,VALLE,BAJA CALIFORNIA,MEXICALI,BAJA CALIFORNIA,2,BAJA CALIFORNIA,2,MEXICALI,MEXICALI,"1,000 - 2,000"
2026-10-07,MDA,BCA,07CTY-161,17,1640.47,1653.66,-13.19,0.0,07CTY-161,Cetys,BAJA CALIFORNIA,MEXICALI,161.0,VALLE,BAJA CALIFORNIA,MEXICALI,BAJA CALIFORNIA,2,BAJA CALIFORNIA,2,MEXICALI,MEXICALI,"1,000 - 2,000"
2026-10-07,MDA,BCA,07CTY-161,18,3474.71,3495.89,-21.19,0.0,07CTY-161,Cetys,BAJA CALIFORNIA,MEXICALI,161.0,VALLE,BAJA CALIFORNIA,MEXICALI,BAJA CALIFORNIA,2,BAJA CALIFORNIA,2,MEXICALI,MEXICALI,"2,000 - 5,000"
2026-10-07,MDA,BCA,07CTY-161,19,3802.17,3815.54,-13.37,0.0,07CTY-161,Cetys,BAJA CALIFORNIA,MEXICALI,161.0,VALLE,BAJA CALIFORNIA,MEXICALI,BAJA CALIFORNIA,2,BAJA CALIFORNIA,2,MEXICALI,MEXICALI,"2,000 - 5,000"
2026-10-07,MDA,BCA,07CTY-161,20,3534.42,3549.1,-14.69,0.0,07CTY-161,Cetys,BAJA CALIFORNIA,MEXICALI,161.0,VALLE,BAJA CALIFORNIA,MEXICALI,BAJA CALIFORNIA,2,BAJA CALIFORNIA,2,MEXICALI,MEXICALI,"2,000 - 5,000"
2026-10-07,MDA,BCA,07CTY-161,21,2761.41,2774.55,-13.14,0.0,07CTY-161,Cetys,BAJA CALIFORNIA,MEXICALI,161.0,VALLE,BAJA CALIFORNIA,MEXICALI,BAJA CALIFORNIA,2,BAJA CALIFORNIA,2,MEXICALI,MEXICALI,"2,000 - 5,000"
2026-10-07,MDA,BCA,07CTY-161,22,2521.38,2532.25,-10.87,0.0,07CTY-161,Cetys,BAJA CALIFORNIA,MEXICALI,161.0,VALLE,BAJA CALIFORNIA,MEXICALI,BAJA CALIFORNIA,2,BAJA CALIFORNIA,2,MEXICALI,MEXICALI,"2,000 - 5,000"
2026-10-07,MDA,BCA,07CTY-161,23,1881.73,1891.38,-9.65,0.0,07CTY-161,Cetys,BAJA CALIFORNIA,MEXICALI,161.0,VALLE,BAJA CALIFORNIA,MEXICALI,BAJA CALIFORNIA,2,BAJA CALIFORNIA,2,MEXICALI,MEXICALI,"1,000 - 2,000"
2026-10-07,MDA,BCA,07CTY-161,24,1247.17,1255.72,-8.55,0.0,07CTY-161,Cetys,BAJA CALIFORNIA,MEXICALI,161.0,VALLE,BAJA CALIFORNIA,MEXICALI,BAJA CALIFORNIA,2,BAJA CALIFORNIA,2,MEXICALI,MEXICALI,"1,000 - 2,000"
2026-10-07,MDA,BCA,07CTY-230,1,1762.68,1767.84,-5.16,0.0,07CTY-230,Cetys,BAJA CALIFORNIA,MEXICALI,230.0,VALLE,BAJA CALIFORNIA,MEXICALI,BAJA CALIFORNIA,2,BAJA CALIFORNIA,2,MEXICALI,MEXICALI,"1,000 - 2,000"
2026-10-07,MDA,BCA,07CTY-230,2,1150.15,1154.64,-4.48,0.0,07CTY-230,Cetys,BAJA CALIFORNIA,MEXICALI,230.0,VALLE,BAJA CALIFORNIA,MEXICALI,BAJA CALIFORNIA,2,BAJA CALIFORNIA,2,MEXICALI,MEXICALI,"1,000 - 2,000"
2026-10-07,MDA,BCA,07CTY-230,3,754.59,758.91,-4.32,0.0,07CTY-230,Cetys,BAJA CALIFORNIA,MEXICALI,230.0,VALLE,BAJA CALIFORNIA,MEXICALI,BAJA CALIFORNIA,2,BAJA CALIFORNIA,2,MEXICALI,MEXICALI,"500 - 1,000"
2026-10-07,MDA,BCA,07CTY-230,4,664.71,668.11,-3.4,0.0,07CTY-230,Cetys,BAJA CALIFORNIA,MEXICALI,230.0,VALLE,BAJA CALIFORNIA,MEXICALI,BAJA CALIFORNIA,2,BAJA CALIFORNIA,2,MEXICALI,MEXICALI,"500 - 1,000"
2026-10-07,MDA,BCA,07CTY-230,5,666.88,669.64,-2.76,0.0,07CTY-230,Cetys,BAJA CALIFORNIA,MEXICALI,230.0,VALLE,BAJA CALIFORNIA,MEXICALI,BAJA CALIFORNIA,2,BAJA CALIFORNIA,2,MEXICALI,MEXICALI,"500 - 1,000"
2026-10-07,MDA,BCA,07CTY-230,6,647.95,650.89,-2.95,0.0,07CTY-230,Cetys,BAJA CALIFORNIA,MEXICALI,230.0,VALLE,BAJA CALIFORNIA,MEXICALI,BAJA CALIFORNIA,2,BAJA CALIFORNIA,2,MEXICALI,MEXICALI,"500 - 1,000"
2026-10-07,MDA,BCA,07CTY-230,7,738.01,744.05,-6.04,0.0,07CTY-230,Cetys,BAJA CALIFORNIA,MEXICALI,230.0,VALLE,BAJA CALIFORNIA,MEXICALI,BAJA CALIFORNIA,2,BAJA CALIFORNIA,2,MEXICALI,MEXICALI,"500 - 1,000"
2026-10-07,MDA,BCA,07CTY-230,8,755.61,764.19,-8.58,0.0,07CTY-230,Cetys,BAJA CALIFORNIA,MEXICALI,230.0,VALLE,BAJA CALIFORNIA,MEXICALI,BAJA CALIFORNIA,2,BAJA CALIFORNIA,2,MEXICALI,MEXICALI,"500 - 1,000"
2026-10-07,MDA,BCA,07CTY-230,9,1170.75,1195.72,-24.97,0.0,07CTY-230,Cetys,BAJA CALIFORNIA,MEXICALI,230.0,VALLE,BAJA CALIFORNIA,MEXICALI,BAJA CALIFORNIA,2,BAJA CALIFORNIA,2,MEXICALI,MEXICALI,"1,000 - 2,000"
2026-10-07,MDA,BCA,07CTY-230,10,1068.26,1093.14,-24.88,0.0,07CTY-230,Cetys,BAJA CALIFORNIA,MEXICALI,230.0,VALLE,BAJA CALIFORNIA,MEXICALI,BAJA CALIFORNIA,2,BAJA CALIFORNIA,2,MEXICALI,MEXICALI,"1,000 - 2,000"
2026-10-07,MDA,BCA,07CTY-230,11,1186.38,1207.07,-20.69,0.0,07CTY-230,Cetys,BAJA CALIFORNIA,MEXICALI,230.0,VALLE,BAJA CALIFORNIA,MEXICALI,BAJA CALIFORNIA,2,BAJA CALIFORNIA,2,MEXICALI,MEXICALI,"1,000 - 2,000"
2026-10-07,MDA,BCA,07CTY-230,12,1210.99,1232.59,-21.6,0.0,07CTY-230,Cetys,BAJA CALIFORNIA,MEXICALI,230.0,VALLE,BAJA CALIFORNIA,MEXICALI,BAJA CALIFORNIA,2,BAJA CALIFORNIA,2,MEXICALI,MEXICALI,"1,000 - 2,000"
2026-10-07,MDA,BCA,07CTY-230,13,1166.04,1196.63,-30.59,0.0,07CTY-230,Cetys,BAJA CALIFORNIA,MEXICALI,230.0,VALLE,BAJA CALIFORNIA,MEXICALI,BAJA CALIFORNIA,2,BAJA CALIFORNIA,2,MEXICALI,MEXICALI,"1,000 - 2,000"
2026-10-07,MDA,BCA,07CTY-230,14,1203.71,1235.33,-31.62,0.0,07CTY-230,Cetys,BAJA CALIFORNIA,MEXICALI,230.0,VALLE,BAJA CALIFORNIA,MEXICALI,BAJA CALIFORNIA,2,BAJA CALIFORNIA,2,MEXICALI,MEXICALI,"1,000 - 2,000"
2026-10-07,MDA,BCA,07CTY-230,15,1463.25,1497.11,-33.86,0.0,07CTY-230,Cetys,BAJA CALIFORNIA,MEXICALI,230.0,VALLE,BAJA CALIFORNIA,MEXICALI,BAJA CALIFORNIA,2,BAJA CALIFORNIA,2,MEXICALI,MEXICALI,"1,000 - 2,000"
2026-10-07,MDA,BCA,07CTY-230,16,1456.94,1493.21,-36.28,0.0,07CTY-230,Cetys,BAJA CALIFORNIA,MEXICALI,230.0,VALLE,BAJA CALIFORNIA,MEXICALI,BAJA CALIFORNIA,2,BAJA CALIFORNIA,2,MEXICALI,MEXICALI,"1,000 - 2,000"
2026-10-07,MDA,BCA,07CTY-230,17,1629.78,1653.66,-23.88,0.0,07CTY-230,Cetys,BAJA CALIFORNIA,MEXICALI,230.0,VALLE,BAJA CALIFORNIA,MEXICALI,BAJA CALIFORNIA,2,BAJA CALIFORNIA,2,MEXICALI,MEXICALI,"1,000 - 2,000"
2026-10-07,MDA,BCA,07CTY-230,18,3453.81,3495.89,-42.09,0.0,07CTY-230,Cetys,BAJA CALIFORNIA,MEXICALI,230.0,VALLE,BAJA CALIFORNIA,MEXICALI,BAJA CALIFORNIA,2,BAJA CALIFORNIA,2,MEXICALI,MEXICALI,"2,000 - 5,000"
2026-10-07,MDA,BCA,07CTY-230,19,3779.41,3815.54,-36.14,0.0,07CTY-230,Cetys,BAJA CALIFORNIA,MEXICALI,230.0,VALLE,BAJA CALIFORNIA,MEXICALI,BAJA CALIFORNIA,2,BAJA CALIFORNIA,2,MEXICALI,MEXICALI,"2,000 - 5,000"
2026-10-07,MDA,BCA,07CTY-230,20,3513.21,3549.1,-35.89,0.0,07CTY-230,Cetys,BAJA CALIFORNIA,MEXICALI,230.0,VALLE,BAJA CALIFORNIA,MEXICALI,BAJA CALIFORNIA,2,BAJA CALIFORNIA,2,MEXICALI,MEXICALI,"2,000 - 5,000"
2026-10-07,MDA,BCA,07CTY-230,21,2745.71,2774.55,-28.84,0.0,07CTY-230,Cetys,BAJA CALIFORNIA,MEXICALI,230.0,VALLE,BAJA CALIFORNIA,MEXICALI,BAJA CALIFORNIA,2,BAJA CALIFORNIA,2,MEXICALI,MEXICALI,"2,000 - 5,000"
2026-10-07,MDA,BCA,07CTY-230,22,2507.03,2532.25,-25.22,0.0,07CTY-230,Cetys,BAJA CALIFORNIA,MEXICALI,230.0,VALLE,BAJA CALIFORNIA,MEXICALI,BAJA CALIFORNIA,2,BAJA CALIFORNIA,2,MEXICALI,MEXICALI,"2,000 - 5,000"
2026-10-07,MDA,BCA,07CTY-230,23,1870.55,1891.38,-20.83,0.0,07CTY-230,Cetys,BAJA CALIFORNIA,MEXICALI,230.0,VALLE,BAJA CALIFORNIA,MEXICALI,BAJA CALIFORNIA,2,BAJA CALIFORNIA,2,MEXICALI,MEXICALI,"1,000 - 2,000"
2026-10-07,MDA,BCA,07CTY-230,24,1240.04,1255.72,-15.68,0.0,07CTY-230,Cetys,BAJA CALIFORNIA,MEXICALI,230.0,VALLE,BAJA CALIFORNIA,MEXICALI,BAJA CALIFORNIA,2,BAJA CALIFORNIA,2,MEXICALI,MEXICALI,"1,000 - 2,000"
2026-10-07,MDA,BCA,07DRA-69,1,1788.0,1767.84,20.16,0.0,07DRA-69,Durazno,BAJA CALIFORNIA,TIJUANA,69.0,COSTA,BAJA CALIFORNIA,TIJUANA,BAJA CALIFORNIA,2,BAJA CALIFORNIA,4,TIJUANA,TIJUANA,"1,000 - 2,000"
2026-10-07,MDA,BCA,07DRA-69,2,1167.41,1154.64,12.78,0.0,07DRA-69,Durazno,BAJA CALIFORNIA,TIJUANA,69.0,COSTA,BAJA CALIFORNIA,TIJUANA,BAJA CALIFORNIA,2,BAJA CALIFORNIA,4,TIJUANA,TIJUANA,"1,000 - 2,000"
2026-10-07,MDA,BCA,07DRA-69,3,766.78,758.91,7.87,0.0,07DRA-69,Durazno,BAJA CALIFORNIA,TIJUANA,69.0,COSTA,BAJA CALIFORNIA,TIJUANA,BAJA CALIFORNIA,2,BAJA CALIFORNIA,4,TIJUANA,TIJUANA,"500 - 1,000"
2026-10-07,MDA,BCA,07DRA-69,4,674.91,668.11,6.8,0.0,07DRA-69,Durazno,BAJA CALIFORNIA,TIJUANA,69.0,COSTA,BAJA CALIFORNIA,TIJUANA,BAJA CALIFORNIA,2,BAJA CALIFORNIA,4,TIJUANA,TIJUANA,"500 - 1,000"
2026-10-07,MDA,BCA,07DRA-69,5,676.42,669.64,6.78,0.0,07DRA-69,Durazno,BAJA CALIFORNIA,TIJUANA,69.0,COSTA,BAJA CALIFORNIA,TIJUANA,BAJA CALIFORNIA,2,BAJA CALIFORNIA,4,TIJUANA,TIJUANA,"500 - 1,000"
2026-10-07,MDA,BCA,07DRA-69,6,657.37,650.89,6.48,0.0,07DRA-69,Durazno,BAJA CALIFORNIA,TIJUANA,69.0,COSTA,BAJA CALIFORNIA,TIJUANA,BAJA CALIFORNIA,2,BAJA CALIFORNIA,4,TIJUANA,TIJUANA,"500 - 1,000"
2026-10-07,MDA,BCA,07DRA-69,7,751.38,744.05,7.33,0.0,07DRA-69,Durazno,BAJA CALIFORNIA,TIJUANA,69.0,COSTA,BAJA CALIFORNIA,TIJUANA,BAJA CALIFORNIA,2,BAJA CALIFORNIA,4,TIJUANA,TIJUANA,"500 - 1,000"
2026-10-07,MDA,BCA,07DRA-69,8,771.98,764.19,7.79,0.0,07DRA-69,Durazno,BAJA CALIFORNIA,TIJUANA,69.0,COSTA,BAJA CALIFORNIA,TIJUANA,BAJA CALIFORNIA,2,BAJA CALIFORNIA,4,TIJUANA,TIJUANA,"500 - 1,000"
2026-10-07,MDA,BCA,07DRA-69,9,1208.05,1195.72,12.33,0.0,07DRA-69,Durazno,BAJA CALIFORNIA,TIJUANA,69.0,COSTA,BAJA CALIFORNIA,TIJUANA,BAJA CALIFORNIA,2,BAJA CALIFORNIA,4,TIJUANA,TIJUANA,"1,000 - 2,000"
2026-10-07,MDA,BCA,07DRA-69,10,1104.98,1093.14,11.84,0.0,07DRA-69,Durazno,BAJA CALIFORNIA,TIJUANA,69.0,COSTA,BAJA CALIFORNIA,TIJUANA,BAJA CALIFORNIA,2,BAJA CALIFORNIA,4,TIJUANA,TIJUANA,"1,000 - 2,000"
2026-10-07,MDA,BCA,07DRA-69,11,1220.44,1207.07,13.37,0.0,07DRA-69,Durazno,BAJA CALIFORNIA,TIJUANA,69.0,COSTA,BAJA CALIFORNIA,TIJUANA,BAJA CALIFORNIA,2,BAJA CALIFORNIA,4,TIJUANA,TIJUANA,"1,000 - 2,000"
2026-10-07,MDA,BCA,07DRA-69,12,1246.37,1232.59,13.78,0.0,07DRA-69,Durazno,BAJA CALIFORNIA,TIJUANA,69.0,COSTA,BAJA CALIFORNIA,TIJUANA,BAJA CALIFORNIA,2,BAJA CALIFORNIA,4,TIJUANA,TIJUANA,"1,000 - 2,000"
2026-10-07,MDA,BCA,07DRA-69,13,1210.21,1196.63,13.58,0.0,07DRA-69,Durazno,BAJA CALIFORNIA,TIJUANA,69.0,COSTA,BAJA CALIFORNIA,TIJUANA,BAJA CALIFORNIA,2,BAJA CALIFORNIA,4,TIJUANA,TIJUANA,"1,000 - 2,000"
2026-10-07,MDA,BCA,07DRA-69,14,1249.54,1235.33,14.22,0.0,07DRA-69,Durazno,BAJA CALIFORNIA,TIJUANA,69.0,COSTA,BAJA CALIFORNIA,TIJUANA,BAJA CALIFORNIA,2,BAJA CALIFORNIA,4,TIJUANA,TIJUANA,"1,000 - 2,000"
2026-10-07,MDA,BCA,07DRA-69,15,1514.07,1497.11,16.96,0.0,07DRA-69,Durazno,BAJA CALIFORNIA,TIJUANA,69.0,COSTA,BAJA CALIFORNIA,TIJUANA,BAJA CALIFORNIA,2,BAJA CALIFORNIA,4,TIJUANA,TIJUANA,"1,000 - 2,000"
2026-10-07,MDA,BCA,07DRA-69,16,1510.49,1493.21,17.28,0.0,07DRA-69,Durazno,BAJA CALIFORNIA,TIJUANA,69.0,COSTA,BAJA CALIFORNIA,TIJUANA,BAJA CALIFORNIA,2,BAJA CALIFORNIA,4,TIJUANA,TIJUANA,"1,000 - 2,000"
2026-10-07,MDA,BCA,07DRA-69,17,1672.98,1653.66,19.32,0.0,07DRA-69,Durazno,BAJA CALIFORNIA,TIJUANA,69.0,COSTA,BAJA CALIFORNIA,TIJUANA,BAJA CALIFORNIA,2,BAJA CALIFORNIA,4,TIJUANA,TIJUANA,"1,000 - 2,000"
2026-10-07,MDA,BCA,07DRA-69,18,3537.0,3495.89,41.11,0.0,07DRA-69,Durazno,BAJA CALIFORNIA,TIJUANA,69.0,COSTA,BAJA CALIFORNIA,TIJUANA,BAJA CALIFORNIA,2,BAJA CALIFORNIA,4,TIJUANA,TIJUANA,"2,000 - 5,000"
2026-10-07,MDA,BCA,07DRA-69,19,3860.9,3815.54,45.35,0.0,07DRA-69,Durazno,BAJA CALIFORNIA,TIJUANA,69.0,COSTA,BAJA CALIFORNIA,TIJUANA,BAJA CALIFORNIA,2,BAJA CALIFORNIA,4,TIJUANA,TIJUANA,"2,000 - 5,000"
2026-10-07,MDA,BCA,07DRA-69,20,3592.31,3549.1,43.2,0.0,07DRA-69,Durazno,BAJA CALIFORNIA,TIJUANA,69.0,COSTA,BAJA CALIFORNIA,TIJUANA,BAJA CALIFORNIA,2,BAJA CALIFORNIA,4,TIJUANA,TIJUANA,"2,000 - 5,000"
2026-10-07,MDA,BCA,07DRA-69,21,2808.87,2774.55,34.32,0.0,07DRA-69,Durazno,BAJA CALIFORNIA,TIJUANA,69.0,COSTA,BAJA CALIFORNIA,TIJUANA,BAJA CALIFORNIA,2,BAJA CALIFORNIA,4,TIJUANA,TIJUANA,"2,000 - 5,000"
2026-10-07,MDA,BCA,07DRA-69,22,2563.85,2532.25,31.59,0.0,07DRA-69,Durazno,BAJA CALIFORNIA,TIJUANA,69.0,COSTA,BAJA CALIFORNIA,TIJUANA,BAJA CALIFORNIA,2,BAJA CALIFORNIA,4,TIJUANA,TIJUANA,"2,000 - 5,000"
2026-10-07,MDA,BCA,07DRA-69,23,1914.63,1891.38,23.26,0.0,07DRA-69,Durazno,BAJA CALIFORNIA,TIJUANA,69.0,COSTA,BAJA CALIFORNIA,TIJUANA,BAJA CALIFORNIA,2,BAJA CALIFORNIA,4,TIJUANA,TIJUANA,"1,000 - 2,000"
2026-10-07,MDA,BCA,07DRA-69,24,1270.5,1255.72,14.78,0.0,07DRA-69,Durazno,BAJA CALIFORNIA,TIJUANA,69.0,COSTA,BAJA CALIFORNIA,TIJUANA,BAJA CALIFORNIA,2,BAJA CALIFORNIA,4,TIJUANA,TIJUANA,"1,000 - 2,000"
2026-10-07,MDA,BCA,07EDA-115,1,1790.94,1767.84,23.1,0.0,07EDA-115,Ensenada,BAJA CALIFORNIA,ENSENADA,115.0,COSTA,BAJA CALIFORNIA,ENSENADA,BAJA CALIFORNIA,2,BAJA CALIFORNIA,1,ENSENADA,ENSENADA,"1,000 - 2,000"
2026-10-07,MDA,BCA,07EDA-115,2,1168.82,1154.64,14.19,0.0,07EDA-115,Ensenada,BAJA CALIFORNIA,ENSENADA,115.0,COSTA,BAJA CALIFORNIA,ENSENADA,BAJA CALIFORNIA,2,BAJA CALIFORNIA,1,ENSENADA,ENSENADA,"1,000 - 2,000"
2026-10-07,MDA,BCA,07EDA-115,3,769.37,758.91,10.46,0.0,07EDA-115,Ensenada,BAJA CALIFORNIA,ENSENADA,115.0,COSTA,BAJA CALIFORNIA,ENSENADA,BAJA CALIFORNIA,2,BAJA CALIFORNIA,1,ENSENADA,ENSENADA,"500 - 1,000"
2026-10-07,MDA,BCA,07EDA-115,4,677.28,668.11,9.17,0.0,07EDA-115,Ensenada,BAJA CALIFORNIA,ENSENADA,115.0,COSTA,BAJA CALIFORNIA,ENSENADA,BAJA CALIFORNIA,2,BAJA CALIFORNIA,1,ENSENADA,ENSENADA,"500 - 1,000"
2026-10-07,MDA,BCA,07EDA-115,5,678.68,669.64,9.04,0.0,07EDA-115,Ensenada,BAJA CALIFORNIA,ENSENADA,115.0,COSTA,BAJA CALIFORNIA,ENSENADA,BAJA CALIFORNIA,2,BAJA CALIFORNIA,1,ENSENADA,ENSENADA,"500 - 1,000"
2026-10-07,MDA,BCA,07EDA-115,6,659.8,650.89,8.9,0.0,07EDA-115,Ensenada,BAJA CALIFORNIA,ENSENADA,115.0,COSTA,BAJA CALIFORNIA,ENSENADA,BAJA CALIFORNIA,2,BAJA CALIFORNIA,1,ENSENADA,ENSENADA,"500 - 1,000"
2026-10-07,MDA,BCA,07EDA-115,7,754.76,744.05,10.71,0.0,07EDA-115,Ensenada,BAJA CALIFORNIA,ENSENADA,115.0,COSTA,BAJA CALIFORNIA,ENSENADA,BAJA CALIFORNIA,2,BAJA CALIFORNIA,1,ENSENADA,ENSENADA,"500 - 1,000"
2026-10-07,MDA,BCA,07EDA-115,8,775.4,764.19,11.21,0.0,07EDA-115,Ensenada,BAJA CALIFORNIA,ENSENADA,115.0,COSTA,BAJA CALIFORNIA,ENSENADA,BAJA CALIFORNIA,2,BAJA CALIFORNIA,1,ENSENADA,ENSENADA,"500 - 1,000"
2026-10-07,MDA,BCA,07EDA-115,9,1215.42,1195.72,19.71,0.0,07EDA-115,Ensenada,BAJA CALIFORNIA,ENSENADA,115.0,COSTA,BAJA CALIFORNIA,ENSENADA,BAJA CALIFORNIA,2,BAJA CALIFORNIA,1,ENSENADA,ENSENADA,"1,000 - 2,000"
2026-10-07,MDA,BCA,07EDA-115,10,1109.43,1093.14,16.29,0.0,07EDA-115,Ensenada,BAJA CALIFORNIA,ENSENADA,115.0,COSTA,BAJA CALIFORNIA,ENSENADA,BAJA CALIFORNIA,2,BAJA CALIFORNIA,1,ENSENADA,ENSENADA,"1,000 - 2,000"
2026-10-07,MDA,BCA,07EDA-115,11,1226.0,1207.07,18.92,0.0,07EDA-115,Ensenada,BAJA CALIFORNIA,ENSENADA,115.0,COSTA,BAJA CALIFORNIA,ENSENADA,BAJA CALIFORNIA,2,BAJA CALIFORNIA,1,ENSENADA,ENSENADA,"1,000 - 2,000"
2026-10-07,MDA,BCA,07EDA-115,12,7647.22,1232.59,20.06,6394.57,07EDA-115,Ensenada,BAJA CALIFORNIA,ENSENADA,115.0,COSTA,BAJA CALIFORNIA,ENSENADA,BAJA CALIFORNIA,2,BAJA CALIFORNIA,1,ENSENADA,ENSENADA,"5,000 - 10,000"
2026-10-07,MDA,BCA,07EDA-115,13,9290.82,1196.63,19.59,8074.6,07EDA-115,Ensenada,BAJA CALIFORNIA,ENSENADA,115.0,COSTA,BAJA CALIFORNIA,ENSENADA,BAJA CALIFORNIA,2,BAJA CALIFORNIA,1,ENSENADA,ENSENADA,"5,000 - 10,000"
2026-10-07,MDA,BCA,07EDA-115,14,10000.93,1235.33,20.25,8745.35,07EDA-115,Ensenada,BAJA CALIFORNIA,ENSENADA,115.0,COSTA,BAJA CALIFORNIA,ENSENADA,BAJA CALIFORNIA,2,BAJA CALIFORNIA,1,ENSENADA,ENSENADA,"10,000 o más"
2026-10-07,MDA,BCA,07EDA-115,15,7621.77,1497.11,28.64,6096.02,07EDA-115,Ensenada,BAJA CALIFORNIA,ENSENADA,115.0,COSTA,BAJA CALIFORNIA,ENSENADA,BAJA CALIFORNIA,2,BAJA CALIFORNIA,1,ENSENADA,ENSENADA,"5,000 - 10,000"
2026-10-07,MDA,BCA,07EDA-115,16,9210.42,1493.21,26.71,7690.49,07EDA-115,Ensenada,BAJA CALIFORNIA,ENSENADA,115.0,COSTA,BAJA CALIFORNIA,ENSENADA,BAJA CALIFORNIA,2,BAJA CALIFORNIA,1,ENSENADA,ENSENADA,"5,000 - 10,000"
2026-10-07,MDA,BCA,07EDA-115,17,10726.75,1653.66,29.5,9043.6,07EDA-115,Ensenada,BAJA CALIFORNIA,ENSENADA,115.0,COSTA,BAJA CALIFORNIA,ENSENADA,BAJA CALIFORNIA,2,BAJA CALIFORNIA,1,ENSENADA,ENSENADA,"10,000 o más"
2026-10-07,MDA,BCA,07EDA-115,18,10870.77,3495.89,62.82,7312.07,07EDA-115,Ensenada,BAJA CALIFORNIA,ENSENADA,115.0,COSTA,BAJA CALIFORNIA,ENSENADA,BAJA CALIFORNIA,2,BAJA CALIFORNIA,1,ENSENADA,ENSENADA,"10,000 o más"
2026-10-07,MDA,BCA,07EDA-115,19,9824.07,3815.54,67.31,5941.22,07EDA-115,Ensenada,BAJA CALIFORNIA,ENSENADA,115.0,COSTA,BAJA CALIFORNIA,ENSENADA,BAJA CALIFORNIA,2,BAJA CALIFORNIA,1,ENSENADA,ENSENADA,"5,000 - 10,000"
2026-10-07,MDA,BCA,07EDA-115,20,10231.6,3549.1,62.47,6620.03,07EDA-115,Ensenada,BAJA CALIFORNIA,ENSENADA,115.0,COSTA,BAJA CALIFORNIA,ENSENADA,BAJA CALIFORNIA,2,BAJA CALIFORNIA,1,ENSENADA,ENSENADA,"10,000 o más"
2026-10-07,MDA,BCA,07EDA-115,21,9120.89,2774.55,49.26,6297.08,07EDA-115,Ensenada,BAJA CALIFORNIA,ENSENADA,115.0,COSTA,BAJA CALIFORNIA,ENSENADA,BAJA CALIFORNIA,2,BAJA CALIFORNIA,1,ENSENADA,ENSENADA,"5,000 - 10,000"
2026-10-07,MDA,BCA,07EDA-115,22,10558.78,2532.25,41.18,7985.35,07EDA-115,Ensenada,BAJA CALIFORNIA,ENSENADA,115.0,COSTA,BAJA CALIFORNIA,ENSENADA,BAJA CALIFORNIA,2,BAJA CALIFORNIA,1,ENSENADA,ENSENADA,"10,000 o más"
2026-10-07,MDA,BCA,07EDA-115,23,1920.13,1891.38,28.75,0.0,07EDA-115,Ensenada,BAJA CALIFORNIA,ENSENADA,115.0,COSTA,BAJA CALIFORNIA,ENSENADA,BAJA CALIFORNIA,2,BAJA CALIFORNIA,1,ENSENADA,ENSENADA,"1,000 - 2,000"
2026-10-07,MDA,BCA,07EDA-115,24,1274.37,1255.72,18.65,0.0,07EDA-115,Ensenada,BAJA CALIFORNIA,ENSENADA,115.0,COSTA,BAJA CALIFORNIA,ENSENADA,BAJA CALIFORNIA,2,BAJA CALIFORNIA,1,ENSENADA,ENSENADA,"1,000 - 2,000"
2026-10-07,MDA,BCA,07END-69,1,1780.5,1767.84,12.66,0.0,07END-69,Encinal Dos,BAJA CALIFORNIA,TIJUANA,69.0,COSTA,BAJA CALIFORNIA,TIJUANA,BAJA CALIFORNIA,2,BAJA CALIFORNIA,3,TECATE,TIJUANA,"1,000 - 2,000"
2026-10-07,MDA,BCA,07END-69,2,1162.73,1154.64,8.1,0.0,07END-69,Encinal Dos,BAJA CALIFORNIA,TIJUANA,69.0,COSTA,BAJA CALIFORNIA,TIJUANA,BAJA CALIFORNIA,2,BAJA CALIFORNIA,3,TECATE,TIJUANA,"1,000 - 2,000"
2026-10-07,MDA,BCA,07END-69,3,763.22,758.91,4.31,0.0,07END-69,Encinal Dos,BAJA CALIFORNIA,TIJUANA,69.0,COSTA,BAJA CALIFORNIA,TIJUANA,BAJA CALIFORNIA,2,BAJA CALIFORNIA,3,TECATE,TIJUANA,"500 - 1,000"
2026-10-07,MDA,BCA,07END-69,4,671.53,668.11,3.42,0.0,07END-69,Encinal Dos,BAJA CALIFORNIA,TIJUANA,69.0,COSTA,BAJA CALIFORNIA,TIJUANA,BAJA CALIFORNIA,2,BAJA CALIFORNIA,3,TECATE,TIJUANA,"500 - 1,000"
2026-10-07,MDA,BCA,07END-69,5,673.14,669.64,3.5,0.0,07END-69,Encinal Dos,BAJA CALIFORNIA,TIJUANA,69.0,COSTA,BAJA CALIFORNIA,TIJUANA,BAJA CALIFORNIA,2,BAJA CALIFORNIA,3,TECATE,TIJUANA,"500 - 1,000"
2026-10-07,MDA,BCA,07END-69,6,654.36,650.89,3.47,0.0,07END-69,Encinal Dos,BAJA CALIFORNIA,TIJUANA,69.0,COSTA,BAJA CALIFORNIA,TIJUANA,BAJA CALIFORNIA,2,BAJA CALIFORNIA,3,TECATE,TIJUANA,"500 - 1,000"
2026-10-07,MDA,BCA,07END-69,7,747.86,744.05,3.81,0.0,07END-69,Encinal Dos,BAJA CALIFORNIA,TIJUANA,69.0,COSTA,BAJA CALIFORNIA,TIJUANA,BAJA CALIFORNIA,2,BAJA CALIFORNIA,3,TECATE,TIJUANA,"500 - 1,000"
2026-10-07,MDA,BCA,07END-69,8,747.38,764.19,-16.81,0.0,07END-69,Encinal Dos,BAJA CALIFORNIA,TIJUANA,69.0,COSTA,BAJA CALIFORNIA,TIJUANA,BAJA CALIFORNIA,2,BAJA CALIFORNIA,3,TECATE,TIJUANA,"500 - 1,000"
2026-10-07,MDA,BCA,07END-69,9,1171.4,1195.72,-24.31,0.0,07END-69,Encinal Dos,BAJA CALIFORNIA,TIJUANA,69.0,COSTA,BAJA CALIFORNIA,TIJUANA,BAJA CALIFORNIA,2,BAJA CALIFORNIA,3,TECATE,TIJUANA,"1,000 - 2,000"
2026-10-07,MDA,BCA,07END-69,10,1072.24,1093.14,-20.9,0.0,07END-69,Encinal Dos,BAJA CALIFORNIA,TIJUANA,69.0,COSTA,BAJA CALIFORNIA,TIJUANA,BAJA CALIFORNIA,2,BAJA CALIFORNIA,3,TECATE,TIJUANA,"1,000 - 2,000"
2026-10-07,MDA,BCA,07END-69,11,1131.79,1207.07,-75.29,0.0,07END-69,Encinal Dos,BAJA CALIFORNIA,TIJUANA,69.0,COSTA,BAJA CALIFORNIA,TIJUANA,BAJA CALIFORNIA,2,BAJA CALIFORNIA,3,TECATE,TIJUANA,"1,000 - 2,000"
2026-10-07,MDA,BCA,07END-69,12,1156.08,1232.59,-76.51,0.0,07END-69,Encinal Dos,BAJA CALIFORNIA,TIJUANA,69.0,COSTA,BAJA CALIFORNIA,TIJUANA,BAJA CALIFORNIA,2,BAJA CALIFORNIA,3,TECATE,TIJUANA,"1,000 - 2,000"
2026-10-07,MDA,BCA,07END-69,13,1121.09,1196.63,-75.54,0.0,07END-69,Encinal Dos,BAJA CALIFORNIA,TIJUANA,69.0,COSTA,BAJA CALIFORNIA,TIJUANA,BAJA CALIFORNIA,2,BAJA CALIFORNIA,3,TECATE,TIJUANA,"1,000 - 2,000"
2026-10-07,MDA,BCA,07END-69,14,1085.03,1235.33,-150.3,0.0,07END-69,Encinal Dos,BAJA CALIFORNIA,TIJUANA,69.0,COSTA,BAJA CALIFORNIA,TIJUANA,BAJA CALIFORNIA,2,BAJA CALIFORNIA,3,TECATE,TIJUANA,"1,000 - 2,000"
2026-10-07,MDA,BCA,07END-69,15,1315.44,1497.11,-181.67,0.0,07END-69,Encinal Dos,BAJA CALIFORNIA,TIJUANA,69.0,COSTA,BAJA CALIFORNIA,TIJUANA,BAJA CALIFORNIA,2,BAJA CALIFORNIA,3,TECATE,TIJUANA,"1,000 - 2,000"
2026-10-07,MDA,BCA,07END-69,16,1313.4,1493.21,-179.82,0.0,07END-69,Encinal Dos,BAJA CALIFORNIA,TIJUANA,69.0,COSTA,BAJA CALIFORNIA,TIJUANA,BAJA CALIFORNIA,2,BAJA CALIFORNIA,3,TECATE,TIJUANA,"1,000 - 2,000"
2026-10-07,MDA,BCA,07END-69,17,1455.31,1653.66,-198.35,0.0,07END-69,Encinal Dos,BAJA CALIFORNIA,TIJUANA,69.0,COSTA,BAJA CALIFORNIA,TIJUANA,BAJA CALIFORNIA,2,BAJA CALIFORNIA,3,TECATE,TIJUANA,"1,000 - 2,000"
2026-10-07,MDA,BCA,07END-69,18,3075.21,3495.89,-420.68,0.0,07END-69,Encinal Dos,BAJA CALIFORNIA,TIJUANA,69.0,COSTA,BAJA CALIFORNIA,TIJUANA,BAJA CALIFORNIA,2,BAJA CALIFORNIA,3,TECATE,TIJUANA,"2,000 - 5,000"
2026-10-07,MDA,BCA,07END-69,19,3360.04,3815.54,-455.51,0.0,07END-69,Encinal Dos,BAJA CALIFORNIA,TIJUANA,69.0,COSTA,BAJA CALIFORNIA,TIJUANA,BAJA CALIFORNIA,2,BAJA CALIFORNIA,3,TECATE,TIJUANA,"2,000 - 5,000"
2026-10-07,MDA,BCA,07END-69,20,3496.14,3549.1,-52.97,0.0,07END-69,Encinal Dos,BAJA CALIFORNIA,TIJUANA,69.0,COSTA,BAJA CALIFORNIA,TIJUANA,BAJA CALIFORNIA,2,BAJA CALIFORNIA,3,TECATE,TIJUANA,"2,000 - 5,000"
2026-10-07,MDA,BCA,07END-69,21,2731.68,2774.55,-42.87,0.0,07END-69,Encinal Dos,BAJA CALIFORNIA,TIJUANA,69.0,COSTA,BAJA CALIFORNIA,TIJUANA,BAJA CALIFORNIA,2,BAJA CALIFORNIA,3,TECATE,TIJUANA,"2,000 - 5,000"
2026-10-07,MDA,BCA,07END-69,22,2491.87,2532.25,-40.39,0.0,07END-69,Encinal Dos,BAJA CALIFORNIA,TIJUANA,69.0,COSTA,BAJA CALIFORNIA,TIJUANA,BAJA CALIFORNIA,2,BAJA CALIFORNIA,3,TECATE,TIJUANA,"2,000 - 5,000"
2026-10-07,MDA,BCA,07END-69,23,1860.1,1891.38,-31.27,0.0,07END-69,Encinal Dos,BAJA CALIFORNIA,TIJUANA,69.0,COSTA,BAJA CALIFORNIA,TIJUANA,BAJA CALIFORNIA,2,BAJA CALIFORNIA,3,TECATE,TIJUANA,"1,000 - 2,000"
2026-10-07,MDA,BCA,07END-69,24,1232.59,1255.72,-23.13,0.0,07END-69,Encinal Dos,BAJA CALIFORNIA,TIJUANA,69.0,COSTA,BAJA CALIFORNIA,TIJUANA,BAJA CALIFORNIA,2,BAJA CALIFORNIA,3,TECATE,TIJUANA,"1,000 - 2,000"
2026-10-07,MDA,BCA,07ENL-69,1,1808.49,1767.84,40.65,0.0,07ENL-69,Encinal,BAJA CALIFORNIA,TIJUANA,69.0,COSTA,BAJA CALIFORNIA,TIJUANA,BAJA CALIFORNIA,2,BAJA CALIFORNIA,3,TECATE,TIJUANA,"1,000 - 2,000"
2026-10-07,MDA,BCA,07ENL-69,2,1180.87,1154.64,26.23,0.0,07ENL-69,Encinal,BAJA CALIFORNIA,TIJUANA,69.0,COSTA,BAJA CALIFORNIA,TIJUANA,BAJA CALIFORNIA,2,BAJA CALIFORNIA,3,TECATE,TIJUANA,"1,000 - 2,000"
2026-10-07,MDA,BCA,07ENL-69,3,775.23,758.91,16.32,0.0,07ENL-69,Encinal,BAJA CALIFORNIA,TIJUANA,69.0,COSTA,BAJA CALIFORNIA,TIJUANA,BAJA CALIFORNIA,2,BAJA CALIFORNIA,3,TECATE,TIJUANA,"500 - 1,000"
2026-10-07,MDA,BCA,07ENL-69,4,682.2,668.11,14.09,0.0,07ENL-69,Encinal,BAJA CALIFORNIA,TIJUANA,69.0,COSTA,BAJA CALIFORNIA,TIJUANA,BAJA CALIFORNIA,2,BAJA CALIFORNIA,3,TECATE,TIJUANA,"500 - 1,000"
2026-10-07,MDA,BCA,07ENL-69,5,683.83,669.64,14.19,0.0,07ENL-69,Encinal,BAJA CALIFORNIA,TIJUANA,69.0,COSTA,BAJA CALIFORNIA,TIJUANA,BAJA CALIFORNIA,2,BAJA CALIFORNIA,3,TECATE,TIJUANA,"500 - 1,000"
2026-10-07,MDA,BCA,07ENL-69,6,664.72,650.89,13.83,0.0,07ENL-69,Encinal,BAJA CALIFORNIA,TIJUANA,69.0,COSTA,BAJA CALIFORNIA,TIJUANA,BAJA CALIFORNIA,2,BAJA CALIFORNIA,3,TECATE,TIJUANA,"500 - 1,000"
2026-10-07,MDA,BCA,07ENL-69,7,759.68,744.05,15.62,0.0,07ENL-69,Encinal,BAJA CALIFORNIA,TIJUANA,69.0,COSTA,BAJA CALIFORNIA,TIJUANA,BAJA CALIFORNIA,2,BAJA CALIFORNIA,3,TECATE,TIJUANA,"500 - 1,000"
2026-10-07,MDA,BCA,07ENL-69,8,781.06,764.19,16.87,0.0,07ENL-69,Encinal,BAJA CALIFORNIA,TIJUANA,69.0,COSTA,BAJA CALIFORNIA,TIJUANA,BAJA CALIFORNIA,2,BAJA CALIFORNIA,3,TECATE,TIJUANA,"500 - 1,000"
2026-10-07,MDA,BCA,07ENL-69,9,1223.12,1195.72,27.4,0.0,07ENL-69,Encinal,BAJA CALIFORNIA,TIJUANA,69.0,COSTA,BAJA CALIFORNIA,TIJUANA,BAJA CALIFORNIA,2,BAJA CALIFORNIA,3,TECATE,TIJUANA,"1,000 - 2,000"
2026-10-07,MDA,BCA,07ENL-69,10,1119.2,1093.14,26.06,0.0,07ENL-69,Encinal,BAJA CALIFORNIA,TIJUANA,69.0,COSTA,BAJA CALIFORNIA,TIJUANA,BAJA CALIFORNIA,2,BAJA CALIFORNIA,3,TECATE,TIJUANA,"1,000 - 2,000"
2026-10-07,MDA,BCA,07ENL-69,11,1236.13,1207.07,29.06,0.0,07ENL-69,Encinal,BAJA CALIFORNIA,TIJUANA,69.0,COSTA,BAJA CALIFORNIA,TIJUANA,BAJA CALIFORNIA,2,BAJA CALIFORNIA,3,TECATE,TIJUANA,"1,000 - 2,000"
2026-10-07,MDA,BCA,07ENL-69,12,1262.5,1232.59,29.91,0.0,07ENL-69,Encinal,BAJA CALIFORNIA,TIJUANA,69.0,COSTA,BAJA CALIFORNIA,TIJUANA,BAJA CALIFORNIA,2,BAJA CALIFORNIA,3,TECATE,TIJUANA,"1,000 - 2,000"
2026-10-07,MDA,BCA,07ENL-69,13,1224.95,1196.63,28.33,0.0,07ENL-69,Encinal,BAJA CALIFORNIA,TIJUANA,69.0,COSTA,BAJA CALIFORNIA,TIJUANA,BAJA CALIFORNIA,2,BAJA CALIFORNIA,3,TECATE,TIJUANA,"1,000 - 2,000"
2026-10-07,MDA,BCA,07ENL-69,14,1265.34,1235.33,30.02,0.0,07ENL-69,Encinal,BAJA CALIFORNIA,TIJUANA,69.0,COSTA,BAJA CALIFORNIA,TIJUANA,BAJA CALIFORNIA,2,BAJA CALIFORNIA,3,TECATE,TIJUANA,"1,000 - 2,000"
2026-10-07,MDA,BCA,07ENL-69,15,1534.0,1497.11,36.88,0.0,07ENL-69,Encinal,BAJA CALIFORNIA,TIJUANA,69.0,COSTA,BAJA CALIFORNIA,TIJUANA,BAJA CALIFORNIA,2,BAJA CALIFORNIA,3,TECATE,TIJUANA,"1,000 - 2,000"
2026-10-07,MDA,BCA,07ENL-69,16,1531.2,1493.21,37.99,0.0,07ENL-69,Encinal,BAJA CALIFORNIA,TIJUANA,69.0,COSTA,BAJA CALIFORNIA,TIJUANA,BAJA CALIFORNIA,2,BAJA CALIFORNIA,3,TECATE,TIJUANA,"1,000 - 2,000"
2026-10-07,MDA,BCA,07ENL-69,17,1696.3,1653.66,42.64,0.0,07ENL-69,Encinal,BAJA CALIFORNIA,TIJUANA,69.0,COSTA,BAJA CALIFORNIA,TIJUANA,BAJA CALIFORNIA,2,BAJA CALIFORNIA,3,TECATE,TIJUANA,"1,000 - 2,000"
2026-10-07,MDA,BCA,07ENL-69,18,3585.48,3495.89,89.59,0.0,07ENL-69,Encinal,BAJA CALIFORNIA,TIJUANA,69.0,COSTA,BAJA CALIFORNIA,TIJUANA,BAJA CALIFORNIA,2,BAJA CALIFORNIA,3,TECATE,TIJUANA,"2,000 - 5,000"
2026-10-07,MDA,BCA,07ENL-69,19,3916.06,3815.54,100.52,0.0,07ENL-69,Encinal,BAJA CALIFORNIA,TIJUANA,69.0,COSTA,BAJA CALIFORNIA,TIJUANA,BAJA CALIFORNIA,2,BAJA CALIFORNIA,3,TECATE,TIJUANA,"2,000 - 5,000"
2026-10-07,MDA,BCA,07ENL-69,20,3646.87,3549.1,97.76,0.0,07ENL-69,Encinal,BAJA CALIFORNIA,TIJUANA,69.0,COSTA,BAJA CALIFORNIA,TIJUANA,BAJA CALIFORNIA,2,BAJA CALIFORNIA,3,TECATE,TIJUANA,"2,000 - 5,000"
2026-10-07,MDA,BCA,07ENL-69,21,2849.69,2774.55,75.14,0.0,07ENL-69,Encinal,BAJA CALIFORNIA,TIJUANA,69.0,COSTA,BAJA CALIFORNIA,TIJUANA,BAJA CALIFORNIA,2,BAJA CALIFORNIA,3,TECATE,TIJUANA,"2,000 - 5,000"
2026-10-07,MDA,BCA,07ENL-69,22,2600.22,2532.25,67.97,0.0,07ENL-69,Encinal,BAJA CALIFORNIA,TIJUANA,69.0,COSTA,BAJA CALIFORNIA,TIJUANA,BAJA CALIFORNIA,2,BAJA CALIFORNIA,3,TECATE,TIJUANA,"2,000 - 5,000"
2026-10-07,MDA,BCA,07ENL-69,23,1941.51,1891.38,50.14,0.0,07ENL-69,Encinal,BAJA CALIFORNIA,TIJUANA,69.0,COSTA,BAJA CALIFORNIA,TIJUANA,BAJA CALIFORNIA,2,BAJA CALIFORNIA,3,TECATE,TIJUANA,"1,000 - 2,000"
2026-10-07,MDA,BCA,07ENL-69,24,1287.06,1255.72,31.34,0.0,07ENL-69,Encinal,BAJA CALIFORNIA,TIJUANA,69.0,COSTA,BAJA CALIFORNIA,TIJUANA,BAJA CALIFORNIA,2,BAJA CALIFORNIA,3,TECATE,TIJUANA,"1,000 - 2,000"
2026-10-07,MDA,BCA,07ENT-115,1,1988.5,1767.84,220.67,0.0,07ENT-115,Entronque San Felipe,BAJA CALIFORNIA,ENSENADA,115.0,COSTA,BAJA CALIFORNIA,ENSENADA,BAJA CALIFORNIA,2,BAJA CALIFORNIA,1,ENSENADA,ENSENADA,"1,000 - 2,000"
2026-10-07,MDA,BCA,07ENT-115,2,1293.31,1154.64,138.67,0.0,07ENT-115,Entronque San Felipe,BAJA CALIFORNIA,ENSENADA,115.0,COSTA,BAJA CALIFORNIA,ENSENADA,BAJA CALIFORNIA,2,BAJA CALIFORNIA,1,ENSENADA,ENSENADA,"1,000 - 2,000"
2026-10-07,MDA,BCA,07ENT-115,3,848.52,758.91,89.61,0.0,07ENT-115,Entronque San Felipe,BAJA CALIFORNIA,ENSENADA,115.0,COSTA,BAJA CALIFORNIA,ENSENADA,BAJA CALIFORNIA,2,BAJA CALIFORNIA,1,ENSENADA,ENSENADA,"500 - 1,000"
2026-10-07,MDA,BCA,07ENT-115,4,744.04,668.11,75.93,0.0,07ENT-115,Entronque San Felipe,BAJA CALIFORNIA,ENSENADA,115.0,COSTA,BAJA CALIFORNIA,ENSENADA,BAJA CALIFORNIA,2,BAJA CALIFORNIA,1,ENSENADA,ENSENADA,"500 - 1,000"
2026-10-07,MDA,BCA,07ENT-115,5,744.81,669.64,75.17,0.0,07ENT-115,Entronque San Felipe,BAJA CALIFORNIA,ENSENADA,115.0,COSTA,BAJA CALIFORNIA,ENSENADA,BAJA CALIFORNIA,2,BAJA CALIFORNIA,1,ENSENADA,ENSENADA,"500 - 1,000"
2026-10-07,MDA,BCA,07ENT-115,6,723.49,650.89,72.59,0.0,07ENT-115,Entronque San Felipe,BAJA CALIFORNIA,ENSENADA,115.0,COSTA,BAJA CALIFORNIA,ENSENADA,BAJA CALIFORNIA,2,BAJA CALIFORNIA,1,ENSENADA,ENSENADA,"500 - 1,000"
2026-10-07,MDA,BCA,07ENT-115,7,830.84,744.05,86.79,0.0,07ENT-115,Entronque San Felipe,BAJA CALIFORNIA,ENSENADA,115.0,COSTA,BAJA CALIFORNIA,ENSENADA,BAJA CALIFORNIA,2,BAJA CALIFORNIA,1,ENSENADA,ENSENADA,"500 - 1,000"
2026-10-07,MDA,BCA,07ENT-115,8,860.2,764.19,96.01,0.0,07ENT-115,Entronque San Felipe,BAJA CALIFORNIA,ENSENADA,115.0,COSTA,BAJA CALIFORNIA,ENSENADA,BAJA CALIFORNIA,2,BAJA CALIFORNIA,1,ENSENADA,ENSENADA,"500 - 1,000"
2026-10-07,MDA,BCA,07ENT-115,9,1358.68,1195.72,162.96,0.0,07ENT-115,Entronque San Felipe,BAJA CALIFORNIA,ENSENADA,115.0,COSTA,BAJA CALIFORNIA,ENSENADA,BAJA CALIFORNIA,2,BAJA CALIFORNIA,1,ENSENADA,ENSENADA,"1,000 - 2,000"
2026-10-07,MDA,BCA,07ENT-115,10,1248.89,1093.14,155.75,0.0,07ENT-115,Entronque San Felipe,BAJA CALIFORNIA,ENSENADA,115.0,COSTA,BAJA CALIFORNIA,ENSENADA,BAJA CALIFORNIA,2,BAJA CALIFORNIA,1,ENSENADA,ENSENADA,"1,000 - 2,000"
2026-10-07,MDA,BCA,07ENT-115,11,1384.38,1207.07,177.3,0.0,07ENT-115,Entronque San Felipe,BAJA CALIFORNIA,ENSENADA,115.0,COSTA,BAJA CALIFORNIA,ENSENADA,BAJA CALIFORNIA,2,BAJA CALIFORNIA,1,ENSENADA,ENSENADA,"1,000 - 2,000"
2026-10-07,MDA,BCA,07ENT-115,12,7810.13,1232.59,182.97,6394.57,07ENT-115,Entronque San Felipe,BAJA CALIFORNIA,ENSENADA,115.0,COSTA,BAJA CALIFORNIA,ENSENADA,BAJA CALIFORNIA,2,BAJA CALIFORNIA,1,ENSENADA,ENSENADA,"5,000 - 10,000"
2026-10-07,MDA,BCA,07ENT-115,13,9452.65,1196.63,181.42,8074.6,07ENT-115,Entronque San Felipe,BAJA CALIFORNIA,ENSENADA,115.0,COSTA,BAJA CALIFORNIA,ENSENADA,BAJA CALIFORNIA,2,BAJA CALIFORNIA,1,ENSENADA,ENSENADA,"5,000 - 10,000"
2026-10-07,MDA,BCA,07ENT-115,14,10166.64,1235.33,185.96,8745.35,07ENT-115,Entronque San Felipe,BAJA CALIFORNIA,ENSENADA,115.0,COSTA,BAJA CALIFORNIA,ENSENADA,BAJA CALIFORNIA,2,BAJA CALIFORNIA,1,ENSENADA,ENSENADA,"10,000 o más"
2026-10-07,MDA,BCA,07ENT-115,15,7818.34,1497.11,225.21,6096.02,07ENT-115,Entronque San Felipe,BAJA CALIFORNIA,ENSENADA,115.0,COSTA,BAJA CALIFORNIA,ENSENADA,BAJA CALIFORNIA,2,BAJA CALIFORNIA,1,ENSENADA,ENSENADA,"5,000 - 10,000"
2026-10-07,MDA,BCA,07ENT-115,16,9405.96,1493.21,222.25,7690.49,07ENT-115,Entronque San Felipe,BAJA CALIFORNIA,ENSENADA,115.0,COSTA,BAJA CALIFORNIA,ENSENADA,BAJA CALIFORNIA,2,BAJA CALIFORNIA,1,ENSENADA,ENSENADA,"5,000 - 10,000"
2026-10-07,MDA,BCA,07ENT-115,17,10954.47,1653.66,257.22,9043.6,07ENT-115,Entronque San Felipe,BAJA CALIFORNIA,ENSENADA,115.0,COSTA,BAJA CALIFORNIA,ENSENADA,BAJA CALIFORNIA,2,BAJA CALIFORNIA,1,ENSENADA,ENSENADA,"10,000 o más"
2026-10-07,MDA,BCA,07ENT-115,18,11359.43,3495.89,551.48,7312.07,07ENT-115,Entronque San Felipe,BAJA CALIFORNIA,ENSENADA,115.0,COSTA,BAJA CALIFORNIA,ENSENADA,BAJA CALIFORNIA,2,BAJA CALIFORNIA,1,ENSENADA,ENSENADA,"10,000 o más"
2026-10-07,MDA,BCA,07ENT-115,19,10334.64,3815.54,577.87,5941.22,07ENT-115,Entronque San Felipe,BAJA CALIFORNIA,ENSENADA,115.0,COSTA,BAJA CALIFORNIA,ENSENADA,BAJA CALIFORNIA,2,BAJA CALIFORNIA,1,ENSENADA,ENSENADA,"10,000 o más"
2026-10-07,MDA,BCA,07ENT-115,20,10692.68,3549.1,523.54,6620.03,07ENT-115,Entronque San Felipe,BAJA CALIFORNIA,ENSENADA,115.0,COSTA,BAJA CALIFORNIA,ENSENADA,BAJA CALIFORNIA,2,BAJA CALIFORNIA,1,ENSENADA,ENSENADA,"10,000 o más"
2026-10-07,MDA,BCA,07ENT-115,21,9483.49,2774.55,411.87,6297.08,07ENT-115,Entronque San Felipe,BAJA CALIFORNIA,ENSENADA,115.0,COSTA,BAJA CALIFORNIA,ENSENADA,BAJA CALIFORNIA,2,BAJA CALIFORNIA,1,ENSENADA,ENSENADA,"5,000 - 10,000"
2026-10-07,MDA,BCA,07ENT-115,22,10872.18,2532.25,354.57,7985.35,07ENT-115,Entronque San Felipe,BAJA CALIFORNIA,ENSENADA,115.0,COSTA,BAJA CALIFORNIA,ENSENADA,BAJA CALIFORNIA,2,BAJA CALIFORNIA,1,ENSENADA,ENSENADA,"10,000 o más"
2026-10-07,MDA,BCA,07ENT-115,23,2142.48,1891.38,251.1,0.0,07ENT-115,Entronque San Felipe,BAJA CALIFORNIA,ENSENADA,115.0,COSTA,BAJA CALIFORNIA,ENSENADA,BAJA CALIFORNIA,2,BAJA CALIFORNIA,1,ENSENADA,ENSENADA,"2,000 - 5,000"
2026-10-07,MDA,BCA,07ENT-115,24,1415.16,1255.72,159.44,0.0,07ENT-115,Entronque San Felipe,BAJA CALIFORNIA,ENSENADA,115.0,COSTA,BAJA CALIFORNIA,ENSENADA,BAJA CALIFORNIA,2,BAJA CALIFORNIA,1,ENSENADA,ENSENADA,"1,000 - 2,000"
2026-10-07,MDA,BCA,07EPC-115,1,1833.18,1767.84,65.34,0.0,07EPC-115,Cementera Punta China,BAJA CALIFORNIA,ENSENADA,115.0,COSTA,BAJA CALIFORNIA,ENSENADA,BAJA CALIFORNIA,2,BAJA CALIFORNIA,1,ENSENADA,ENSENADA,"1,000 - 2,000"
2026-10-07,MDA,BCA,07EPC-115,2,1195.48,1154.64,40.84,0.0,07EPC-115,Cementera Punta China,BAJA CALIFORNIA,ENSENADA,115.0,COSTA,BAJA CALIFORNIA,ENSENADA,BAJA CALIFORNIA,2,BAJA CALIFORNIA,1,ENSENADA,ENSENADA,"1,000 - 2,000"
2026-10-07,MDA,BCA,07EPC-115,3,786.57,758.91,27.66,0.0,07EPC-115,Cementera Punta China,BAJA CALIFORNIA,ENSENADA,115.0,COSTA,BAJA CALIFORNIA,ENSENADA,BAJA CALIFORNIA,2,BAJA CALIFORNIA,1,ENSENADA,ENSENADA,"500 - 1,000"
2026-10-07,MDA,BCA,07EPC-115,4,691.94,668.11,23.83,0.0,07EPC-115,Cementera Punta China,BAJA CALIFORNIA,ENSENADA,115.0,COSTA,BAJA CALIFORNIA,ENSENADA,BAJA CALIFORNIA,2,BAJA CALIFORNIA,1,ENSENADA,ENSENADA,"500 - 1,000"
2026-10-07,MDA,BCA,07EPC-115,5,693.32,669.64,23.68,0.0,07EPC-115,Cementera Punta China,BAJA CALIFORNIA,ENSENADA,115.0,COSTA,BAJA CALIFORNIA,ENSENADA,BAJA CALIFORNIA,2,BAJA CALIFORNIA,1,ENSENADA,ENSENADA,"500 - 1,000"
2026-10-07,MDA,BCA,07EPC-115,6,673.96,650.89,23.07,0.0,07EPC-115,Cementera Punta China,BAJA CALIFORNIA,ENSENADA,115.0,COSTA,BAJA CALIFORNIA,ENSENADA,BAJA CALIFORNIA,2,BAJA CALIFORNIA,1,ENSENADA,ENSENADA,"500 - 1,000"
2026-10-07,MDA,BCA,07EPC-115,7,771.82,744.05,27.77,0.0,07EPC-115,Cementera Punta China,BAJA CALIFORNIA,ENSENADA,115.0,COSTA,BAJA CALIFORNIA,ENSENADA,BAJA CALIFORNIA,2,BAJA CALIFORNIA,1,ENSENADA,ENSENADA,"500 - 1,000"
2026-10-07,MDA,BCA,07EPC-115,8,794.51,764.19,30.32,0.0,07EPC-115,Cementera Punta China,BAJA CALIFORNIA,ENSENADA,115.0,COSTA,BAJA CALIFORNIA,ENSENADA,BAJA CALIFORNIA,2,BAJA CALIFORNIA,1,ENSENADA,ENSENADA,"500 - 1,000"
2026-10-07,MDA,BCA,07EPC-115,9,1247.26,1195.72,51.54,0.0,07EPC-115,Cementera Punta China,BAJA CALIFORNIA,ENSENADA,115.0,COSTA,BAJA CALIFORNIA,ENSENADA,BAJA CALIFORNIA,2,BAJA CALIFORNIA,1,ENSENADA,ENSENADA,"1,000 - 2,000"
2026-10-07,MDA,BCA,07EPC-115,10,1139.71,1093.14,46.57,0.0,07EPC-115,Cementera Punta China,BAJA CALIFORNIA,ENSENADA,115.0,COSTA,BAJA CALIFORNIA,ENSENADA,BAJA CALIFORNIA,2,BAJA CALIFORNIA,1,ENSENADA,ENSENADA,"1,000 - 2,000"
2026-10-07,MDA,BCA,07EPC-115,11,1259.1,1207.07,52.03,0.0,07EPC-115,Cementera Punta China,BAJA CALIFORNIA,ENSENADA,115.0,COSTA,BAJA CALIFORNIA,ENSENADA,BAJA CALIFORNIA,2,BAJA CALIFORNIA,1,ENSENADA,ENSENADA,"1,000 - 2,000"
2026-10-07,MDA,BCA,07EPC-115,12,7681.51,1232.59,54.36,6394.57,07EPC-115,Cementera Punta China,BAJA CALIFORNIA,ENSENADA,115.0,COSTA,BAJA CALIFORNIA,ENSENADA,BAJA CALIFORNIA,2,BAJA CALIFORNIA,1,ENSENADA,ENSENADA,"5,000 - 10,000"
2026-10-07,MDA,BCA,07EPC-115,13,9324.7,1196.63,53.47,8074.6,07EPC-115,Cementera Punta China,BAJA CALIFORNIA,ENSENADA,115.0,COSTA,BAJA CALIFORNIA,ENSENADA,BAJA CALIFORNIA,2,BAJA CALIFORNIA,1,ENSENADA,ENSENADA,"5,000 - 10,000"
2026-10-07,MDA,BCA,07EPC-115,14,10035.9,1235.33,55.22,8745.35,07EPC-115,Cementera Punta China,BAJA CALIFORNIA,ENSENADA,115.0,COSTA,BAJA CALIFORNIA,ENSENADA,BAJA CALIFORNIA,2,BAJA CALIFORNIA,1,ENSENADA,ENSENADA,"10,000 o más"
2026-10-07,MDA,BCA,07EPC-115,15,7663.66,1497.11,70.53,6096.02,07EPC-115,Cementera Punta China,BAJA CALIFORNIA,ENSENADA,115.0,COSTA,BAJA CALIFORNIA,ENSENADA,BAJA CALIFORNIA,2,BAJA CALIFORNIA,1,ENSENADA,ENSENADA,"5,000 - 10,000"
2026-10-07,MDA,BCA,07EPC-115,16,9251.23,1493.21,67.52,7690.49,07EPC-115,Cementera Punta China,BAJA CALIFORNIA,ENSENADA,115.0,COSTA,BAJA CALIFORNIA,ENSENADA,BAJA CALIFORNIA,2,BAJA CALIFORNIA,1,ENSENADA,ENSENADA,"5,000 - 10,000"
2026-10-07,MDA,BCA,07EPC-115,17,10774.55,1653.66,77.3,9043.6,07EPC-115,Cementera Punta China,BAJA CALIFORNIA,ENSENADA,115.0,COSTA,BAJA CALIFORNIA,ENSENADA,BAJA CALIFORNIA,2,BAJA CALIFORNIA,1,ENSENADA,ENSENADA,"10,000 o más"
2026-10-07,MDA,BCA,07EPC-115,18,10973.89,3495.89,165.93,7312.07,07EPC-115,Cementera Punta China,BAJA CALIFORNIA,ENSENADA,115.0,COSTA,BAJA CALIFORNIA,ENSENADA,BAJA CALIFORNIA,2,BAJA CALIFORNIA,1,ENSENADA,ENSENADA,"10,000 o más"
2026-10-07,MDA,BCA,07EPC-115,19,9931.23,3815.54,174.46,5941.22,07EPC-115,Cementera Punta China,BAJA CALIFORNIA,ENSENADA,115.0,COSTA,BAJA CALIFORNIA,ENSENADA,BAJA CALIFORNIA,2,BAJA CALIFORNIA,1,ENSENADA,ENSENADA,"5,000 - 10,000"
2026-10-07,MDA,BCA,07EPC-115,20,10330.31,3549.1,161.17,6620.03,07EPC-115,Cementera Punta China,BAJA CALIFORNIA,ENSENADA,115.0,COSTA,BAJA CALIFORNIA,ENSENADA,BAJA CALIFORNIA,2,BAJA CALIFORNIA,1,ENSENADA,ENSENADA,"10,000 o más"
2026-10-07,MDA,BCA,07EPC-115,21,9205.49,2774.55,133.86,6297.08,07EPC-115,Cementera Punta China,BAJA CALIFORNIA,ENSENADA,115.0,COSTA,BAJA CALIFORNIA,ENSENADA,BAJA CALIFORNIA,2,BAJA CALIFORNIA,1,ENSENADA,ENSENADA,"5,000 - 10,000"
2026-10-07,MDA,BCA,07EPC-115,22,10626.74,2532.25,109.13,7985.35,07EPC-115,Cementera Punta China,BAJA CALIFORNIA,ENSENADA,115.0,COSTA,BAJA CALIFORNIA,ENSENADA,BAJA CALIFORNIA,2,BAJA CALIFORNIA,1,ENSENADA,ENSENADA,"10,000 o más"
2026-10-07,MDA,BCA,07EPC-115,23,1968.75,1891.38,77.37,0.0,07EPC-115,Cementera Punta China,BAJA CALIFORNIA,ENSENADA,115.0,COSTA,BAJA CALIFORNIA,ENSENADA,BAJA CALIFORNIA,2,BAJA CALIFORNIA,1,ENSENADA,ENSENADA,"1,000 - 2,000"
2026-10-07,MDA,BCA,07EPC-115,24,1305.54,1255.72,49.83,0.0,07EPC-115,Cementera Punta China,BAJA CALIFORNIA,ENSENADA,115.0,COSTA,BAJA CALIFORNIA,ENSENADA,BAJA CALIFORNIA,2,BAJA CALIFORNIA,1,ENSENADA,ENSENADA,"1,000 - 2,000"
2026-10-07,MDA,BCA,07FCO-69,1,1798.34,1767.84,30.51,0.0,07FCO-69,Francisco Villa,BAJA CALIFORNIA,TIJUANA,69.0,COSTA,BAJA CALIFORNIA,TIJUANA,BAJA CALIFORNIA,2,BAJA CALIFORNIA,4,TIJUANA,TIJUANA,"1,000 - 2,000"
2026-10-07,MDA,BCA,07FCO-69,2,1173.86,1154.64,19.23,0.0,07FCO-69,Francisco Villa,BAJA CALIFORNIA,TIJUANA,69.0,COSTA,BAJA CALIFORNIA,TIJUANA,BAJA CALIFORNIA,2,BAJA CALIFORNIA,4,TIJUANA,TIJUANA,"1,000 - 2,000"
2026-10-07,MDA,BCA,07FCO-69,3,770.66,758.91,11.76,0.0,07FCO-69,Francisco Villa,BAJA CALIFORNIA,TIJUANA,69.0,COSTA,BAJA CALIFORNIA,TIJUANA,BAJA CALIFORNIA,2,BAJA CALIFORNIA,4,TIJUANA,TIJUANA,"500 - 1,000"
2026-10-07,MDA,BCA,07FCO-69,4,678.24,668.11,10.13,0.0,07FCO-69,Francisco Villa,BAJA CALIFORNIA,TIJUANA,69.0,COSTA,BAJA CALIFORNIA,TIJUANA,BAJA CALIFORNIA,2,BAJA CALIFORNIA,4,TIJUANA,TIJUANA,"500 - 1,000"
2026-10-07,MDA,BCA,07FCO-69,5,679.77,669.64,10.13,0.0,07FCO-69,Francisco Villa,BAJA CALIFORNIA,TIJUANA,69.0,COSTA,BAJA CALIFORNIA,TIJUANA,BAJA CALIFORNIA,2,BAJA CALIFORNIA,4,TIJUANA,TIJUANA,"500 - 1,000"
2026-10-07,MDA,BCA,07FCO-69,6,660.72,650.89,9.82,0.0,07FCO-69,Francisco Villa,BAJA CALIFORNIA,TIJUANA,69.0,COSTA,BAJA CALIFORNIA,TIJUANA,BAJA CALIFORNIA,2,BAJA CALIFORNIA,4,TIJUANA,TIJUANA,"500 - 1,000"
2026-10-07,MDA,BCA,07FCO-69,7,755.33,744.05,11.28,0.0,07FCO-69,Francisco Villa,BAJA CALIFORNIA,TIJUANA,69.0,COSTA,BAJA CALIFORNIA,TIJUANA,BAJA CALIFORNIA,2,BAJA CALIFORNIA,4,TIJUANA,TIJUANA,"500 - 1,000"
2026-10-07,MDA,BCA,07FCO-69,8,776.12,764.19,11.94,0.0,07FCO-69,Francisco Villa,BAJA CALIFORNIA,TIJUANA,69.0,COSTA,BAJA CALIFORNIA,TIJUANA,BAJA CALIFORNIA,2,BAJA CALIFORNIA,4,TIJUANA,TIJUANA,"500 - 1,000"
2026-10-07,MDA,BCA,07FCO-69,9,1214.36,1195.72,18.65,0.0,07FCO-69,Francisco Villa,BAJA CALIFORNIA,TIJUANA,69.0,COSTA,BAJA CALIFORNIA,TIJUANA,BAJA CALIFORNIA,2,BAJA CALIFORNIA,4,TIJUANA,TIJUANA,"1,000 - 2,000"
2026-10-07,MDA,BCA,07FCO-69,10,1111.04,1093.14,17.9,0.0,07FCO-69,Francisco Villa,BAJA CALIFORNIA,TIJUANA,69.0,COSTA,BAJA CALIFORNIA,TIJUANA,BAJA CALIFORNIA,2,BAJA CALIFORNIA,4,TIJUANA,TIJUANA,"1,000 - 2,000"
2026-10-07,MDA,BCA,07FCO-69,11,1227.77,1207.07,20.7,0.0,07FCO-69,Francisco Villa,BAJA CALIFORNIA,TIJUANA,69.0,COSTA,BAJA CALIFORNIA,TIJUANA,BAJA CALIFORNIA,2,BAJA CALIFORNIA,4,TIJUANA,TIJUANA,"1,000 - 2,000"
2026-10-07,MDA,BCA,07FCO-69,12,1254.1,1232.59,21.52,0.0,07FCO-69,Francisco Villa,BAJA CALIFORNIA,TIJUANA,69.0,COSTA,BAJA CALIFORNIA,TIJUANA,BAJA CALIFORNIA,2,BAJA CALIFORNIA,4,TIJUANA,TIJUANA,"1,000 - 2,000"
2026-10-07,MDA,BCA,07FCO-69,13,1217.66,1196.63,21.03,0.0,07FCO-69,Francisco Villa,BAJA CALIFORNIA,TIJUANA,69.0,COSTA,BAJA CALIFORNIA,TIJUANA,BAJA CALIFORNIA,2,BAJA CALIFORNIA,4,TIJUANA,TIJUANA,"1,000 - 2,000"
2026-10-07,MDA,BCA,07FCO-69,14,1257.58,1235.33,22.25,0.0,07FCO-69,Francisco Villa,BAJA CALIFORNIA,TIJUANA,69.0,COSTA,BAJA CALIFORNIA,TIJUANA,BAJA CALIFORNIA,2,BAJA CALIFORNIA,4,TIJUANA,TIJUANA,"1,000 - 2,000"
2026-10-07,MDA,BCA,07FCO-69,15,1524.44,1497.11,27.32,0.0,07FCO-69,Francisco Villa,BAJA CALIFORNIA,TIJUANA,69.0,COSTA,BAJA CALIFORNIA,TIJUANA,BAJA CALIFORNIA,2,BAJA CALIFORNIA,4,TIJUANA,TIJUANA,"1,000 - 2,000"
2026-10-07,MDA,BCA,07FCO-69,16,1521.15,1493.21,27.94,0.0,07FCO-69,Francisco Villa,BAJA CALIFORNIA,TIJUANA,69.0,COSTA,BAJA CALIFORNIA,TIJUANA,BAJA CALIFORNIA,2,BAJA CALIFORNIA,4,TIJUANA,TIJUANA,"1,000 - 2,000"
2026-10-07,MDA,BCA,07FCO-69,17,1684.59,1653.66,30.94,0.0,07FCO-69,Francisco Villa,BAJA CALIFORNIA,TIJUANA,69.0,COSTA,BAJA CALIFORNIA,TIJUANA,BAJA CALIFORNIA,2,BAJA CALIFORNIA,4,TIJUANA,TIJUANA,"1,000 - 2,000"
2026-10-07,MDA,BCA,07FCO-69,18,3561.36,3495.89,65.47,0.0,07FCO-69,Francisco Villa,BAJA CALIFORNIA,TIJUANA,69.0,COSTA,BAJA CALIFORNIA,TIJUANA,BAJA CALIFORNIA,2,BAJA CALIFORNIA,4,TIJUANA,TIJUANA,"2,000 - 5,000"
2026-10-07,MDA,BCA,07FCO-69,19,3887.45,3815.54,71.9,0.0,07FCO-69,Francisco Villa,BAJA CALIFORNIA,TIJUANA,69.0,COSTA,BAJA CALIFORNIA,TIJUANA,BAJA CALIFORNIA,2,BAJA CALIFORNIA,4,TIJUANA,TIJUANA,"2,000 - 5,000"
2026-10-07,MDA,BCA,07FCO-69,20,3616.37,3549.1,67.27,0.0,07FCO-69,Francisco Villa,BAJA CALIFORNIA,TIJUANA,69.0,COSTA,BAJA CALIFORNIA,TIJUANA,BAJA CALIFORNIA,2,BAJA CALIFORNIA,4,TIJUANA,TIJUANA,"2,000 - 5,000"
2026-10-07,MDA,BCA,07FCO-69,21,2826.82,2774.55,52.27,0.0,07FCO-69,Francisco Villa,BAJA CALIFORNIA,TIJUANA,69.0,COSTA,BAJA CALIFORNIA,TIJUANA,BAJA CALIFORNIA,2,BAJA CALIFORNIA,4,TIJUANA,TIJUANA,"2,000 - 5,000"
2026-10-07,MDA,BCA,07FCO-69,22,2580.1,2532.25,47.84,0.0,07FCO-69,Francisco Villa,BAJA CALIFORNIA,TIJUANA,69.0,COSTA,BAJA CALIFORNIA,TIJUANA,BAJA CALIFORNIA,2,BAJA CALIFORNIA,4,TIJUANA,TIJUANA,"2,000 - 5,000"
2026-10-07,MDA,BCA,07FCO-69,23,1926.87,1891.38,35.5,0.0,07FCO-69,Francisco Villa,BAJA CALIFORNIA,TIJUANA,69.0,COSTA,BAJA CALIFORNIA,TIJUANA,BAJA CALIFORNIA,2,BAJA CALIFORNIA,4,TIJUANA,TIJUANA,"1,000 - 2,000"
2026-10-07,MDA,BCA,07FCO-69,24,1277.84,1255.72,22.12,0.0,07FCO-69,Francisco Villa,BAJA CALIFORNIA,TIJUANA,69.0,COSTA,BAJA CALIFORNIA,TIJUANA,BAJA CALIFORNIA,2,BAJA CALIFORNIA,4,TIJUANA,TIJUANA,"1,000 - 2,000"
2026-10-07,MDA,BCA,07FEV-161,1,1763.95,1767.84,-3.89,0.0,07FEV-161,FEVISA,BAJA CALIFORNIA,MEXICALI,161.0,VALLE,BAJA CALIFORNIA,MEXICALI,BAJA CALIFORNIA,2,BAJA CALIFORNIA,2,MEXICALI,MEXICALI,"1,000 - 2,000"
2026-10-07,MDA,BCA,07FEV-161,2,1151.47,1154.64,-3.16,0.0,07FEV-161,FEVISA,BAJA CALIFORNIA,MEXICALI,161.0,VALLE,BAJA CALIFORNIA,MEXICALI,BAJA CALIFORNIA,2,BAJA CALIFORNIA,2,MEXICALI,MEXICALI,"1,000 - 2,000"
2026-10-07,MDA,BCA,07FEV-161,3,755.59,758.91,-3.32,0.0,07FEV-161,FEVISA,BAJA CALIFORNIA,MEXICALI,161.0,VALLE,BAJA CALIFORNIA,MEXICALI,BAJA CALIFORNIA,2,BAJA CALIFORNIA,2,MEXICALI,MEXICALI,"500 - 1,000"
2026-10-07,MDA,BCA,07FEV-161,4,665.64,668.11,-2.47,0.0,07FEV-161,FEVISA,BAJA CALIFORNIA,MEXICALI,161.0,VALLE,BAJA CALIFORNIA,MEXICALI,BAJA CALIFORNIA,2,BAJA CALIFORNIA,2,MEXICALI,MEXICALI,"500 - 1,000"
2026-10-07,MDA,BCA,07FEV-161,5,667.88,669.64,-1.76,0.0,07FEV-161,FEVISA,BAJA CALIFORNIA,MEXICALI,161.0,VALLE,BAJA CALIFORNIA,MEXICALI,BAJA CALIFORNIA,2,BAJA CALIFORNIA,2,MEXICALI,MEXICALI,"500 - 1,000"
2026-10-07,MDA,BCA,07FEV-161,6,648.9,650.89,-1.99,0.0,07FEV-161,FEVISA,BAJA CALIFORNIA,MEXICALI,161.0,VALLE,BAJA CALIFORNIA,MEXICALI,BAJA CALIFORNIA,2,BAJA CALIFORNIA,2,MEXICALI,MEXICALI,"500 - 1,000"
2026-10-07,MDA,BCA,07FEV-161,7,739.2,744.05,-4.86,0.0,07FEV-161,FEVISA,BAJA CALIFORNIA,MEXICALI,161.0,VALLE,BAJA CALIFORNIA,MEXICALI,BAJA CALIFORNIA,2,BAJA CALIFORNIA,2,MEXICALI,MEXICALI,"500 - 1,000"
2026-10-07,MDA,BCA,07FEV-161,8,756.99,764.19,-7.2,0.0,07FEV-161,FEVISA,BAJA CALIFORNIA,MEXICALI,161.0,VALLE,BAJA CALIFORNIA,MEXICALI,BAJA CALIFORNIA,2,BAJA CALIFORNIA,2,MEXICALI,MEXICALI,"500 - 1,000"
2026-10-07,MDA,BCA,07FEV-161,9,1172.77,1195.72,-22.95,0.0,07FEV-161,FEVISA,BAJA CALIFORNIA,MEXICALI,161.0,VALLE,BAJA CALIFORNIA,MEXICALI,BAJA CALIFORNIA,2,BAJA CALIFORNIA,2,MEXICALI,MEXICALI,"1,000 - 2,000"
2026-10-07,MDA,BCA,07FEV-161,10,1069.86,1093.14,-23.28,0.0,07FEV-161,FEVISA,BAJA CALIFORNIA,MEXICALI,161.0,VALLE,BAJA CALIFORNIA,MEXICALI,BAJA CALIFORNIA,2,BAJA CALIFORNIA,2,MEXICALI,MEXICALI,"1,000 - 2,000"
2026-10-07,MDA,BCA,07FEV-161,11,1187.67,1207.07,-19.4,0.0,07FEV-161,FEVISA,BAJA CALIFORNIA,MEXICALI,161.0,VALLE,BAJA CALIFORNIA,MEXICALI,BAJA CALIFORNIA,2,BAJA CALIFORNIA,2,MEXICALI,MEXICALI,"1,000 - 2,000"
2026-10-07,MDA,BCA,07FEV-161,12,1211.64,1232.59,-20.95,0.0,07FEV-161,FEVISA,BAJA CALIFORNIA,MEXICALI,161.0,VALLE,BAJA CALIFORNIA,MEXICALI,BAJA CALIFORNIA,2,BAJA CALIFORNIA,2,MEXICALI,MEXICALI,"1,000 - 2,000"
2026-10-07,MDA,BCA,07FEV-161,13,1171.64,1196.63,-24.99,0.0,07FEV-161,FEVISA,BAJA CALIFORNIA,MEXICALI,161.0,VALLE,BAJA CALIFORNIA,MEXICALI,BAJA CALIFORNIA,2,BAJA CALIFORNIA,2,MEXICALI,MEXICALI,"1,000 - 2,000"
2026-10-07,MDA,BCA,07FEV-161,14,1210.48,1235.33,-24.84,0.0,07FEV-161,FEVISA,BAJA CALIFORNIA,MEXICALI,161.0,VALLE,BAJA CALIFORNIA,MEXICALI,BAJA CALIFORNIA,2,BAJA CALIFORNIA,2,MEXICALI,MEXICALI,"1,000 - 2,000"
2026-10-07,MDA,BCA,07FEV-161,15,1472.0,1497.11,-25.11,0.0,07FEV-161,FEVISA,BAJA CALIFORNIA,MEXICALI,161.0,VALLE,BAJA CALIFORNIA,MEXICALI,BAJA CALIFORNIA,2,BAJA CALIFORNIA,2,MEXICALI,MEXICALI,"1,000 - 2,000"
2026-10-07,MDA,BCA,07FEV-161,16,1466.39,1493.21,-26.83,0.0,07FEV-161,FEVISA,BAJA CALIFORNIA,MEXICALI,161.0,VALLE,BAJA CALIFORNIA,MEXICALI,BAJA CALIFORNIA,2,BAJA CALIFORNIA,2,MEXICALI,MEXICALI,"1,000 - 2,000"
2026-10-07,MDA,BCA,07FEV-161,17,1639.97,1653.66,-13.68,0.0,07FEV-161,FEVISA,BAJA CALIFORNIA,MEXICALI,161.0,VALLE,BAJA CALIFORNIA,MEXICALI,BAJA CALIFORNIA,2,BAJA CALIFORNIA,2,MEXICALI,MEXICALI,"1,000 - 2,000"
2026-10-07,MDA,BCA,07FEV-161,18,3474.85,3495.89,-21.05,0.0,07FEV-161,FEVISA,BAJA CALIFORNIA,MEXICALI,161.0,VALLE,BAJA CALIFORNIA,MEXICALI,BAJA CALIFORNIA,2,BAJA CALIFORNIA,2,MEXICALI,MEXICALI,"2,000 - 5,000"
2026-10-07,MDA,BCA,07FEV-161,19,3802.56,3815.54,-12.98,0.0,07FEV-161,FEVISA,BAJA CALIFORNIA,MEXICALI,161.0,VALLE,BAJA CALIFORNIA,MEXICALI,BAJA CALIFORNIA,2,BAJA CALIFORNIA,2,MEXICALI,MEXICALI,"2,000 - 5,000"
2026-10-07,MDA,BCA,07FEV-161,20,3535.04,3549.1,-14.06,0.0,07FEV-161,FEVISA,BAJA CALIFORNIA,MEXICALI,161.0,VALLE,BAJA CALIFORNIA,MEXICALI,BAJA CALIFORNIA,2,BAJA CALIFORNIA,2,MEXICALI,MEXICALI,"2,000 - 5,000"
2026-10-07,MDA,BCA,07FEV-161,21,2761.67,2774.55,-12.88,0.0,07FEV-161,FEVISA,BAJA CALIFORNIA,MEXICALI,161.0,VALLE,BAJA CALIFORNIA,MEXICALI,BAJA CALIFORNIA,2,BAJA CALIFORNIA,2,MEXICALI,MEXICALI,"2,000 - 5,000"
2026-10-07,MDA,BCA,07FEV-161,22,2522.02,2532.25,-10.24,0.0,07FEV-161,FEVISA,BAJA CALIFORNIA,MEXICALI,161.0,VALLE,BAJA CALIFORNIA,MEXICALI,BAJA CALIFORNIA,2,BAJA CALIFORNIA,2,MEXICALI,MEXICALI,"2,000 - 5,000"
2026-10-07,MDA,BCA,07FEV-161,23,1882.56,1891.38,-8.81,0.0,07FEV-161,FEVISA,BAJA CALIFORNIA,MEXICALI,161.0,VALLE,BAJA CALIFORNIA,MEXICALI,BAJA CALIFORNIA,2,BAJA CALIFORNIA,2,MEXICALI,MEXICALI,"1,000 - 2,000"
2026-10-07,MDA,BCA,07FEV-161,24,1247.72,1255.72,-8.0,0.0,07FEV-161,FEVISA,BAJA CALIFORNIA,MEXICALI,161.0,VALLE,BAJA CALIFORNIA,MEXICALI,BAJA CALIFORNIA,2,BAJA CALIFORNIA,2,MEXICALI,MEXICALI,"1,000 - 2,000"
2026-10-07,MDA,BCA,07FIM-69,1,1781.61,1767.84,13.78,0.0,07FIM-69,Fisher Maniobras,BAJA CALIFORNIA,TIJUANA,69.0,COSTA,BAJA CALIFORNIA,TIJUANA,BAJA CALIFORNIA,2,BAJA CALIFORNIA,4,TIJUANA,TIJUANA,"1,000 - 2,000"
2026-10-07,MDA,BCA,07FIM-69,2,1163.65,1154.64,9.02,0.0,07FIM-69,Fisher Maniobras,BAJA CALIFORNIA,TIJUANA,69.0,COSTA,BAJA CALIFORNIA,TIJUANA,BAJA CALIFORNIA,2,BAJA CALIFORNIA,4,TIJUANA,TIJUANA,"1,000 - 2,000"
2026-10-07,MDA,BCA,07FIM-69,3,764.37,758.91,5.47,0.0,07FIM-69,Fisher Maniobras,BAJA CALIFORNIA,TIJUANA,69.0,COSTA,BAJA CALIFORNIA,TIJUANA,BAJA CALIFORNIA,2,BAJA CALIFORNIA,4,TIJUANA,TIJUANA,"500 - 1,000"
2026-10-07,MDA,BCA,07FIM-69,4,672.93,668.11,4.82,0.0,07FIM-69,Fisher Maniobras,BAJA CALIFORNIA,TIJUANA,69.0,COSTA,BAJA CALIFORNIA,TIJUANA,BAJA CALIFORNIA,2,BAJA CALIFORNIA,4,TIJUANA,TIJUANA,"500 - 1,000"
2026-10-07,MDA,BCA,07FIM-69,5,674.52,669.64,4.88,0.0,07FIM-69,Fisher Maniobras,BAJA CALIFORNIA,TIJUANA,69.0,COSTA,BAJA CALIFORNIA,TIJUANA,BAJA CALIFORNIA,2,BAJA CALIFORNIA,4,TIJUANA,TIJUANA,"500 - 1,000"
2026-10-07,MDA,BCA,07FIM-69,6,655.57,650.89,4.68,0.0,07FIM-69,Fisher Maniobras,BAJA CALIFORNIA,TIJUANA,69.0,COSTA,BAJA CALIFORNIA,TIJUANA,BAJA CALIFORNIA,2,BAJA CALIFORNIA,4,TIJUANA,TIJUANA,"500 - 1,000"
2026-10-07,MDA,BCA,07FIM-69,7,749.28,744.05,5.23,0.0,07FIM-69,Fisher Maniobras,BAJA CALIFORNIA,TIJUANA,69.0,COSTA,BAJA CALIFORNIA,TIJUANA,BAJA CALIFORNIA,2,BAJA CALIFORNIA,4,TIJUANA,TIJUANA,"500 - 1,000"
2026-10-07,MDA,BCA,07FIM-69,8,769.66,764.19,5.47,0.0,07FIM-69,Fisher Maniobras,BAJA CALIFORNIA,TIJUANA,69.0,COSTA,BAJA CALIFORNIA,TIJUANA,BAJA CALIFORNIA,2,BAJA CALIFORNIA,4,TIJUANA,TIJUANA,"500 - 1,000"
2026-10-07,MDA,BCA,07FIM-69,9,1203.92,1195.72,8.21,0.0,07FIM-69,Fisher Maniobras,BAJA CALIFORNIA,TIJUANA,69.0,COSTA,BAJA CALIFORNIA,TIJUANA,BAJA CALIFORNIA,2,BAJA CALIFORNIA,4,TIJUANA,TIJUANA,"1,000 - 2,000"
2026-10-07,MDA,BCA,07FIM-69,10,1100.88,1093.14,7.74,0.0,07FIM-69,Fisher Maniobras,BAJA CALIFORNIA,TIJUANA,69.0,COSTA,BAJA CALIFORNIA,TIJUANA,BAJA CALIFORNIA,2,BAJA CALIFORNIA,4,TIJUANA,TIJUANA,"1,000 - 2,000"
2026-10-07,MDA,BCA,07FIM-69,11,1215.62,1207.07,8.54,0.0,07FIM-69,Fisher Maniobras,BAJA CALIFORNIA,TIJUANA,69.0,COSTA,BAJA CALIFORNIA,TIJUANA,BAJA CALIFORNIA,2,BAJA CALIFORNIA,4,TIJUANA,TIJUANA,"1,000 - 2,000"
2026-10-07,MDA,BCA,07FIM-69,12,1241.09,1232.59,8.5,0.0,07FIM-69,Fisher Maniobras,BAJA CALIFORNIA,TIJUANA,69.0,COSTA,BAJA CALIFORNIA,TIJUANA,BAJA CALIFORNIA,2,BAJA CALIFORNIA,4,TIJUANA,TIJUANA,"1,000 - 2,000"
2026-10-07,MDA,BCA,07FIM-69,13,1204.77,1196.63,8.14,0.0,07FIM-69,Fisher Maniobras,BAJA CALIFORNIA,TIJUANA,69.0,COSTA,BAJA CALIFORNIA,TIJUANA,BAJA CALIFORNIA,2,BAJA CALIFORNIA,4,TIJUANA,TIJUANA,"1,000 - 2,000"
2026-10-07,MDA,BCA,07FIM-69,14,1243.82,1235.33,8.49,0.0,07FIM-69,Fisher Maniobras,BAJA CALIFORNIA,TIJUANA,69.0,COSTA,BAJA CALIFORNIA,TIJUANA,BAJA CALIFORNIA,2,BAJA CALIFORNIA,4,TIJUANA,TIJUANA,"1,000 - 2,000"
2026-10-07,MDA,BCA,07FIM-69,15,1506.9,1497.11,9.79,0.0,07FIM-69,Fisher Maniobras,BAJA CALIFORNIA,TIJUANA,69.0,COSTA,BAJA CALIFORNIA,TIJUANA,BAJA CALIFORNIA,2,BAJA CALIFORNIA,4,TIJUANA,TIJUANA,"1,000 - 2,000"
2026-10-07,MDA,BCA,07FIM-69,16,1503.44,1493.21,10.22,0.0,07FIM-69,Fisher Maniobras,BAJA CALIFORNIA,TIJUANA,69.0,COSTA,BAJA CALIFORNIA,TIJUANA,BAJA CALIFORNIA,2,BAJA CALIFORNIA,4,TIJUANA,TIJUANA,"1,000 - 2,000"
2026-10-07,MDA,BCA,07FIM-69,17,1664.93,1653.66,11.27,0.0,07FIM-69,Fisher Maniobras,BAJA CALIFORNIA,TIJUANA,69.0,COSTA,BAJA CALIFORNIA,TIJUANA,BAJA CALIFORNIA,2,BAJA CALIFORNIA,4,TIJUANA,TIJUANA,"1,000 - 2,000"
2026-10-07,MDA,BCA,07FIM-69,18,3520.25,3495.89,24.36,0.0,07FIM-69,Fisher Maniobras,BAJA CALIFORNIA,TIJUANA,69.0,COSTA,BAJA CALIFORNIA,TIJUANA,BAJA CALIFORNIA,2,BAJA CALIFORNIA,4,TIJUANA,TIJUANA,"2,000 - 5,000"
2026-10-07,MDA,BCA,07FIM-69,19,3842.91,3815.54,27.37,0.0,07FIM-69,Fisher Maniobras,BAJA CALIFORNIA,TIJUANA,69.0,COSTA,BAJA CALIFORNIA,TIJUANA,BAJA CALIFORNIA,2,BAJA CALIFORNIA,4,TIJUANA,TIJUANA,"2,000 - 5,000"
2026-10-07,MDA,BCA,07FIM-69,20,3574.45,3549.1,25.35,0.0,07FIM-69,Fisher Maniobras,BAJA CALIFORNIA,TIJUANA,69.0,COSTA,BAJA CALIFORNIA,TIJUANA,BAJA CALIFORNIA,2,BAJA CALIFORNIA,4,TIJUANA,TIJUANA,"2,000 - 5,000"
2026-10-07,MDA,BCA,07FIM-69,21,2794.14,2774.55,19.59,0.0,07FIM-69,Fisher Maniobras,BAJA CALIFORNIA,TIJUANA,69.0,COSTA,BAJA CALIFORNIA,TIJUANA,BAJA CALIFORNIA,2,BAJA CALIFORNIA,4,TIJUANA,TIJUANA,"2,000 - 5,000"
2026-10-07,MDA,BCA,07FIM-69,22,2550.89,2532.25,18.64,0.0,07FIM-69,Fisher Maniobras,BAJA CALIFORNIA,TIJUANA,69.0,COSTA,BAJA CALIFORNIA,TIJUANA,BAJA CALIFORNIA,2,BAJA CALIFORNIA,4,TIJUANA,TIJUANA,"2,000 - 5,000"
2026-10-07,MDA,BCA,07FIM-69,23,1906.11,1891.38,14.74,0.0,07FIM-69,Fisher Maniobras,BAJA CALIFORNIA,TIJUANA,69.0,COSTA,BAJA CALIFORNIA,TIJUANA,BAJA CALIFORNIA,2,BAJA CALIFORNIA,4,TIJUANA,TIJUANA,"1,000 - 2,000"
2026-10-07,MDA,BCA,07FIM-69,24,1265.39,1255.72,9.67,0.0,07FIM-69,Fisher Maniobras,BAJA CALIFORNIA,TIJUANA,69.0,COSTA,BAJA CALIFORNIA,TIJUANA,BAJA CALIFORNIA,2,BAJA CALIFORNIA,4,TIJUANA,TIJUANA,"1,000 - 2,000"
2026-10-07,MDA,BCA,07FLO-69,1,1788.01,1767.84,20.17,0.0,07FLO-69,El Florido,BAJA CALIFORNIA,TIJUANA,69.0,COSTA,BAJA CALIFORNIA,TIJUANA,BAJA CALIFORNIA,2,BAJA CALIFORNIA,4,TIJUANA,TIJUANA,"1,000 - 2,000"
2026-10-07,MDA,BCA,07FLO-69,2,1167.51,1154.64,12.88,0.0,07FLO-69,El Florido,BAJA CALIFORNIA,TIJUANA,69.0,COSTA,BAJA CALIFORNIA,TIJUANA,BAJA CALIFORNIA,2,BAJA CALIFORNIA,4,TIJUANA,TIJUANA,"1,000 - 2,000"
2026-10-07,MDA,BCA,07FLO-69,3,766.68,758.91,7.78,0.0,07FLO-69,El Florido,BAJA CALIFORNIA,TIJUANA,69.0,COSTA,BAJA CALIFORNIA,TIJUANA,BAJA CALIFORNIA,2,BAJA CALIFORNIA,4,TIJUANA,TIJUANA,"500 - 1,000"
2026-10-07,MDA,BCA,07FLO-69,4,674.88,668.11,6.77,0.0,07FLO-69,El Florido,BAJA CALIFORNIA,TIJUANA,69.0,COSTA,BAJA CALIFORNIA,TIJUANA,BAJA CALIFORNIA,2,BAJA CALIFORNIA,4,TIJUANA,TIJUANA,"500 - 1,000"
2026-10-07,MDA,BCA,07FLO-69,5,676.47,669.64,6.83,0.0,07FLO-69,El Florido,BAJA CALIFORNIA,TIJUANA,69.0,COSTA,BAJA CALIFORNIA,TIJUANA,BAJA CALIFORNIA,2,BAJA CALIFORNIA,4,TIJUANA,TIJUANA,"500 - 1,000"
2026-10-07,MDA,BCA,07FLO-69,6,657.5,650.89,6.61,0.0,07FLO-69,El Florido,BAJA CALIFORNIA,TIJUANA,69.0,COSTA,BAJA CALIFORNIA,TIJUANA,BAJA CALIFORNIA,2,BAJA CALIFORNIA,4,TIJUANA,TIJUANA,"500 - 1,000"
2026-10-07,MDA,BCA,07FLO-69,7,751.35,744.05,7.3,0.0,07FLO-69,El Florido,BAJA CALIFORNIA,TIJUANA,69.0,COSTA,BAJA CALIFORNIA,TIJUANA,BAJA CALIFORNIA,2,BAJA CALIFORNIA,4,TIJUANA,TIJUANA,"500 - 1,000"
2026-10-07,MDA,BCA,07FLO-69,8,771.76,764.19,7.57,0.0,07FLO-69,El Florido,BAJA CALIFORNIA,TIJUANA,69.0,COSTA,BAJA CALIFORNIA,TIJUANA,BAJA CALIFORNIA,2,BAJA CALIFORNIA,4,TIJUANA,TIJUANA,"500 - 1,000"
2026-10-07,MDA,BCA,07FLO-69,9,1207.31,1195.72,11.6,0.0,07FLO-69,El Florido,BAJA CALIFORNIA,TIJUANA,69.0,COSTA,BAJA CALIFORNIA,TIJUANA,BAJA CALIFORNIA,2,BAJA CALIFORNIA,4,TIJUANA,TIJUANA,"1,000 - 2,000"
2026-10-07,MDA,BCA,07FLO-69,10,1104.11,1093.14,10.97,0.0,07FLO-69,El Florido,BAJA CALIFORNIA,TIJUANA,69.0,COSTA,BAJA CALIFORNIA,TIJUANA,BAJA CALIFORNIA,2,BAJA CALIFORNIA,4,TIJUANA,TIJUANA,"1,000 - 2,000"
2026-10-07,MDA,BCA,07FLO-69,11,1219.67,1207.07,12.6,0.0,07FLO-69,El Florido,BAJA CALIFORNIA,TIJUANA,69.0,COSTA,BAJA CALIFORNIA,TIJUANA,BAJA CALIFORNIA,2,BAJA CALIFORNIA,4,TIJUANA,TIJUANA,"1,000 - 2,000"
2026-10-07,MDA,BCA,07FLO-69,12,1245.39,1232.59,12.8,0.0,07FLO-69,El Florido,BAJA CALIFORNIA,TIJUANA,69.0,COSTA,BAJA CALIFORNIA,TIJUANA,BAJA CALIFORNIA,2,BAJA CALIFORNIA,4,TIJUANA,TIJUANA,"1,000 - 2,000"
2026-10-07,MDA,BCA,07FLO-69,13,1208.87,1196.63,12.24,0.0,07FLO-69,El Florido,BAJA CALIFORNIA,TIJUANA,69.0,COSTA,BAJA CALIFORNIA,TIJUANA,BAJA CALIFORNIA,2,BAJA CALIFORNIA,4,TIJUANA,TIJUANA,"1,000 - 2,000"
2026-10-07,MDA,BCA,07FLO-69,14,1248.26,1235.33,12.94,0.0,07FLO-69,El Florido,BAJA CALIFORNIA,TIJUANA,69.0,COSTA,BAJA CALIFORNIA,TIJUANA,BAJA CALIFORNIA,2,BAJA CALIFORNIA,4,TIJUANA,TIJUANA,"1,000 - 2,000"
2026-10-07,MDA,BCA,07FLO-69,15,1512.67,1497.11,15.56,0.0,07FLO-69,El Florido,BAJA CALIFORNIA,TIJUANA,69.0,COSTA,BAJA CALIFORNIA,TIJUANA,BAJA CALIFORNIA,2,BAJA CALIFORNIA,4,TIJUANA,TIJUANA,"1,000 - 2,000"
2026-10-07,MDA,BCA,07FLO-69,16,1509.36,1493.21,16.14,0.0,07FLO-69,El Florido,BAJA CALIFORNIA,TIJUANA,69.0,COSTA,BAJA CALIFORNIA,TIJUANA,BAJA CALIFORNIA,2,BAJA CALIFORNIA,4,TIJUANA,TIJUANA,"1,000 - 2,000"
2026-10-07,MDA,BCA,07FLO-69,17,1671.7,1653.66,18.04,0.0,07FLO-69,El Florido,BAJA CALIFORNIA,TIJUANA,69.0,COSTA,BAJA CALIFORNIA,TIJUANA,BAJA CALIFORNIA,2,BAJA CALIFORNIA,4,TIJUANA,TIJUANA,"1,000 - 2,000"
2026-10-07,MDA,BCA,07FLO-69,18,3534.68,3495.89,38.79,0.0,07FLO-69,El Florido,BAJA CALIFORNIA,TIJUANA,69.0,COSTA,BAJA CALIFORNIA,TIJUANA,BAJA CALIFORNIA,2,BAJA CALIFORNIA,4,TIJUANA,TIJUANA,"2,000 - 5,000"
2026-10-07,MDA,BCA,07FLO-69,19,3859.51,3815.54,43.96,0.0,07FLO-69,El Florido,BAJA CALIFORNIA,TIJUANA,69.0,COSTA,BAJA CALIFORNIA,TIJUANA,BAJA CALIFORNIA,2,BAJA CALIFORNIA,4,TIJUANA,TIJUANA,"2,000 - 5,000"
2026-10-07,MDA,BCA,07FLO-69,20,3590.5,3549.1,41.39,0.0,07FLO-69,El Florido,BAJA CALIFORNIA,TIJUANA,69.0,COSTA,BAJA CALIFORNIA,TIJUANA,BAJA CALIFORNIA,2,BAJA CALIFORNIA,4,TIJUANA,TIJUANA,"2,000 - 5,000"
2026-10-07,MDA,BCA,07FLO-69,21,2806.45,2774.55,31.9,0.0,07FLO-69,El Florido,BAJA CALIFORNIA,TIJUANA,69.0,COSTA,BAJA CALIFORNIA,TIJUANA,BAJA CALIFORNIA,2,BAJA CALIFORNIA,4,TIJUANA,TIJUANA,"2,000 - 5,000"
2026-10-07,MDA,BCA,07FLO-69,22,2561.98,2532.25,29.72,0.0,07FLO-69,El Florido,BAJA CALIFORNIA,TIJUANA,69.0,COSTA,BAJA CALIFORNIA,TIJUANA,BAJA CALIFORNIA,2,BAJA CALIFORNIA,4,TIJUANA,TIJUANA,"2,000 - 5,000"
2026-10-07,MDA,BCA,07FLO-69,23,1913.95,1891.38,22.58,0.0,07FLO-69,El Florido,BAJA CALIFORNIA,TIJUANA,69.0,COSTA,BAJA CALIFORNIA,TIJUANA,BAJA CALIFORNIA,2,BAJA CALIFORNIA,4,TIJUANA,TIJUANA,"1,000 - 2,000"
2026-10-07,MDA,BCA,07FLO-69,24,1269.99,1255.72,14.28,0.0,07FLO-69,El Florido,BAJA CALIFORNIA,TIJUANA,69.0,COSTA,BAJA CALIFORNIA,TIJUANA,BAJA CALIFORNIA,2,BAJA CALIFORNIA,4,TIJUANA,TIJUANA,"1,000 - 2,000"
2026-10-07,MDA,BCA,07FMO-115,1,1791.27,1767.84,23.43,0.0,07FMO-115,Fabrica Monterrey,BAJA CALIFORNIA,ENSENADA,115.0,COSTA,BAJA CALIFORNIA,ENSENADA,BAJA CALIFORNIA,2,BAJA CALIFORNIA,1,ENSENADA,ENSENADA,"1,000 - 2,000"
2026-10-07,MDA,BCA,07FMO-115,2,1169.03,1154.64,14.4,0.0,07FMO-115,Fabrica Monterrey,BAJA CALIFORNIA,ENSENADA,115.0,COSTA,BAJA CALIFORNIA,ENSENADA,BAJA CALIFORNIA,2,BAJA CALIFORNIA,1,ENSENADA,ENSENADA,"1,000 - 2,000"
2026-10-07,MDA,BCA,07FMO-115,3,769.51,758.91,10.61,0.0,07FMO-115,Fabrica Monterrey,BAJA CALIFORNIA,ENSENADA,115.0,COSTA,BAJA CALIFORNIA,ENSENADA,BAJA CALIFORNIA,2,BAJA CALIFORNIA,1,ENSENADA,ENSENADA,"500 - 1,000"
2026-10-07,MDA,BCA,07FMO-115,4,677.41,668.11,9.3,0.0,07FMO-115,Fabrica Monterrey,BAJA CALIFORNIA,ENSENADA,115.0,COSTA,BAJA CALIFORNIA,ENSENADA,BAJA CALIFORNIA,2,BAJA CALIFORNIA,1,ENSENADA,ENSENADA,"500 - 1,000"
2026-10-07,MDA,BCA,07FMO-115,5,678.81,669.64,9.17,0.0,07FMO-115,Fabrica Monterrey,BAJA CALIFORNIA,ENSENADA,115.0,COSTA,BAJA CALIFORNIA,ENSENADA,BAJA CALIFORNIA,2,BAJA CALIFORNIA,1,ENSENADA,ENSENADA,"500 - 1,000"
2026-10-07,MDA,BCA,07FMO-115,6,659.92,650.89,9.03,0.0,07FMO-115,Fabrica Monterrey,BAJA CALIFORNIA,ENSENADA,115.0,COSTA,BAJA CALIFORNIA,ENSENADA,BAJA CALIFORNIA,2,BAJA CALIFORNIA,1,ENSENADA,ENSENADA,"500 - 1,000"
2026-10-07,MDA,BCA,07FMO-115,7,754.91,744.05,10.86,0.0,07FMO-115,Fabrica Monterrey,BAJA CALIFORNIA,ENSENADA,115.0,COSTA,BAJA CALIFORNIA,ENSENADA,BAJA CALIFORNIA,2,BAJA CALIFORNIA,1,ENSENADA,ENSENADA,"500 - 1,000"
2026-10-07,MDA,BCA,07FMO-115,8,775.57,764.19,11.38,0.0,07FMO-115,Fabrica Monterrey,BAJA CALIFORNIA,ENSENADA,115.0,COSTA,BAJA CALIFORNIA,ENSENADA,BAJA CALIFORNIA,2,BAJA CALIFORNIA,1,ENSENADA,ENSENADA,"500 - 1,000"
2026-10-07,MDA,BCA,07FMO-115,9,1215.7,1195.72,19.99,0.0,07FMO-115,Fabrica Monterrey,BAJA CALIFORNIA,ENSENADA,115.0,COSTA,BAJA CALIFORNIA,ENSENADA,BAJA CALIFORNIA,2,BAJA CALIFORNIA,1,ENSENADA,ENSENADA,"1,000 - 2,000"
2026-10-07,MDA,BCA,07FMO-115,10,1109.65,1093.14,16.51,0.0,07FMO-115,Fabrica Monterrey,BAJA CALIFORNIA,ENSENADA,115.0,COSTA,BAJA CALIFORNIA,ENSENADA,BAJA CALIFORNIA,2,BAJA CALIFORNIA,1,ENSENADA,ENSENADA,"1,000 - 2,000"
2026-10-07,MDA,BCA,07FMO-115,11,1226.23,1207.07,19.16,0.0,07FMO-115,Fabrica Monterrey,BAJA CALIFORNIA,ENSENADA,115.0,COSTA,BAJA CALIFORNIA,ENSENADA,BAJA CALIFORNIA,2,BAJA CALIFORNIA,1,ENSENADA,ENSENADA,"1,000 - 2,000"
2026-10-07,MDA,BCA,07FMO-115,12,7647.45,1232.59,20.29,6394.57,07FMO-115,Fabrica Monterrey,BAJA CALIFORNIA,ENSENADA,115.0,COSTA,BAJA CALIFORNIA,ENSENADA,BAJA CALIFORNIA,2,BAJA CALIFORNIA,1,ENSENADA,ENSENADA,"5,000 - 10,000"
2026-10-07,MDA,BCA,07FMO-115,13,9291.03,1196.63,19.81,8074.6,07FMO-115,Fabrica Monterrey,BAJA CALIFORNIA,ENSENADA,115.0,COSTA,BAJA CALIFORNIA,ENSENADA,BAJA CALIFORNIA,2,BAJA CALIFORNIA,1,ENSENADA,ENSENADA,"5,000 - 10,000"
2026-10-07,MDA,BCA,07FMO-115,14,10001.14,1235.33,20.46,8745.35,07FMO-115,Fabrica Monterrey,BAJA CALIFORNIA,ENSENADA,115.0,COSTA,BAJA CALIFORNIA,ENSENADA,BAJA CALIFORNIA,2,BAJA CALIFORNIA,1,ENSENADA,ENSENADA,"10,000 o más"
2026-10-07,MDA,BCA,07FMO-115,15,7622.08,1497.11,28.95,6096.02,07FMO-115,Fabrica Monterrey,BAJA CALIFORNIA,ENSENADA,115.0,COSTA,BAJA CALIFORNIA,ENSENADA,BAJA CALIFORNIA,2,BAJA CALIFORNIA,1,ENSENADA,ENSENADA,"5,000 - 10,000"
2026-10-07,MDA,BCA,07FMO-115,16,9210.7,1493.21,27.0,7690.49,07FMO-115,Fabrica Monterrey,BAJA CALIFORNIA,ENSENADA,115.0,COSTA,BAJA CALIFORNIA,ENSENADA,BAJA CALIFORNIA,2,BAJA CALIFORNIA,1,ENSENADA,ENSENADA,"5,000 - 10,000"
2026-10-07,MDA,BCA,07FMO-115,17,10727.06,1653.66,29.81,9043.6,07FMO-115,Fabrica Monterrey,BAJA CALIFORNIA,ENSENADA,115.0,COSTA,BAJA CALIFORNIA,ENSENADA,BAJA CALIFORNIA,2,BAJA CALIFORNIA,1,ENSENADA,ENSENADA,"10,000 o más"
2026-10-07,MDA,BCA,07FMO-115,18,10871.45,3495.89,63.5,7312.07,07FMO-115,Fabrica Monterrey,BAJA CALIFORNIA,ENSENADA,115.0,COSTA,BAJA CALIFORNIA,ENSENADA,BAJA CALIFORNIA,2,BAJA CALIFORNIA,1,ENSENADA,ENSENADA,"10,000 o más"
2026-10-07,MDA,BCA,07FMO-115,19,9824.8,3815.54,68.03,5941.22,07FMO-115,Fabrica Monterrey,BAJA CALIFORNIA,ENSENADA,115.0,COSTA,BAJA CALIFORNIA,ENSENADA,BAJA CALIFORNIA,2,BAJA CALIFORNIA,1,ENSENADA,ENSENADA,"5,000 - 10,000"
2026-10-07,MDA,BCA,07FMO-115,20,10232.24,3549.1,63.1,6620.03,07FMO-115,Fabrica Monterrey,BAJA CALIFORNIA,ENSENADA,115.0,COSTA,BAJA CALIFORNIA,ENSENADA,BAJA CALIFORNIA,2,BAJA CALIFORNIA,1,ENSENADA,ENSENADA,"10,000 o más"
2026-10-07,MDA,BCA,07FMO-115,21,9121.38,2774.55,49.76,6297.08,07FMO-115,Fabrica Monterrey,BAJA CALIFORNIA,ENSENADA,115.0,COSTA,BAJA CALIFORNIA,ENSENADA,BAJA CALIFORNIA,2,BAJA CALIFORNIA,1,ENSENADA,ENSENADA,"5,000 - 10,000"
2026-10-07,MDA,BCA,07FMO-115,22,10559.2,2532.25,41.6,7985.35,07FMO-115,Fabrica Monterrey,BAJA CALIFORNIA,ENSENADA,115.0,COSTA,BAJA CALIFORNIA,ENSENADA,BAJA CALIFORNIA,2,BAJA CALIFORNIA,1,ENSENADA,ENSENADA,"10,000 o más"
2026-10-07,MDA,BCA,07FMO-115,23,1920.46,1891.38,29.09,0.0,07FMO-115,Fabrica Monterrey,BAJA CALIFORNIA,ENSENADA,115.0,COSTA,BAJA CALIFORNIA,ENSENADA,BAJA CALIFORNIA,2,BAJA CALIFORNIA,1,ENSENADA,ENSENADA,"1,000 - 2,000"
2026-10-07,MDA,BCA,07FMO-115,24,1274.62,1255.72,18.91,0.0,07FMO-115,Fabrica Monterrey,BAJA CALIFORNIA,ENSENADA,115.0,COSTA,BAJA CALIFORNIA,ENSENADA,BAJA CALIFORNIA,2,BAJA CALIFORNIA,1,ENSENADA,ENSENADA,"1,000 - 2,000"
2026-10-07,MDA,BCA,07FOR-69,1,1779.35,1767.84,11.52,0.0,07FOR-69,Formosa,BAJA CALIFORNIA,TIJUANA,69.0,COSTA,BAJA CALIFORNIA,TIJUANA,BAJA CALIFORNIA,2,BAJA CALIFORNIA,4,TIJUANA,TIJUANA,"1,000 - 2,000"
2026-10-07,MDA,BCA,07FOR-69,2,1161.82,1154.64,7.19,0.0,07FOR-69,Formosa,BAJA CALIFORNIA,TIJUANA,69.0,COSTA,BAJA CALIFORNIA,TIJUANA,BAJA CALIFORNIA,2,BAJA CALIFORNIA,4,TIJUANA,TIJUANA,"1,000 - 2,000"
2026-10-07,MDA,BCA,07FOR-69,3,763.38,758.91,4.47,0.0,07FOR-69,Formosa,BAJA CALIFORNIA,TIJUANA,69.0,COSTA,BAJA CALIFORNIA,TIJUANA,BAJA CALIFORNIA,2,BAJA CALIFORNIA,4,TIJUANA,TIJUANA,"500 - 1,000"
2026-10-07,MDA,BCA,07FOR-69,4,671.89,668.11,3.78,0.0,07FOR-69,Formosa,BAJA CALIFORNIA,TIJUANA,69.0,COSTA,BAJA CALIFORNIA,TIJUANA,BAJA CALIFORNIA,2,BAJA CALIFORNIA,4,TIJUANA,TIJUANA,"500 - 1,000"
2026-10-07,MDA,BCA,07FOR-69,5,673.41,669.64,3.77,0.0,07FOR-69,Formosa,BAJA CALIFORNIA,TIJUANA,69.0,COSTA,BAJA CALIFORNIA,TIJUANA,BAJA CALIFORNIA,2,BAJA CALIFORNIA,4,TIJUANA,TIJUANA,"500 - 1,000"
2026-10-07,MDA,BCA,07FOR-69,6,654.54,650.89,3.65,0.0,07FOR-69,Formosa,BAJA CALIFORNIA,TIJUANA,69.0,COSTA,BAJA CALIFORNIA,TIJUANA,BAJA CALIFORNIA,2,BAJA CALIFORNIA,4,TIJUANA,TIJUANA,"500 - 1,000"
2026-10-07,MDA,BCA,07FOR-69,7,748.4,744.05,4.35,0.0,07FOR-69,Formosa,BAJA CALIFORNIA,TIJUANA,69.0,COSTA,BAJA CALIFORNIA,TIJUANA,BAJA CALIFORNIA,2,BAJA CALIFORNIA,4,TIJUANA,TIJUANA,"500 - 1,000"
2026-10-07,MDA,BCA,07FOR-69,8,768.91,764.19,4.72,0.0,07FOR-69,Formosa,BAJA CALIFORNIA,TIJUANA,69.0,COSTA,BAJA CALIFORNIA,TIJUANA,BAJA CALIFORNIA,2,BAJA CALIFORNIA,4,TIJUANA,TIJUANA,"500 - 1,000"
2026-10-07,MDA,BCA,07FOR-69,9,1203.54,1195.72,7.82,0.0,07FOR-69,Formosa,BAJA CALIFORNIA,TIJUANA,69.0,COSTA,BAJA CALIFORNIA,TIJUANA,BAJA CALIFORNIA,2,BAJA CALIFORNIA,4,TIJUANA,TIJUANA,"1,000 - 2,000"
2026-10-07,MDA,BCA,07FOR-69,10,1100.79,1093.14,7.65,0.0,07FOR-69,Formosa,BAJA CALIFORNIA,TIJUANA,69.0,COSTA,BAJA CALIFORNIA,TIJUANA,BAJA CALIFORNIA,2,BAJA CALIFORNIA,4,TIJUANA,TIJUANA,"1,000 - 2,000"
2026-10-07,MDA,BCA,07FOR-69,11,1215.93,1207.07,8.86,0.0,07FOR-69,Formosa,BAJA CALIFORNIA,TIJUANA,69.0,COSTA,BAJA CALIFORNIA,TIJUANA,BAJA CALIFORNIA,2,BAJA CALIFORNIA,4,TIJUANA,TIJUANA,"1,000 - 2,000"
2026-10-07,MDA,BCA,07FOR-69,12,1241.82,1232.59,9.23,0.0,07FOR-69,Formosa,BAJA CALIFORNIA,TIJUANA,69.0,COSTA,BAJA CALIFORNIA,TIJUANA,BAJA CALIFORNIA,2,BAJA CALIFORNIA,4,TIJUANA,TIJUANA,"1,000 - 2,000"
2026-10-07,MDA,BCA,07FOR-69,13,1205.72,1196.63,9.09,0.0,07FOR-69,Formosa,BAJA CALIFORNIA,TIJUANA,69.0,COSTA,BAJA CALIFORNIA,TIJUANA,BAJA CALIFORNIA,2,BAJA CALIFORNIA,4,TIJUANA,TIJUANA,"1,000 - 2,000"
2026-10-07,MDA,BCA,07FOR-69,14,1244.79,1235.33,9.47,0.0,07FOR-69,Formosa,BAJA CALIFORNIA,TIJUANA,69.0,COSTA,BAJA CALIFORNIA,TIJUANA,BAJA CALIFORNIA,2,BAJA CALIFORNIA,4,TIJUANA,TIJUANA,"1,000 - 2,000"
2026-10-07,MDA,BCA,07FOR-69,15,1508.65,1497.11,11.54,0.0,07FOR-69,Formosa,BAJA CALIFORNIA,TIJUANA,69.0,COSTA,BAJA CALIFORNIA,TIJUANA,BAJA CALIFORNIA,2,BAJA CALIFORNIA,4,TIJUANA,TIJUANA,"1,000 - 2,000"
2026-10-07,MDA,BCA,07FOR-69,16,1504.81,1493.21,11.6,0.0,07FOR-69,Formosa,BAJA CALIFORNIA,TIJUANA,69.0,COSTA,BAJA CALIFORNIA,TIJUANA,BAJA CALIFORNIA,2,BAJA CALIFORNIA,4,TIJUANA,TIJUANA,"1,000 - 2,000"
2026-10-07,MDA,BCA,07FOR-69,17,1666.54,1653.66,12.88,0.0,07FOR-69,Formosa,BAJA CALIFORNIA,TIJUANA,69.0,COSTA,BAJA CALIFORNIA,TIJUANA,BAJA CALIFORNIA,2,BAJA CALIFORNIA,4,TIJUANA,TIJUANA,"1,000 - 2,000"
2026-10-07,MDA,BCA,07FOR-69,18,3522.81,3495.89,26.92,0.0,07FOR-69,Formosa,BAJA CALIFORNIA,TIJUANA,69.0,COSTA,BAJA CALIFORNIA,TIJUANA,BAJA CALIFORNIA,2,BAJA CALIFORNIA,4,TIJUANA,TIJUANA,"2,000 - 5,000"
2026-10-07,MDA,BCA,07FOR-69,19,3844.6,3815.54,29.05,0.0,07FOR-69,Formosa,BAJA CALIFORNIA,TIJUANA,69.0,COSTA,BAJA CALIFORNIA,TIJUANA,BAJA CALIFORNIA,2,BAJA CALIFORNIA,4,TIJUANA,TIJUANA,"2,000 - 5,000"
2026-10-07,MDA,BCA,07FOR-69,20,3576.27,3549.1,27.17,0.0,07FOR-69,Formosa,BAJA CALIFORNIA,TIJUANA,69.0,COSTA,BAJA CALIFORNIA,TIJUANA,BAJA CALIFORNIA,2,BAJA CALIFORNIA,4,TIJUANA,TIJUANA,"2,000 - 5,000"
2026-10-07,MDA,BCA,07FOR-69,21,2795.54,2774.55,20.99,0.0,07FOR-69,Formosa,BAJA CALIFORNIA,TIJUANA,69.0,COSTA,BAJA CALIFORNIA,TIJUANA,BAJA CALIFORNIA,2,BAJA CALIFORNIA,4,TIJUANA,TIJUANA,"2,000 - 5,000"
2026-10-07,MDA,BCA,07FOR-69,22,2550.98,2532.25,18.73,0.0,07FOR-69,Formosa,BAJA CALIFORNIA,TIJUANA,69.0,COSTA,BAJA CALIFORNIA,TIJUANA,BAJA CALIFORNIA,2,BAJA CALIFORNIA,4,TIJUANA,TIJUANA,"2,000 - 5,000"
2026-10-07,MDA,BCA,07FOR-69,23,1904.76,1891.38,13.39,0.0,07FOR-69,Formosa,BAJA CALIFORNIA,TIJUANA,69.0,COSTA,BAJA CALIFORNIA,TIJUANA,BAJA CALIFORNIA,2,BAJA CALIFORNIA,4,TIJUANA,TIJUANA,"1,000 - 2,000"
2026-10-07,MDA,BCA,07FOR-69,24,1264.05,1255.72,8.33,0.0,07FOR-69,Formosa,BAJA CALIFORNIA,TIJUANA,69.0,COSTA,BAJA CALIFORNIA,TIJUANA,BAJA CALIFORNIA,2,BAJA CALIFORNIA,4,TIJUANA,TIJUANA,"1,000 - 2,000"
2026-10-07,MDA,BCA,07FTA-69,1,1786.44,1767.84,18.6,0.0,07FTA-69,Frontera,BAJA CALIFORNIA,TIJUANA,69.0,COSTA,BAJA CALIFORNIA,TIJUANA,BAJA CALIFORNIA,2,BAJA CALIFORNIA,4,TIJUANA,TIJUANA,"1,000 - 2,000"
2026-10-07,MDA,BCA,07FTA-69,2,1166.71,1154.64,12.08,0.0,07FTA-69,Frontera,BAJA CALIFORNIA,TIJUANA,69.0,COSTA,BAJA CALIFORNIA,TIJUANA,BAJA CALIFORNIA,2,BAJA CALIFORNIA,4,TIJUANA,TIJUANA,"1,000 - 2,000"
2026-10-07,MDA,BCA,07FTA-69,3,766.31,758.91,7.4,0.0,07FTA-69,Frontera,BAJA CALIFORNIA,TIJUANA,69.0,COSTA,BAJA CALIFORNIA,TIJUANA,BAJA CALIFORNIA,2,BAJA CALIFORNIA,4,TIJUANA,TIJUANA,"500 - 1,000"
2026-10-07,MDA,BCA,07FTA-69,4,674.59,668.11,6.48,0.0,07FTA-69,Frontera,BAJA CALIFORNIA,TIJUANA,69.0,COSTA,BAJA CALIFORNIA,TIJUANA,BAJA CALIFORNIA,2,BAJA CALIFORNIA,4,TIJUANA,TIJUANA,"500 - 1,000"
2026-10-07,MDA,BCA,07FTA-69,5,676.17,669.64,6.53,0.0,07FTA-69,Frontera,BAJA CALIFORNIA,TIJUANA,69.0,COSTA,BAJA CALIFORNIA,TIJUANA,BAJA CALIFORNIA,2,BAJA CALIFORNIA,4,TIJUANA,TIJUANA,"500 - 1,000"
2026-10-07,MDA,BCA,07FTA-69,6,657.22,650.89,6.32,0.0,07FTA-69,Frontera,BAJA CALIFORNIA,TIJUANA,69.0,COSTA,BAJA CALIFORNIA,TIJUANA,BAJA CALIFORNIA,2,BAJA CALIFORNIA,4,TIJUANA,TIJUANA,"500 - 1,000"
2026-10-07,MDA,BCA,07FTA-69,7,751.5,744.05,7.45,0.0,07FTA-69,Frontera,BAJA CALIFORNIA,TIJUANA,69.0,COSTA,BAJA CALIFORNIA,TIJUANA,BAJA CALIFORNIA,2,BAJA CALIFORNIA,4,TIJUANA,TIJUANA,"500 - 1,000"
2026-10-07,MDA,BCA,07FTA-69,8,772.19,764.19,8.0,0.0,07FTA-69,Frontera,BAJA CALIFORNIA,TIJUANA,69.0,COSTA,BAJA CALIFORNIA,TIJUANA,BAJA CALIFORNIA,2,BAJA CALIFORNIA,4,TIJUANA,TIJUANA,"500 - 1,000"
2026-10-07,MDA,BCA,07FTA-69,9,1208.06,1195.72,12.35,0.0,07FTA-69,Frontera,BAJA CALIFORNIA,TIJUANA,69.0,COSTA,BAJA CALIFORNIA,TIJUANA,BAJA CALIFORNIA,2,BAJA CALIFORNIA,4,TIJUANA,TIJUANA,"1,000 - 2,000"
2026-10-07,MDA,BCA,07FTA-69,10,1104.85,1093.14,11.71,0.0,07FTA-69,Frontera,BAJA CALIFORNIA,TIJUANA,69.0,COSTA,BAJA CALIFORNIA,TIJUANA,BAJA CALIFORNIA,2,BAJA CALIFORNIA,4,TIJUANA,TIJUANA,"1,000 - 2,000"
2026-10-07,MDA,BCA,07FTA-69,11,1219.94,1207.07,12.87,0.0,07FTA-69,Frontera,BAJA CALIFORNIA,TIJUANA,69.0,COSTA,BAJA CALIFORNIA,TIJUANA,BAJA CALIFORNIA,2,BAJA CALIFORNIA,4,TIJUANA,TIJUANA,"1,000 - 2,000"
2026-10-07,MDA,BCA,07FTA-69,12,1245.63,1232.59,13.04,0.0,07FTA-69,Frontera,BAJA CALIFORNIA,TIJUANA,69.0,COSTA,BAJA CALIFORNIA,TIJUANA,BAJA CALIFORNIA,2,BAJA CALIFORNIA,4,TIJUANA,TIJUANA,"1,000 - 2,000"
2026-10-07,MDA,BCA,07FTA-69,13,1209.34,1196.63,12.71,0.0,07FTA-69,Frontera,BAJA CALIFORNIA,TIJUANA,69.0,COSTA,BAJA CALIFORNIA,TIJUANA,BAJA CALIFORNIA,2,BAJA CALIFORNIA,4,TIJUANA,TIJUANA,"1,000 - 2,000"
2026-10-07,MDA,BCA,07FTA-69,14,1248.55,1235.33,13.23,0.0,07FTA-69,Frontera,BAJA CALIFORNIA,TIJUANA,69.0,COSTA,BAJA CALIFORNIA,TIJUANA,BAJA CALIFORNIA,2,BAJA CALIFORNIA,4,TIJUANA,TIJUANA,"1,000 - 2,000"
2026-10-07,MDA,BCA,07FTA-69,15,1512.57,1497.11,15.45,0.0,07FTA-69,Frontera,BAJA CALIFORNIA,TIJUANA,69.0,COSTA,BAJA CALIFORNIA,TIJUANA,BAJA CALIFORNIA,2,BAJA CALIFORNIA,4,TIJUANA,TIJUANA,"1,000 - 2,000"
2026-10-07,MDA,BCA,07FTA-69,16,1509.15,1493.21,15.94,0.0,07FTA-69,Frontera,BAJA CALIFORNIA,TIJUANA,69.0,COSTA,BAJA CALIFORNIA,TIJUANA,BAJA CALIFORNIA,2,BAJA CALIFORNIA,4,TIJUANA,TIJUANA,"1,000 - 2,000"
2026-10-07,MDA,BCA,07FTA-69,17,1671.06,1653.66,17.4,0.0,07FTA-69,Frontera,BAJA CALIFORNIA,TIJUANA,69.0,COSTA,BAJA CALIFORNIA,TIJUANA,BAJA CALIFORNIA,2,BAJA CALIFORNIA,4,TIJUANA,TIJUANA,"1,000 - 2,000"
2026-10-07,MDA,BCA,07FTA-69,18,3533.05,3495.89,37.16,0.0,07FTA-69,Frontera,BAJA CALIFORNIA,TIJUANA,69.0,COSTA,BAJA CALIFORNIA,TIJUANA,BAJA CALIFORNIA,2,BAJA CALIFORNIA,4,TIJUANA,TIJUANA,"2,000 - 5,000"
2026-10-07,MDA,BCA,07FTA-69,19,3855.81,3815.54,40.27,0.0,07FTA-69,Frontera,BAJA CALIFORNIA,TIJUANA,69.0,COSTA,BAJA CALIFORNIA,TIJUANA,BAJA CALIFORNIA,2,BAJA CALIFORNIA,4,TIJUANA,TIJUANA,"2,000 - 5,000"
2026-10-07,MDA,BCA,07FTA-69,20,3586.24,3549.1,37.14,0.0,07FTA-69,Frontera,BAJA CALIFORNIA,TIJUANA,69.0,COSTA,BAJA CALIFORNIA,TIJUANA,BAJA CALIFORNIA,2,BAJA CALIFORNIA,4,TIJUANA,TIJUANA,"2,000 - 5,000"
2026-10-07,MDA,BCA,07FTA-69,21,2803.16,2774.55,28.61,0.0,07FTA-69,Frontera,BAJA CALIFORNIA,TIJUANA,69.0,COSTA,BAJA CALIFORNIA,TIJUANA,BAJA CALIFORNIA,2,BAJA CALIFORNIA,4,TIJUANA,TIJUANA,"2,000 - 5,000"
2026-10-07,MDA,BCA,07FTA-69,22,2558.82,2532.25,26.57,0.0,07FTA-69,Frontera,BAJA CALIFORNIA,TIJUANA,69.0,COSTA,BAJA CALIFORNIA,TIJUANA,BAJA CALIFORNIA,2,BAJA CALIFORNIA,4,TIJUANA,TIJUANA,"2,000 - 5,000"
2026-10-07,MDA,BCA,07FTA-69,23,1911.98,1891.38,20.6,0.0,07FTA-69,Frontera,BAJA CALIFORNIA,TIJUANA,69.0,COSTA,BAJA CALIFORNIA,TIJUANA,BAJA CALIFORNIA,2,BAJA CALIFORNIA,4,TIJUANA,TIJUANA,"1,000 - 2,000"
2026-10-07,MDA,BCA,07FTA-69,24,1269.26,1255.72,13.54,0.0,07FTA-69,Frontera,BAJA CALIFORNIA,TIJUANA,69.0,COSTA,BAJA CALIFORNIA,TIJUANA,BAJA CALIFORNIA,2,BAJA CALIFORNIA,4,TIJUANA,TIJUANA,"1,000 - 2,000"
2026-10-07,MDA,BCA,07GER-69,1,1800.2,1767.84,32.36,0.0,07GER-69,Guerrero,BAJA CALIFORNIA,TIJUANA,69.0,COSTA,BAJA CALIFORNIA,TIJUANA,BAJA CALIFORNIA,2,BAJA CALIFORNIA,4,TIJUANA,TIJUANA,"1,000 - 2,000"
2026-10-07,MDA,BCA,07GER-69,2,1174.85,1154.64,20.21,0.0,07GER-69,Guerrero,BAJA CALIFORNIA,TIJUANA,69.0,COSTA,BAJA CALIFORNIA,TIJUANA,BAJA CALIFORNIA,2,BAJA CALIFORNIA,4,TIJUANA,TIJUANA,"1,000 - 2,000"
2026-10-07,MDA,BCA,07GER-69,3,771.49,758.91,12.59,0.0,07GER-69,Guerrero,BAJA CALIFORNIA,TIJUANA,69.0,COSTA,BAJA CALIFORNIA,TIJUANA,BAJA CALIFORNIA,2,BAJA CALIFORNIA,4,TIJUANA,TIJUANA,"500 - 1,000"
2026-10-07,MDA,BCA,07GER-69,4,678.8,668.11,10.69,0.0,07GER-69,Guerrero,BAJA CALIFORNIA,TIJUANA,69.0,COSTA,BAJA CALIFORNIA,TIJUANA,BAJA CALIFORNIA,2,BAJA CALIFORNIA,4,TIJUANA,TIJUANA,"500 - 1,000"
2026-10-07,MDA,BCA,07GER-69,5,680.26,669.64,10.63,0.0,07GER-69,Guerrero,BAJA CALIFORNIA,TIJUANA,69.0,COSTA,BAJA CALIFORNIA,TIJUANA,BAJA CALIFORNIA,2,BAJA CALIFORNIA,4,TIJUANA,TIJUANA,"500 - 1,000"
2026-10-07,MDA,BCA,07GER-69,6,661.21,650.89,10.32,0.0,07GER-69,Guerrero,BAJA CALIFORNIA,TIJUANA,69.0,COSTA,BAJA CALIFORNIA,TIJUANA,BAJA CALIFORNIA,2,BAJA CALIFORNIA,4,TIJUANA,TIJUANA,"500 - 1,000"
2026-10-07,MDA,BCA,07GER-69,7,756.41,744.05,12.36,0.0,07GER-69,Guerrero,BAJA CALIFORNIA,TIJUANA,69.0,COSTA,BAJA CALIFORNIA,TIJUANA,BAJA CALIFORNIA,2,BAJA CALIFORNIA,4,TIJUANA,TIJUANA,"500 - 1,000"
2026-10-07,MDA,BCA,07GER-69,8,777.69,764.19,13.5,0.0,07GER-69,Guerrero,BAJA CALIFORNIA,TIJUANA,69.0,COSTA,BAJA CALIFORNIA,TIJUANA,BAJA CALIFORNIA,2,BAJA CALIFORNIA,4,TIJUANA,TIJUANA,"500 - 1,000"
2026-10-07,MDA,BCA,07GER-69,9,1218.18,1195.72,22.47,0.0,07GER-69,Guerrero,BAJA CALIFORNIA,TIJUANA,69.0,COSTA,BAJA CALIFORNIA,TIJUANA,BAJA CALIFORNIA,2,BAJA CALIFORNIA,4,TIJUANA,TIJUANA,"1,000 - 2,000"
2026-10-07,MDA,BCA,07GER-69,10,1115.18,1093.14,22.05,0.0,07GER-69,Guerrero,BAJA CALIFORNIA,TIJUANA,69.0,COSTA,BAJA CALIFORNIA,TIJUANA,BAJA CALIFORNIA,2,BAJA CALIFORNIA,4,TIJUANA,TIJUANA,"1,000 - 2,000"
2026-10-07,MDA,BCA,07GER-69,11,1232.62,1207.07,25.55,0.0,07GER-69,Guerrero,BAJA CALIFORNIA,TIJUANA,69.0,COSTA,BAJA CALIFORNIA,TIJUANA,BAJA CALIFORNIA,2,BAJA CALIFORNIA,4,TIJUANA,TIJUANA,"1,000 - 2,000"
2026-10-07,MDA,BCA,07GER-69,12,1259.33,1232.59,26.74,0.0,07GER-69,Guerrero,BAJA CALIFORNIA,TIJUANA,69.0,COSTA,BAJA CALIFORNIA,TIJUANA,BAJA CALIFORNIA,2,BAJA CALIFORNIA,4,TIJUANA,TIJUANA,"1,000 - 2,000"
2026-10-07,MDA,BCA,07GER-69,13,1222.95,1196.63,26.32,0.0,07GER-69,Guerrero,BAJA CALIFORNIA,TIJUANA,69.0,COSTA,BAJA CALIFORNIA,TIJUANA,BAJA CALIFORNIA,2,BAJA CALIFORNIA,4,TIJUANA,TIJUANA,"1,000 - 2,000"
2026-10-07,MDA,BCA,07GER-69,14,1262.86,1235.33,27.53,0.0,07GER-69,Guerrero,BAJA CALIFORNIA,TIJUANA,69.0,COSTA,BAJA CALIFORNIA,TIJUANA,BAJA CALIFORNIA,2,BAJA CALIFORNIA,4,TIJUANA,TIJUANA,"1,000 - 2,000"
2026-10-07,MDA,BCA,07GER-69,15,1530.7,1497.11,33.59,0.0,07GER-69,Guerrero,BAJA CALIFORNIA,TIJUANA,69.0,COSTA,BAJA CALIFORNIA,TIJUANA,BAJA CALIFORNIA,2,BAJA CALIFORNIA,4,TIJUANA,TIJUANA,"1,000 - 2,000"
2026-10-07,MDA,BCA,07GER-69,16,1526.81,1493.21,33.6,0.0,07GER-69,Guerrero,BAJA CALIFORNIA,TIJUANA,69.0,COSTA,BAJA CALIFORNIA,TIJUANA,BAJA CALIFORNIA,2,BAJA CALIFORNIA,4,TIJUANA,TIJUANA,"1,000 - 2,000"
2026-10-07,MDA,BCA,07GER-69,17,1691.02,1653.66,37.37,0.0,07GER-69,Guerrero,BAJA CALIFORNIA,TIJUANA,69.0,COSTA,BAJA CALIFORNIA,TIJUANA,BAJA CALIFORNIA,2,BAJA CALIFORNIA,4,TIJUANA,TIJUANA,"1,000 - 2,000"
2026-10-07,MDA,BCA,07GER-69,18,3573.77,3495.89,77.88,0.0,07GER-69,Guerrero,BAJA CALIFORNIA,TIJUANA,69.0,COSTA,BAJA CALIFORNIA,TIJUANA,BAJA CALIFORNIA,2,BAJA CALIFORNIA,4,TIJUANA,TIJUANA,"2,000 - 5,000"
2026-10-07,MDA,BCA,07GER-69,19,3899.12,3815.54,83.58,0.0,07GER-69,Guerrero,BAJA CALIFORNIA,TIJUANA,69.0,COSTA,BAJA CALIFORNIA,TIJUANA,BAJA CALIFORNIA,2,BAJA CALIFORNIA,4,TIJUANA,TIJUANA,"2,000 - 5,000"
2026-10-07,MDA,BCA,07GER-69,20,3626.97,3549.1,77.87,0.0,07GER-69,Guerrero,BAJA CALIFORNIA,TIJUANA,69.0,COSTA,BAJA CALIFORNIA,TIJUANA,BAJA CALIFORNIA,2,BAJA CALIFORNIA,4,TIJUANA,TIJUANA,"2,000 - 5,000"
2026-10-07,MDA,BCA,07GER-69,21,2834.32,2774.55,59.77,0.0,07GER-69,Guerrero,BAJA CALIFORNIA,TIJUANA,69.0,COSTA,BAJA CALIFORNIA,TIJUANA,BAJA CALIFORNIA,2,BAJA CALIFORNIA,4,TIJUANA,TIJUANA,"2,000 - 5,000"
2026-10-07,MDA,BCA,07GER-69,22,2585.31,2532.25,53.06,0.0,07GER-69,Guerrero,BAJA CALIFORNIA,TIJUANA,69.0,COSTA,BAJA CALIFORNIA,TIJUANA,BAJA CALIFORNIA,2,BAJA CALIFORNIA,4,TIJUANA,TIJUANA,"2,000 - 5,000"
2026-10-07,MDA,BCA,07GER-69,23,1929.28,1891.38,37.9,0.0,07GER-69,Guerrero,BAJA CALIFORNIA,TIJUANA,69.0,COSTA,BAJA CALIFORNIA,TIJUANA,BAJA CALIFORNIA,2,BAJA CALIFORNIA,4,TIJUANA,TIJUANA,"1,000 - 2,000"
2026-10-07,MDA,BCA,07GER-69,24,1279.36,1255.72,23.64,0.0,07GER-69,Guerrero,BAJA CALIFORNIA,TIJUANA,69.0,COSTA,BAJA CALIFORNIA,TIJUANA,BAJA CALIFORNIA,2,BAJA CALIFORNIA,4,TIJUANA,TIJUANA,"1,000 - 2,000"
2026-10-07,MDA,BCA,07GLL-115,1,1791.38,1767.84,23.54,0.0,07GLL-115,Gallo,BAJA CALIFORNIA,ENSENADA,115.0,COSTA,BAJA CALIFORNIA,ENSENADA,BAJA CALIFORNIA,2,BAJA CALIFORNIA,1,ENSENADA,ENSENADA,"1,000 - 2,000"
2026-10-07,MDA,BCA,07GLL-115,2,1169.09,1154.64,14.46,0.0,07GLL-115,Gallo,BAJA CALIFORNIA,ENSENADA,115.0,COSTA,BAJA CALIFORNIA,ENSENADA,BAJA CALIFORNIA,2,BAJA CALIFORNIA,1,ENSENADA,ENSENADA,"1,000 - 2,000"
2026-10-07,MDA,BCA,07GLL-115,3,769.57,758.91,10.66,0.0,07GLL-115,Gallo,BAJA CALIFORNIA,ENSENADA,115.0,COSTA,BAJA CALIFORNIA,ENSENADA,BAJA CALIFORNIA,2,BAJA CALIFORNIA,1,ENSENADA,ENSENADA,"500 - 1,000"
2026-10-07,MDA,BCA,07GLL-115,4,677.46,668.11,9.35,0.0,07GLL-115,Gallo,BAJA CALIFORNIA,ENSENADA,115.0,COSTA,BAJA CALIFORNIA,ENSENADA,BAJA CALIFORNIA,2,BAJA CALIFORNIA,1,ENSENADA,ENSENADA,"500 - 1,000"
2026-10-07,MDA,BCA,07GLL-115,5,678.86,669.64,9.22,0.0,07GLL-115,Gallo,BAJA CALIFORNIA,ENSENADA,115.0,COSTA,BAJA CALIFORNIA,ENSENADA,BAJA CALIFORNIA,2,BAJA CALIFORNIA,1,ENSENADA,ENSENADA,"500 - 1,000"
2026-10-07,MDA,BCA,07GLL-115,6,659.97,650.89,9.08,0.0,07GLL-115,Gallo,BAJA CALIFORNIA,ENSENADA,115.0,COSTA,BAJA CALIFORNIA,ENSENADA,BAJA CALIFORNIA,2,BAJA CALIFORNIA,1,ENSENADA,ENSENADA,"500 - 1,000"
2026-10-07,MDA,BCA,07GLL-115,7,754.97,744.05,10.92,0.0,07GLL-115,Gallo,BAJA CALIFORNIA,ENSENADA,115.0,COSTA,BAJA CALIFORNIA,ENSENADA,BAJA CALIFORNIA,2,BAJA CALIFORNIA,1,ENSENADA,ENSENADA,"500 - 1,000"
2026-10-07,MDA,BCA,07GLL-115,8,775.65,764.19,11.46,0.0,07GLL-115,Gallo,BAJA CALIFORNIA,ENSENADA,115.0,COSTA,BAJA CALIFORNIA,ENSENADA,BAJA CALIFORNIA,2,BAJA CALIFORNIA,1,ENSENADA,ENSENADA,"500 - 1,000"
2026-10-07,MDA,BCA,07GLL-115,9,1215.84,1195.72,20.12,0.0,07GLL-115,Gallo,BAJA CALIFORNIA,ENSENADA,115.0,COSTA,BAJA CALIFORNIA,ENSENADA,BAJA CALIFORNIA,2,BAJA CALIFORNIA,1,ENSENADA,ENSENADA,"1,000 - 2,000"
2026-10-07,MDA,BCA,07GLL-115,10,1109.73,1093.14,16.6,0.0,07GLL-115,Gallo,BAJA CALIFORNIA,ENSENADA,115.0,COSTA,BAJA CALIFORNIA,ENSENADA,BAJA CALIFORNIA,2,BAJA CALIFORNIA,1,ENSENADA,ENSENADA,"1,000 - 2,000"
2026-10-07,MDA,BCA,07GLL-115,11,1226.32,1207.07,19.25,0.0,07GLL-115,Gallo,BAJA CALIFORNIA,ENSENADA,115.0,COSTA,BAJA CALIFORNIA,ENSENADA,BAJA CALIFORNIA,2,BAJA CALIFORNIA,1,ENSENADA,ENSENADA,"1,000 - 2,000"
2026-10-07,MDA,BCA,07GLL-115,12,7647.54,1232.59,20.38,6394.57,07GLL-115,Gallo,BAJA CALIFORNIA,ENSENADA,115.0,COSTA,BAJA CALIFORNIA,ENSENADA,BAJA CALIFORNIA,2,BAJA CALIFORNIA,1,ENSENADA,ENSENADA,"5,000 - 10,000"
2026-10-07,MDA,BCA,07GLL-115,13,9291.12,1196.63,19.89,8074.6,07GLL-115,Gallo,BAJA CALIFORNIA,ENSENADA,115.0,COSTA,BAJA CALIFORNIA,ENSENADA,BAJA CALIFORNIA,2,BAJA CALIFORNIA,1,ENSENADA,ENSENADA,"5,000 - 10,000"
2026-10-07,MDA,BCA,07GLL-115,14,10001.22,1235.33,20.54,8745.35,07GLL-115,Gallo,BAJA CALIFORNIA,ENSENADA,115.0,COSTA,BAJA CALIFORNIA,ENSENADA,BAJA CALIFORNIA,2,BAJA CALIFORNIA,1,ENSENADA,ENSENADA,"10,000 o más"
2026-10-07,MDA,BCA,07GLL-115,15,7622.22,1497.11,29.09,6096.02,07GLL-115,Gallo,BAJA CALIFORNIA,ENSENADA,115.0,COSTA,BAJA CALIFORNIA,ENSENADA,BAJA CALIFORNIA,2,BAJA CALIFORNIA,1,ENSENADA,ENSENADA,"5,000 - 10,000"
2026-10-07,MDA,BCA,07GLL-115,16,9210.8,1493.21,27.1,7690.49,07GLL-115,Gallo,BAJA CALIFORNIA,ENSENADA,115.0,COSTA,BAJA CALIFORNIA,ENSENADA,BAJA CALIFORNIA,2,BAJA CALIFORNIA,1,ENSENADA,ENSENADA,"5,000 - 10,000"
2026-10-07,MDA,BCA,07GLL-115,17,10727.16,1653.66,29.91,9043.6,07GLL-115,Gallo,BAJA CALIFORNIA,ENSENADA,115.0,COSTA,BAJA CALIFORNIA,ENSENADA,BAJA CALIFORNIA,2,BAJA CALIFORNIA,1,ENSENADA,ENSENADA,"10,000 o más"
2026-10-07,MDA,BCA,07GLL-115,18,10871.69,3495.89,63.73,7312.07,07GLL-115,Gallo,BAJA CALIFORNIA,ENSENADA,115.0,COSTA,BAJA CALIFORNIA,ENSENADA,BAJA CALIFORNIA,2,BAJA CALIFORNIA,1,ENSENADA,ENSENADA,"10,000 o más"
2026-10-07,MDA,BCA,07GLL-115,19,9825.05,3815.54,68.28,5941.22,07GLL-115,Gallo,BAJA CALIFORNIA,ENSENADA,115.0,COSTA,BAJA CALIFORNIA,ENSENADA,BAJA CALIFORNIA,2,BAJA CALIFORNIA,1,ENSENADA,ENSENADA,"5,000 - 10,000"
2026-10-07,MDA,BCA,07GLL-115,20,10232.42,3549.1,63.28,6620.03,07GLL-115,Gallo,BAJA CALIFORNIA,ENSENADA,115.0,COSTA,BAJA CALIFORNIA,ENSENADA,BAJA CALIFORNIA,2,BAJA CALIFORNIA,1,ENSENADA,ENSENADA,"10,000 o más"
2026-10-07,MDA,BCA,07GLL-115,21,9121.51,2774.55,49.89,6297.08,07GLL-115,Gallo,BAJA CALIFORNIA,ENSENADA,115.0,COSTA,BAJA CALIFORNIA,ENSENADA,BAJA CALIFORNIA,2,BAJA CALIFORNIA,1,ENSENADA,ENSENADA,"5,000 - 10,000"
2026-10-07,MDA,BCA,07GLL-115,22,10559.29,2532.25,41.69,7985.35,07GLL-115,Gallo,BAJA CALIFORNIA,ENSENADA,115.0,COSTA,BAJA CALIFORNIA,ENSENADA,BAJA CALIFORNIA,2,BAJA CALIFORNIA,1,ENSENADA,ENSENADA,"10,000 o más"
2026-10-07,MDA,BCA,07GLL-115,23,1920.55,1891.38,29.17,0.0,07GLL-115,Gallo,BAJA CALIFORNIA,ENSENADA,115.0,COSTA,BAJA CALIFORNIA,ENSENADA,BAJA CALIFORNIA,2,BAJA CALIFORNIA,1,ENSENADA,ENSENADA,"1,000 - 2,000"
2026-10-07,MDA,BCA,07GLL-115,24,1274.71,1255.72,18.99,0.0,07GLL-115,Gallo,BAJA CALIFORNIA,ENSENADA,115.0,COSTA,BAJA CALIFORNIA,ENSENADA,BAJA CALIFORNIA,2,BAJA CALIFORNIA,1,ENSENADA,ENSENADA,"1,000 - 2,000"
2026-10-07,MDA,BCA,07GOR-161,1,1758.77,1767.84,-9.06,0.0,07GOR-161,Gonzalez Ortega,BAJA CALIFORNIA,MEXICALI,161.0,VALLE,BAJA CALIFORNIA,MEXICALI,BAJA CALIFORNIA,2,BAJA CALIFORNIA,2,MEXICALI,MEXICALI,"1,000 - 2,000"
2026-10-07,MDA,BCA,07GOR-161,2,1148.35,1154.64,-6.28,0.0,07GOR-161,Gonzalez Ortega,BAJA CALIFORNIA,MEXICALI,161.0,VALLE,BAJA CALIFORNIA,MEXICALI,BAJA CALIFORNIA,2,BAJA CALIFORNIA,2,MEXICALI,MEXICALI,"1,000 - 2,000"
2026-10-07,MDA,BCA,07GOR-161,3,753.71,758.91,-5.2,0.0,07GOR-161,Gonzalez Ortega,BAJA CALIFORNIA,MEXICALI,161.0,VALLE,BAJA CALIFORNIA,MEXICALI,BAJA CALIFORNIA,2,BAJA CALIFORNIA,2,MEXICALI,MEXICALI,"500 - 1,000"
2026-10-07,MDA,BCA,07GOR-161,4,663.94,668.11,-4.17,0.0,07GOR-161,Gonzalez Ortega,BAJA CALIFORNIA,MEXICALI,161.0,VALLE,BAJA CALIFORNIA,MEXICALI,BAJA CALIFORNIA,2,BAJA CALIFORNIA,2,MEXICALI,MEXICALI,"500 - 1,000"
2026-10-07,MDA,BCA,07GOR-161,5,666.48,669.64,-3.16,0.0,07GOR-161,Gonzalez Ortega,BAJA CALIFORNIA,MEXICALI,161.0,VALLE,BAJA CALIFORNIA,MEXICALI,BAJA CALIFORNIA,2,BAJA CALIFORNIA,2,MEXICALI,MEXICALI,"500 - 1,000"
2026-10-07,MDA,BCA,07GOR-161,6,647.54,650.89,-3.36,0.0,07GOR-161,Gonzalez Ortega,BAJA CALIFORNIA,MEXICALI,161.0,VALLE,BAJA CALIFORNIA,MEXICALI,BAJA CALIFORNIA,2,BAJA CALIFORNIA,2,MEXICALI,MEXICALI,"500 - 1,000"
2026-10-07,MDA,BCA,07GOR-161,7,737.52,744.05,-6.53,0.0,07GOR-161,Gonzalez Ortega,BAJA CALIFORNIA,MEXICALI,161.0,VALLE,BAJA CALIFORNIA,MEXICALI,BAJA CALIFORNIA,2,BAJA CALIFORNIA,2,MEXICALI,MEXICALI,"500 - 1,000"
2026-10-07,MDA,BCA,07GOR-161,8,755.26,764.19,-8.93,0.0,07GOR-161,Gonzalez Ortega,BAJA CALIFORNIA,MEXICALI,161.0,VALLE,BAJA CALIFORNIA,MEXICALI,BAJA CALIFORNIA,2,BAJA CALIFORNIA,2,MEXICALI,MEXICALI,"500 - 1,000"
2026-10-07,MDA,BCA,07GOR-161,9,1170.24,1195.72,-25.47,0.0,07GOR-161,Gonzalez Ortega,BAJA CALIFORNIA,MEXICALI,161.0,VALLE,BAJA CALIFORNIA,MEXICALI,BAJA CALIFORNIA,2,BAJA CALIFORNIA,2,MEXICALI,MEXICALI,"1,000 - 2,000"
2026-10-07,MDA,BCA,07GOR-161,10,1066.35,1093.14,-26.79,0.0,07GOR-161,Gonzalez Ortega,BAJA CALIFORNIA,MEXICALI,161.0,VALLE,BAJA CALIFORNIA,MEXICALI,BAJA CALIFORNIA,2,BAJA CALIFORNIA,2,MEXICALI,MEXICALI,"1,000 - 2,000"
2026-10-07,MDA,BCA,07GOR-161,11,1184.19,1207.07,-22.89,0.0,07GOR-161,Gonzalez Ortega,BAJA CALIFORNIA,MEXICALI,161.0,VALLE,BAJA CALIFORNIA,MEXICALI,BAJA CALIFORNIA,2,BAJA CALIFORNIA,2,MEXICALI,MEXICALI,"1,000 - 2,000"
2026-10-07,MDA,BCA,07GOR-161,12,1208.54,1232.59,-24.05,0.0,07GOR-161,Gonzalez Ortega,BAJA CALIFORNIA,MEXICALI,161.0,VALLE,BAJA CALIFORNIA,MEXICALI,BAJA CALIFORNIA,2,BAJA CALIFORNIA,2,MEXICALI,MEXICALI,"1,000 - 2,000"
2026-10-07,MDA,BCA,07GOR-161,13,1168.83,1196.63,-27.8,0.0,07GOR-161,Gonzalez Ortega,BAJA CALIFORNIA,MEXICALI,161.0,VALLE,BAJA CALIFORNIA,MEXICALI,BAJA CALIFORNIA,2,BAJA CALIFORNIA,2,MEXICALI,MEXICALI,"1,000 - 2,000"
2026-10-07,MDA,BCA,07GOR-161,14,1208.05,1235.33,-27.27,0.0,07GOR-161,Gonzalez Ortega,BAJA CALIFORNIA,MEXICALI,161.0,VALLE,BAJA CALIFORNIA,MEXICALI,BAJA CALIFORNIA,2,BAJA CALIFORNIA,2,MEXICALI,MEXICALI,"1,000 - 2,000"
2026-10-07,MDA,BCA,07GOR-161,15,1470.23,1497.11,-26.88,0.0,07GOR-161,Gonzalez Ortega,BAJA CALIFORNIA,MEXICALI,161.0,VALLE,BAJA CALIFORNIA,MEXICALI,BAJA CALIFORNIA,2,BAJA CALIFORNIA,2,MEXICALI,MEXICALI,"1,000 - 2,000"
2026-10-07,MDA,BCA,07GOR-161,16,1464.02,1493.21,-29.19,0.0,07GOR-161,Gonzalez Ortega,BAJA CALIFORNIA,MEXICALI,161.0,VALLE,BAJA CALIFORNIA,MEXICALI,BAJA CALIFORNIA,2,BAJA CALIFORNIA,2,MEXICALI,MEXICALI,"1,000 - 2,000"
2026-10-07,MDA,BCA,07GOR-161,17,1637.56,1653.66,-16.1,0.0,07GOR-161,Gonzalez Ortega,BAJA CALIFORNIA,MEXICALI,161.0,VALLE,BAJA CALIFORNIA,MEXICALI,BAJA CALIFORNIA,2,BAJA CALIFORNIA,2,MEXICALI,MEXICALI,"1,000 - 2,000"
2026-10-07,MDA,BCA,07GOR-161,18,3466.95,3495.89,-28.94,0.0,07GOR-161,Gonzalez Ortega,BAJA CALIFORNIA,MEXICALI,161.0,VALLE,BAJA CALIFORNIA,MEXICALI,BAJA CALIFORNIA,2,BAJA CALIFORNIA,2,MEXICALI,MEXICALI,"2,000 - 5,000"
2026-10-07,MDA,BCA,07GOR-161,19,3793.72,3815.54,-21.82,0.0,07GOR-161,Gonzalez Ortega,BAJA CALIFORNIA,MEXICALI,161.0,VALLE,BAJA CALIFORNIA,MEXICALI,BAJA CALIFORNIA,2,BAJA CALIFORNIA,2,MEXICALI,MEXICALI,"2,000 - 5,000"
2026-10-07,MDA,BCA,07GOR-161,20,3526.46,3549.1,-22.64,0.0,07GOR-161,Gonzalez Ortega,BAJA CALIFORNIA,MEXICALI,161.0,VALLE,BAJA CALIFORNIA,MEXICALI,BAJA CALIFORNIA,2,BAJA CALIFORNIA,2,MEXICALI,MEXICALI,"2,000 - 5,000"
2026-10-07,MDA,BCA,07GOR-161,21,2755.61,2774.55,-18.94,0.0,07GOR-161,Gonzalez Ortega,BAJA CALIFORNIA,MEXICALI,161.0,VALLE,BAJA CALIFORNIA,MEXICALI,BAJA CALIFORNIA,2,BAJA CALIFORNIA,2,MEXICALI,MEXICALI,"2,000 - 5,000"
2026-10-07,MDA,BCA,07GOR-161,22,2515.83,2532.25,-16.42,0.0,07GOR-161,Gonzalez Ortega,BAJA CALIFORNIA,MEXICALI,161.0,VALLE,BAJA CALIFORNIA,MEXICALI,BAJA CALIFORNIA,2,BAJA CALIFORNIA,2,MEXICALI,MEXICALI,"2,000 - 5,000"
2026-10-07,MDA,BCA,07GOR-161,23,1877.47,1891.38,-13.9,0.0,07GOR-161,Gonzalez Ortega,BAJA CALIFORNIA,MEXICALI,161.0,VALLE,BAJA CALIFORNIA,MEXICALI,BAJA CALIFORNIA,2,BAJA CALIFORNIA,2,MEXICALI,MEXICALI,"1,000 - 2,000"
2026-10-07,MDA,BCA,07GOR-161,24,1244.5,1255.72,-11.22,0.0,07GOR-161,Gonzalez Ortega,BAJA CALIFORNIA,MEXICALI,161.0,VALLE,BAJA CALIFORNIA,MEXICALI,BAJA CALIFORNIA,2,BAJA CALIFORNIA,2,MEXICALI,MEXICALI,"1,000 - 2,000"
2026-10-07,MDA,BCA,07GWY-161,1,1761.79,1767.84,-6.05,0.0,07GWY-161,Maniobras Gateway,BAJA CALIFORNIA,MEXICALI,161.0,VALLE,BAJA CALIFORNIA,MEXICALI,BAJA CALIFORNIA,2,BAJA CALIFORNIA,2,MEXICALI,MEXICALI,"1,000 - 2,000"
2026-10-07,MDA,BCA,07GWY-161,2,1150.11,1154.64,-4.53,0.0,07GWY-161,Maniobras Gateway,BAJA CALIFORNIA,MEXICALI,161.0,VALLE,BAJA CALIFORNIA,MEXICALI,BAJA CALIFORNIA,2,BAJA CALIFORNIA,2,MEXICALI,MEXICALI,"1,000 - 2,000"
2026-10-07,MDA,BCA,07GWY-161,3,754.73,758.91,-4.18,0.0,07GWY-161,Maniobras Gateway,BAJA CALIFORNIA,MEXICALI,161.0,VALLE,BAJA CALIFORNIA,MEXICALI,BAJA CALIFORNIA,2,BAJA CALIFORNIA,2,MEXICALI,MEXICALI,"500 - 1,000"
2026-10-07,MDA,BCA,07GWY-161,4,664.87,668.11,-3.24,0.0,07GWY-161,Maniobras Gateway,BAJA CALIFORNIA,MEXICALI,161.0,VALLE,BAJA CALIFORNIA,MEXICALI,BAJA CALIFORNIA,2,BAJA CALIFORNIA,2,MEXICALI,MEXICALI,"500 - 1,000"
2026-10-07,MDA,BCA,07GWY-161,5,667.17,669.64,-2.47,0.0,07GWY-161,Maniobras Gateway,BAJA CALIFORNIA,MEXICALI,161.0,VALLE,BAJA CALIFORNIA,MEXICALI,BAJA CALIFORNIA,2,BAJA CALIFORNIA,2,MEXICALI,MEXICALI,"500 - 1,000"
2026-10-07,MDA,BCA,07GWY-161,6,648.21,650.89,-2.68,0.0,07GWY-161,Maniobras Gateway,BAJA CALIFORNIA,MEXICALI,161.0,VALLE,BAJA CALIFORNIA,MEXICALI,BAJA CALIFORNIA,2,BAJA CALIFORNIA,2,MEXICALI,MEXICALI,"500 - 1,000"
2026-10-07,MDA,BCA,07GWY-161,7,738.37,744.05,-5.68,0.0,07GWY-161,Maniobras Gateway,BAJA CALIFORNIA,MEXICALI,161.0,VALLE,BAJA CALIFORNIA,MEXICALI,BAJA CALIFORNIA,2,BAJA CALIFORNIA,2,MEXICALI,MEXICALI,"500 - 1,000"
2026-10-07,MDA,BCA,07GWY-161,8,756.15,764.19,-8.04,0.0,07GWY-161,Maniobras Gateway,BAJA CALIFORNIA,MEXICALI,161.0,VALLE,BAJA CALIFORNIA,MEXICALI,BAJA CALIFORNIA,2,BAJA CALIFORNIA,2,MEXICALI,MEXICALI,"500 - 1,000"
2026-10-07,MDA,BCA,07GWY-161,9,1171.46,1195.72,-24.25,0.0,07GWY-161,Maniobras Gateway,BAJA CALIFORNIA,MEXICALI,161.0,VALLE,BAJA CALIFORNIA,MEXICALI,BAJA CALIFORNIA,2,BAJA CALIFORNIA,2,MEXICALI,MEXICALI,"1,000 - 2,000"
2026-10-07,MDA,BCA,07GWY-161,10,1068.42,1093.14,-24.72,0.0,07GWY-161,Maniobras Gateway,BAJA CALIFORNIA,MEXICALI,161.0,VALLE,BAJA CALIFORNIA,MEXICALI,BAJA CALIFORNIA,2,BAJA CALIFORNIA,2,MEXICALI,MEXICALI,"1,000 - 2,000"
2026-10-07,MDA,BCA,07GWY-161,11,1186.2,1207.07,-20.88,0.0,07GWY-161,Maniobras Gateway,BAJA CALIFORNIA,MEXICALI,161.0,VALLE,BAJA CALIFORNIA,MEXICALI,BAJA CALIFORNIA,2,BAJA CALIFORNIA,2,MEXICALI,MEXICALI,"1,000 - 2,000"
2026-10-07,MDA,BCA,07GWY-161,12,1210.24,1232.59,-22.35,0.0,07GWY-161,Maniobras Gateway,BAJA CALIFORNIA,MEXICALI,161.0,VALLE,BAJA CALIFORNIA,MEXICALI,BAJA CALIFORNIA,2,BAJA CALIFORNIA,2,MEXICALI,MEXICALI,"1,000 - 2,000"
2026-10-07,MDA,BCA,07GWY-161,13,1170.45,1196.63,-26.18,0.0,07GWY-161,Maniobras Gateway,BAJA CALIFORNIA,MEXICALI,161.0,VALLE,BAJA CALIFORNIA,MEXICALI,BAJA CALIFORNIA,2,BAJA CALIFORNIA,2,MEXICALI,MEXICALI,"1,000 - 2,000"
2026-10-07,MDA,BCA,07GWY-161,14,1209.41,1235.33,-25.92,0.0,07GWY-161,Maniobras Gateway,BAJA CALIFORNIA,MEXICALI,161.0,VALLE,BAJA CALIFORNIA,MEXICALI,BAJA CALIFORNIA,2,BAJA CALIFORNIA,2,MEXICALI,MEXICALI,"1,000 - 2,000"
2026-10-07,MDA,BCA,07GWY-161,15,1471.0,1497.11,-26.11,0.0,07GWY-161,Maniobras Gateway,BAJA CALIFORNIA,MEXICALI,161.0,VALLE,BAJA CALIFORNIA,MEXICALI,BAJA CALIFORNIA,2,BAJA CALIFORNIA,2,MEXICALI,MEXICALI,"1,000 - 2,000"
2026-10-07,MDA,BCA,07GWY-161,16,1465.33,1493.21,-27.88,0.0,07GWY-161,Maniobras Gateway,BAJA CALIFORNIA,MEXICALI,161.0,VALLE,BAJA CALIFORNIA,MEXICALI,BAJA CALIFORNIA,2,BAJA CALIFORNIA,2,MEXICALI,MEXICALI,"1,000 - 2,000"
2026-10-07,MDA,BCA,07GWY-161,17,1638.9,1653.66,-14.76,0.0,07GWY-161,Maniobras Gateway,BAJA CALIFORNIA,MEXICALI,161.0,VALLE,BAJA CALIFORNIA,MEXICALI,BAJA CALIFORNIA,2,BAJA CALIFORNIA,2,MEXICALI,MEXICALI,"1,000 - 2,000"
2026-10-07,MDA,BCA,07GWY-161,18,3471.95,3495.89,-23.94,0.0,07GWY-161,Maniobras Gateway,BAJA CALIFORNIA,MEXICALI,161.0,VALLE,BAJA CALIFORNIA,MEXICALI,BAJA CALIFORNIA,2,BAJA CALIFORNIA,2,MEXICALI,MEXICALI,"2,000 - 5,000"
2026-10-07,MDA,BCA,07GWY-161,19,3799.29,3815.54,-16.26,0.0,07GWY-161,Maniobras Gateway,BAJA CALIFORNIA,MEXICALI,161.0,VALLE,BAJA CALIFORNIA,MEXICALI,BAJA CALIFORNIA,2,BAJA CALIFORNIA,2,MEXICALI,MEXICALI,"2,000 - 5,000"
2026-10-07,MDA,BCA,07GWY-161,20,3531.88,3549.1,-17.22,0.0,07GWY-161,Maniobras Gateway,BAJA CALIFORNIA,MEXICALI,161.0,VALLE,BAJA CALIFORNIA,MEXICALI,BAJA CALIFORNIA,2,BAJA CALIFORNIA,2,MEXICALI,MEXICALI,"2,000 - 5,000"
2026-10-07,MDA,BCA,07GWY-161,21,2759.24,2774.55,-15.31,0.0,07GWY-161,Maniobras Gateway,BAJA CALIFORNIA,MEXICALI,161.0,VALLE,BAJA CALIFORNIA,MEXICALI,BAJA CALIFORNIA,2,BAJA CALIFORNIA,2,MEXICALI,MEXICALI,"2,000 - 5,000"
2026-10-07,MDA,BCA,07GWY-161,22,2519.58,2532.25,-12.68,0.0,07GWY-161,Maniobras Gateway,BAJA CALIFORNIA,MEXICALI,161.0,VALLE,BAJA CALIFORNIA,MEXICALI,BAJA CALIFORNIA,2,BAJA CALIFORNIA,2,MEXICALI,MEXICALI,"2,000 - 5,000"
2026-10-07,MDA,BCA,07GWY-161,23,1880.62,1891.38,-10.76,0.0,07GWY-161,Maniobras Gateway,BAJA CALIFORNIA,MEXICALI,161.0,VALLE,BAJA CALIFORNIA,MEXICALI,BAJA CALIFORNIA,2,BAJA CALIFORNIA,2,MEXICALI,MEXICALI,"1,000 - 2,000"
2026-10-07,MDA,BCA,07GWY-161,24,1246.43,1255.72,-9.29,0.0,07GWY-161,Maniobras Gateway,BAJA CALIFORNIA,MEXICALI,161.0,VALLE,BAJA CALIFORNIA,MEXICALI,BAJA CALIFORNIA,2,BAJA CALIFORNIA,2,MEXICALI,MEXICALI,"1,000 - 2,000"
2026-10-07,MDA,BCA,07HGO-161,1,1785.03,1767.84,17.2,0.0,07HGO-161,Hidalgo,BAJA CALIFORNIA,SANLUIS,161.0,VALLE,BAJA CALIFORNIA,SAN LUIS,BAJA CALIFORNIA,26,SONORA,55,SAN LUIS RIO COLORADO,SAN LUIS RIO COLORADO,"1,000 - 2,000"
2026-10-07,MDA,BCA,07HGO-161,2,1164.18,1154.64,9.54,0.0,07HGO-161,Hidalgo,BAJA CALIFORNIA,SANLUIS,161.0,VALLE,BAJA CALIFORNIA,SAN LUIS,BAJA CALIFORNIA,26,SONORA,55,SAN LUIS RIO COLORADO,SAN LUIS RIO COLORADO,"1,000 - 2,000"
2026-10-07,MDA,BCA,07HGO-161,3,763.36,758.91,4.45,0.0,07HGO-161,Hidalgo,BAJA CALIFORNIA,SANLUIS,161.0,VALLE,BAJA CALIFORNIA,SAN LUIS,BAJA CALIFORNIA,26,SONORA,55,SAN LUIS RIO COLORADO,SAN LUIS RIO COLORADO,"500 - 1,000"
2026-10-07,MDA,BCA,07HGO-161,4,672.04,668.11,3.93,0.0,07HGO-161,Hidalgo,BAJA CALIFORNIA,SANLUIS,161.0,VALLE,BAJA CALIFORNIA,SAN LUIS,BAJA CALIFORNIA,26,SONORA,55,SAN LUIS RIO COLORADO,SAN LUIS RIO COLORADO,"500 - 1,000"
2026-10-07,MDA,BCA,07HGO-161,5,674.05,669.64,4.41,0.0,07HGO-161,Hidalgo,BAJA CALIFORNIA,SANLUIS,161.0,VALLE,BAJA CALIFORNIA,SAN LUIS,BAJA CALIFORNIA,26,SONORA,55,SAN LUIS RIO COLORADO,SAN LUIS RIO COLORADO,"500 - 1,000"
2026-10-07,MDA,BCA,07HGO-161,6,654.75,650.89,3.86,0.0,07HGO-161,Hidalgo,BAJA CALIFORNIA,SANLUIS,161.0,VALLE,BAJA CALIFORNIA,SAN LUIS,BAJA CALIFORNIA,26,SONORA,55,SAN LUIS RIO COLORADO,SAN LUIS RIO COLORADO,"500 - 1,000"
2026-10-07,MDA,BCA,07HGO-161,7,745.69,744.05,1.64,0.0,07HGO-161,Hidalgo,BAJA CALIFORNIA,SANLUIS,161.0,VALLE,BAJA CALIFORNIA,SAN LUIS,BAJA CALIFORNIA,26,SONORA,55,SAN LUIS RIO COLORADO,SAN LUIS RIO COLORADO,"500 - 1,000"
2026-10-07,MDA,BCA,07HGO-161,8,763.41,764.19,-0.78,0.0,07HGO-161,Hidalgo,BAJA CALIFORNIA,SANLUIS,161.0,VALLE,BAJA CALIFORNIA,SAN LUIS,BAJA CALIFORNIA,26,SONORA,55,SAN LUIS RIO COLORADO,SAN LUIS RIO COLORADO,"500 - 1,000"
2026-10-07,MDA,BCA,07HGO-161,9,1183.42,1195.72,-12.3,0.0,07HGO-161,Hidalgo,BAJA CALIFORNIA,SANLUIS,161.0,VALLE,BAJA CALIFORNIA,SAN LUIS,BAJA CALIFORNIA,26,SONORA,55,SAN LUIS RIO COLORADO,SAN LUIS RIO COLORADO,"1,000 - 2,000"
2026-10-07,MDA,BCA,07HGO-161,10,1080.92,1093.14,-12.21,0.0,07HGO-161,Hidalgo,BAJA CALIFORNIA,SANLUIS,161.0,VALLE,BAJA CALIFORNIA,SAN LUIS,BAJA CALIFORNIA,26,SONORA,55,SAN LUIS RIO COLORADO,SAN LUIS RIO COLORADO,"1,000 - 2,000"
2026-10-07,MDA,BCA,07HGO-161,11,1201.62,1207.07,-5.46,0.0,07HGO-161,Hidalgo,BAJA CALIFORNIA,SANLUIS,161.0,VALLE,BAJA CALIFORNIA,SAN LUIS,BAJA CALIFORNIA,26,SONORA,55,SAN LUIS RIO COLORADO,SAN LUIS RIO COLORADO,"1,000 - 2,000"
2026-10-07,MDA,BCA,07HGO-161,12,1227.88,1232.59,-4.71,0.0,07HGO-161,Hidalgo,BAJA CALIFORNIA,SANLUIS,161.0,VALLE,BAJA CALIFORNIA,SAN LUIS,BAJA CALIFORNIA,26,SONORA,55,SAN LUIS RIO COLORADO,SAN LUIS RIO COLORADO,"1,000 - 2,000"
2026-10-07,MDA,BCA,07HGO-161,13,1187.96,1196.63,-8.67,0.0,07HGO-161,Hidalgo,BAJA CALIFORNIA,SANLUIS,161.0,VALLE,BAJA CALIFORNIA,SAN LUIS,BAJA CALIFORNIA,26,SONORA,55,SAN LUIS RIO COLORADO,SAN LUIS RIO COLORADO,"1,000 - 2,000"
2026-10-07,MDA,BCA,07HGO-161,14,1228.31,1235.33,-7.02,0.0,07HGO-161,Hidalgo,BAJA CALIFORNIA,SANLUIS,161.0,VALLE,BAJA CALIFORNIA,SAN LUIS,BAJA CALIFORNIA,26,SONORA,55,SAN LUIS RIO COLORADO,SAN LUIS RIO COLORADO,"1,000 - 2,000"
2026-10-07,MDA,BCA,07HGO-161,15,1495.37,1497.11,-1.74,0.0,07HGO-161,Hidalgo,BAJA CALIFORNIA,SANLUIS,161.0,VALLE,BAJA CALIFORNIA,SAN LUIS,BAJA CALIFORNIA,26,SONORA,55,SAN LUIS RIO COLORADO,SAN LUIS RIO COLORADO,"1,000 - 2,000"
2026-10-07,MDA,BCA,07HGO-161,16,1490.06,1493.21,-3.15,0.0,07HGO-161,Hidalgo,BAJA CALIFORNIA,SANLUIS,161.0,VALLE,BAJA CALIFORNIA,SAN LUIS,BAJA CALIFORNIA,26,SONORA,55,SAN LUIS RIO COLORADO,SAN LUIS RIO COLORADO,"1,000 - 2,000"
2026-10-07,MDA,BCA,07HGO-161,17,1666.76,1653.66,13.1,0.0,07HGO-161,Hidalgo,BAJA CALIFORNIA,SANLUIS,161.0,VALLE,BAJA CALIFORNIA,SAN LUIS,BAJA CALIFORNIA,26,SONORA,55,SAN LUIS RIO COLORADO,SAN LUIS RIO COLORADO,"1,000 - 2,000"
2026-10-07,MDA,BCA,07HGO-161,18,3524.48,3495.89,28.59,0.0,07HGO-161,Hidalgo,BAJA CALIFORNIA,SANLUIS,161.0,VALLE,BAJA CALIFORNIA,SAN LUIS,BAJA CALIFORNIA,26,SONORA,55,SAN LUIS RIO COLORADO,SAN LUIS RIO COLORADO,"2,000 - 5,000"
2026-10-07,MDA,BCA,07HGO-161,19,3862.13,3815.54,46.58,0.0,07HGO-161,Hidalgo,BAJA CALIFORNIA,SANLUIS,161.0,VALLE,BAJA CALIFORNIA,SAN LUIS,BAJA CALIFORNIA,26,SONORA,55,SAN LUIS RIO COLORADO,SAN LUIS RIO COLORADO,"2,000 - 5,000"
2026-10-07,MDA,BCA,07HGO-161,20,3590.08,3549.1,40.97,0.0,07HGO-161,Hidalgo,BAJA CALIFORNIA,SANLUIS,161.0,VALLE,BAJA CALIFORNIA,SAN LUIS,BAJA CALIFORNIA,26,SONORA,55,SAN LUIS RIO COLORADO,SAN LUIS RIO COLORADO,"2,000 - 5,000"
2026-10-07,MDA,BCA,07HGO-161,21,2805.1,2774.55,30.55,0.0,07HGO-161,Hidalgo,BAJA CALIFORNIA,SANLUIS,161.0,VALLE,BAJA CALIFORNIA,SAN LUIS,BAJA CALIFORNIA,26,SONORA,55,SAN LUIS RIO COLORADO,SAN LUIS RIO COLORADO,"2,000 - 5,000"
2026-10-07,MDA,BCA,07HGO-161,22,2560.17,2532.25,27.92,0.0,07HGO-161,Hidalgo,BAJA CALIFORNIA,SANLUIS,161.0,VALLE,BAJA CALIFORNIA,SAN LUIS,BAJA CALIFORNIA,26,SONORA,55,SAN LUIS RIO COLORADO,SAN LUIS RIO COLORADO,"2,000 - 5,000"
2026-10-07,MDA,BCA,07HGO-161,23,1908.73,1891.38,17.35,0.0,07HGO-161,Hidalgo,BAJA CALIFORNIA,SANLUIS,161.0,VALLE,BAJA CALIFORNIA,SAN LUIS,BAJA CALIFORNIA,26,SONORA,55,SAN LUIS RIO COLORADO,SAN LUIS RIO COLORADO,"1,000 - 2,000"
2026-10-07,MDA,BCA,07HGO-161,24,1263.63,1255.72,7.91,0.0,07HGO-161,Hidalgo,BAJA CALIFORNIA,SANLUIS,161.0,VALLE,BAJA CALIFORNIA,SAN LUIS,BAJA CALIFORNIA,26,SONORA,55,SAN LUIS RIO COLORADO,SAN LUIS RIO COLORADO,"1,000 - 2,000"
2026-10-07,MDA,BCA,07HMO-69,1,1798.74,1767.84,30.9,0.0,07HMO-69,Hipodromo,BAJA CALIFORNIA,TIJUANA,69.0,COSTA,BAJA CALIFORNIA,TIJUANA,BAJA CALIFORNIA,2,BAJA CALIFORNIA,4,TIJUANA,TIJUANA,"1,000 - 2,000"
2026-10-07,MDA,BCA,07HMO-69,2,1174.11,1154.64,19.47,0.0,07HMO-69,Hipodromo,BAJA CALIFORNIA,TIJUANA,69.0,COSTA,BAJA CALIFORNIA,TIJUANA,BAJA CALIFORNIA,2,BAJA CALIFORNIA,4,TIJUANA,TIJUANA,"1,000 - 2,000"
2026-10-07,MDA,BCA,07HMO-69,3,771.01,758.91,12.11,0.0,07HMO-69,Hipodromo,BAJA CALIFORNIA,TIJUANA,69.0,COSTA,BAJA CALIFORNIA,TIJUANA,BAJA CALIFORNIA,2,BAJA CALIFORNIA,4,TIJUANA,TIJUANA,"500 - 1,000"
2026-10-07,MDA,BCA,07HMO-69,4,678.48,668.11,10.37,0.0,07HMO-69,Hipodromo,BAJA CALIFORNIA,TIJUANA,69.0,COSTA,BAJA CALIFORNIA,TIJUANA,BAJA CALIFORNIA,2,BAJA CALIFORNIA,4,TIJUANA,TIJUANA,"500 - 1,000"
2026-10-07,MDA,BCA,07HMO-69,5,679.95,669.64,10.31,0.0,07HMO-69,Hipodromo,BAJA CALIFORNIA,TIJUANA,69.0,COSTA,BAJA CALIFORNIA,TIJUANA,BAJA CALIFORNIA,2,BAJA CALIFORNIA,4,TIJUANA,TIJUANA,"500 - 1,000"
2026-10-07,MDA,BCA,07HMO-69,6,660.91,650.89,10.02,0.0,07HMO-69,Hipodromo,BAJA CALIFORNIA,TIJUANA,69.0,COSTA,BAJA CALIFORNIA,TIJUANA,BAJA CALIFORNIA,2,BAJA CALIFORNIA,4,TIJUANA,TIJUANA,"500 - 1,000"
2026-10-07,MDA,BCA,07HMO-69,7,756.05,744.05,12.0,0.0,07HMO-69,Hipodromo,BAJA CALIFORNIA,TIJUANA,69.0,COSTA,BAJA CALIFORNIA,TIJUANA,BAJA CALIFORNIA,2,BAJA CALIFORNIA,4,TIJUANA,TIJUANA,"500 - 1,000"
2026-10-07,MDA,BCA,07HMO-69,8,777.37,764.19,13.18,0.0,07HMO-69,Hipodromo,BAJA CALIFORNIA,TIJUANA,69.0,COSTA,BAJA CALIFORNIA,TIJUANA,BAJA CALIFORNIA,2,BAJA CALIFORNIA,4,TIJUANA,TIJUANA,"500 - 1,000"
2026-10-07,MDA,BCA,07HMO-69,9,1217.51,1195.72,21.79,0.0,07HMO-69,Hipodromo,BAJA CALIFORNIA,TIJUANA,69.0,COSTA,BAJA CALIFORNIA,TIJUANA,BAJA CALIFORNIA,2,BAJA CALIFORNIA,4,TIJUANA,TIJUANA,"1,000 - 2,000"
2026-10-07,MDA,BCA,07HMO-69,10,1114.44,1093.14,21.3,0.0,07HMO-69,Hipodromo,BAJA CALIFORNIA,TIJUANA,69.0,COSTA,BAJA CALIFORNIA,TIJUANA,BAJA CALIFORNIA,2,BAJA CALIFORNIA,4,TIJUANA,TIJUANA,"1,000 - 2,000"
2026-10-07,MDA,BCA,07HMO-69,11,1231.6,1207.07,24.52,0.0,07HMO-69,Hipodromo,BAJA CALIFORNIA,TIJUANA,69.0,COSTA,BAJA CALIFORNIA,TIJUANA,BAJA CALIFORNIA,2,BAJA CALIFORNIA,4,TIJUANA,TIJUANA,"1,000 - 2,000"
2026-10-07,MDA,BCA,07HMO-69,12,1258.19,1232.59,25.61,0.0,07HMO-69,Hipodromo,BAJA CALIFORNIA,TIJUANA,69.0,COSTA,BAJA CALIFORNIA,TIJUANA,BAJA CALIFORNIA,2,BAJA CALIFORNIA,4,TIJUANA,TIJUANA,"1,000 - 2,000"
2026-10-07,MDA,BCA,07HMO-69,13,1221.84,1196.63,25.21,0.0,07HMO-69,Hipodromo,BAJA CALIFORNIA,TIJUANA,69.0,COSTA,BAJA CALIFORNIA,TIJUANA,BAJA CALIFORNIA,2,BAJA CALIFORNIA,4,TIJUANA,TIJUANA,"1,000 - 2,000"
2026-10-07,MDA,BCA,07HMO-69,14,1261.7,1235.33,26.37,0.0,07HMO-69,Hipodromo,BAJA CALIFORNIA,TIJUANA,69.0,COSTA,BAJA CALIFORNIA,TIJUANA,BAJA CALIFORNIA,2,BAJA CALIFORNIA,4,TIJUANA,TIJUANA,"1,000 - 2,000"
2026-10-07,MDA,BCA,07HMO-69,15,1529.06,1497.11,31.95,0.0,07HMO-69,Hipodromo,BAJA CALIFORNIA,TIJUANA,69.0,COSTA,BAJA CALIFORNIA,TIJUANA,BAJA CALIFORNIA,2,BAJA CALIFORNIA,4,TIJUANA,TIJUANA,"1,000 - 2,000"
2026-10-07,MDA,BCA,07HMO-69,16,1525.32,1493.21,32.11,0.0,07HMO-69,Hipodromo,BAJA CALIFORNIA,TIJUANA,69.0,COSTA,BAJA CALIFORNIA,TIJUANA,BAJA CALIFORNIA,2,BAJA CALIFORNIA,4,TIJUANA,TIJUANA,"1,000 - 2,000"
2026-10-07,MDA,BCA,07HMO-69,17,1689.05,1653.66,35.39,0.0,07HMO-69,Hipodromo,BAJA CALIFORNIA,TIJUANA,69.0,COSTA,BAJA CALIFORNIA,TIJUANA,BAJA CALIFORNIA,2,BAJA CALIFORNIA,4,TIJUANA,TIJUANA,"1,000 - 2,000"
2026-10-07,MDA,BCA,07HMO-69,18,3569.37,3495.89,73.48,0.0,07HMO-69,Hipodromo,BAJA CALIFORNIA,TIJUANA,69.0,COSTA,BAJA CALIFORNIA,TIJUANA,BAJA CALIFORNIA,2,BAJA CALIFORNIA,4,TIJUANA,TIJUANA,"2,000 - 5,000"
2026-10-07,MDA,BCA,07HMO-69,19,3894.2,3815.54,78.65,0.0,07HMO-69,Hipodromo,BAJA CALIFORNIA,TIJUANA,69.0,COSTA,BAJA CALIFORNIA,TIJUANA,BAJA CALIFORNIA,2,BAJA CALIFORNIA,4,TIJUANA,TIJUANA,"2,000 - 5,000"
2026-10-07,MDA,BCA,07HMO-69,20,3621.7,3549.1,72.6,0.0,07HMO-69,Hipodromo,BAJA CALIFORNIA,TIJUANA,69.0,COSTA,BAJA CALIFORNIA,TIJUANA,BAJA CALIFORNIA,2,BAJA CALIFORNIA,4,TIJUANA,TIJUANA,"2,000 - 5,000"
2026-10-07,MDA,BCA,07HMO-69,21,2830.18,2774.55,55.63,0.0,07HMO-69,Hipodromo,BAJA CALIFORNIA,TIJUANA,69.0,COSTA,BAJA CALIFORNIA,TIJUANA,BAJA CALIFORNIA,2,BAJA CALIFORNIA,4,TIJUANA,TIJUANA,"2,000 - 5,000"
2026-10-07,MDA,BCA,07HMO-69,22,2581.85,2532.25,49.59,0.0,07HMO-69,Hipodromo,BAJA CALIFORNIA,TIJUANA,69.0,COSTA,BAJA CALIFORNIA,TIJUANA,BAJA CALIFORNIA,2,BAJA CALIFORNIA,4,TIJUANA,TIJUANA,"2,000 - 5,000"
2026-10-07,MDA,BCA,07HMO-69,23,1927.27,1891.38,35.9,0.0,07HMO-69,Hipodromo,BAJA CALIFORNIA,TIJUANA,69.0,COSTA,BAJA CALIFORNIA,TIJUANA,BAJA CALIFORNIA,2,BAJA CALIFORNIA,4,TIJUANA,TIJUANA,"1,000 - 2,000"
2026-10-07,MDA,BCA,07HMO-69,24,1278.27,1255.72,22.56,0.0,07HMO-69,Hipodromo,BAJA CALIFORNIA,TIJUANA,69.0,COSTA,BAJA CALIFORNIA,TIJUANA,BAJA CALIFORNIA,2,BAJA CALIFORNIA,4,TIJUANA,TIJUANA,"1,000 - 2,000"
2026-10-07,MDA,BCA,07HRA-69,1,1779.97,1767.84,12.13,0.0,07HRA-69,Herradura,BAJA CALIFORNIA,TIJUANA,69.0,COSTA,BAJA CALIFORNIA,TIJUANA,BAJA CALIFORNIA,2,BAJA CALIFORNIA,4,TIJUANA,TIJUANA,"1,000 - 2,000"
2026-10-07,MDA,BCA,07HRA-69,2,1162.51,1154.64,7.88,0.0,07HRA-69,Herradura,BAJA CALIFORNIA,TIJUANA,69.0,COSTA,BAJA CALIFORNIA,TIJUANA,BAJA CALIFORNIA,2,BAJA CALIFORNIA,4,TIJUANA,TIJUANA,"1,000 - 2,000"
2026-10-07,MDA,BCA,07HRA-69,3,763.46,758.91,4.55,0.0,07HRA-69,Herradura,BAJA CALIFORNIA,TIJUANA,69.0,COSTA,BAJA CALIFORNIA,TIJUANA,BAJA CALIFORNIA,2,BAJA CALIFORNIA,4,TIJUANA,TIJUANA,"500 - 1,000"
2026-10-07,MDA,BCA,07HRA-69,4,672.15,668.11,4.04,0.0,07HRA-69,Herradura,BAJA CALIFORNIA,TIJUANA,69.0,COSTA,BAJA CALIFORNIA,TIJUANA,BAJA CALIFORNIA,2,BAJA CALIFORNIA,4,TIJUANA,TIJUANA,"500 - 1,000"
2026-10-07,MDA,BCA,07HRA-69,5,673.8,669.64,4.16,0.0,07HRA-69,Herradura,BAJA CALIFORNIA,TIJUANA,69.0,COSTA,BAJA CALIFORNIA,TIJUANA,BAJA CALIFORNIA,2,BAJA CALIFORNIA,4,TIJUANA,TIJUANA,"500 - 1,000"
2026-10-07,MDA,BCA,07HRA-69,6,654.89,650.89,4.0,0.0,07HRA-69,Herradura,BAJA CALIFORNIA,TIJUANA,69.0,COSTA,BAJA CALIFORNIA,TIJUANA,BAJA CALIFORNIA,2,BAJA CALIFORNIA,4,TIJUANA,TIJUANA,"500 - 1,000"
2026-10-07,MDA,BCA,07HRA-69,7,748.19,744.05,4.14,0.0,07HRA-69,Herradura,BAJA CALIFORNIA,TIJUANA,69.0,COSTA,BAJA CALIFORNIA,TIJUANA,BAJA CALIFORNIA,2,BAJA CALIFORNIA,4,TIJUANA,TIJUANA,"500 - 1,000"
2026-10-07,MDA,BCA,07HRA-69,8,768.31,764.19,4.12,0.0,07HRA-69,Herradura,BAJA CALIFORNIA,TIJUANA,69.0,COSTA,BAJA CALIFORNIA,TIJUANA,BAJA CALIFORNIA,2,BAJA CALIFORNIA,4,TIJUANA,TIJUANA,"500 - 1,000"
2026-10-07,MDA,BCA,07HRA-69,9,1201.45,1195.72,5.73,0.0,07HRA-69,Herradura,BAJA CALIFORNIA,TIJUANA,69.0,COSTA,BAJA CALIFORNIA,TIJUANA,BAJA CALIFORNIA,2,BAJA CALIFORNIA,4,TIJUANA,TIJUANA,"1,000 - 2,000"
2026-10-07,MDA,BCA,07HRA-69,10,1098.58,1093.14,5.45,0.0,07HRA-69,Herradura,BAJA CALIFORNIA,TIJUANA,69.0,COSTA,BAJA CALIFORNIA,TIJUANA,BAJA CALIFORNIA,2,BAJA CALIFORNIA,4,TIJUANA,TIJUANA,"1,000 - 2,000"
2026-10-07,MDA,BCA,07HRA-69,11,1213.52,1207.07,6.45,0.0,07HRA-69,Herradura,BAJA CALIFORNIA,TIJUANA,69.0,COSTA,BAJA CALIFORNIA,TIJUANA,BAJA CALIFORNIA,2,BAJA CALIFORNIA,4,TIJUANA,TIJUANA,"1,000 - 2,000"
2026-10-07,MDA,BCA,07HRA-69,12,1238.86,1232.59,6.27,0.0,07HRA-69,Herradura,BAJA CALIFORNIA,TIJUANA,69.0,COSTA,BAJA CALIFORNIA,TIJUANA,BAJA CALIFORNIA,2,BAJA CALIFORNIA,4,TIJUANA,TIJUANA,"1,000 - 2,000"
2026-10-07,MDA,BCA,07HRA-69,13,1202.31,1196.63,5.68,0.0,07HRA-69,Herradura,BAJA CALIFORNIA,TIJUANA,69.0,COSTA,BAJA CALIFORNIA,TIJUANA,BAJA CALIFORNIA,2,BAJA CALIFORNIA,4,TIJUANA,TIJUANA,"1,000 - 2,000"
2026-10-07,MDA,BCA,07HRA-69,14,1241.38,1235.33,6.05,0.0,07HRA-69,Herradura,BAJA CALIFORNIA,TIJUANA,69.0,COSTA,BAJA CALIFORNIA,TIJUANA,BAJA CALIFORNIA,2,BAJA CALIFORNIA,4,TIJUANA,TIJUANA,"1,000 - 2,000"
2026-10-07,MDA,BCA,07HRA-69,15,1504.41,1497.11,7.3,0.0,07HRA-69,Herradura,BAJA CALIFORNIA,TIJUANA,69.0,COSTA,BAJA CALIFORNIA,TIJUANA,BAJA CALIFORNIA,2,BAJA CALIFORNIA,4,TIJUANA,TIJUANA,"1,000 - 2,000"
2026-10-07,MDA,BCA,07HRA-69,16,1501.12,1493.21,7.91,0.0,07HRA-69,Herradura,BAJA CALIFORNIA,TIJUANA,69.0,COSTA,BAJA CALIFORNIA,TIJUANA,BAJA CALIFORNIA,2,BAJA CALIFORNIA,4,TIJUANA,TIJUANA,"1,000 - 2,000"
2026-10-07,MDA,BCA,07HRA-69,17,1662.8,1653.66,9.14,0.0,07HRA-69,Herradura,BAJA CALIFORNIA,TIJUANA,69.0,COSTA,BAJA CALIFORNIA,TIJUANA,BAJA CALIFORNIA,2,BAJA CALIFORNIA,4,TIJUANA,TIJUANA,"1,000 - 2,000"
2026-10-07,MDA,BCA,07HRA-69,18,3516.93,3495.89,21.04,0.0,07HRA-69,Herradura,BAJA CALIFORNIA,TIJUANA,69.0,COSTA,BAJA CALIFORNIA,TIJUANA,BAJA CALIFORNIA,2,BAJA CALIFORNIA,4,TIJUANA,TIJUANA,"2,000 - 5,000"
2026-10-07,MDA,BCA,07HRA-69,19,3840.82,3815.54,25.27,0.0,07HRA-69,Herradura,BAJA CALIFORNIA,TIJUANA,69.0,COSTA,BAJA CALIFORNIA,TIJUANA,BAJA CALIFORNIA,2,BAJA CALIFORNIA,4,TIJUANA,TIJUANA,"2,000 - 5,000"
2026-10-07,MDA,BCA,07HRA-69,20,3572.67,3549.1,23.56,0.0,07HRA-69,Herradura,BAJA CALIFORNIA,TIJUANA,69.0,COSTA,BAJA CALIFORNIA,TIJUANA,BAJA CALIFORNIA,2,BAJA CALIFORNIA,4,TIJUANA,TIJUANA,"2,000 - 5,000"
2026-10-07,MDA,BCA,07HRA-69,21,2792.35,2774.55,17.8,0.0,07HRA-69,Herradura,BAJA CALIFORNIA,TIJUANA,69.0,COSTA,BAJA CALIFORNIA,TIJUANA,BAJA CALIFORNIA,2,BAJA CALIFORNIA,4,TIJUANA,TIJUANA,"2,000 - 5,000"
2026-10-07,MDA,BCA,07HRA-69,22,2549.44,2532.25,17.19,0.0,07HRA-69,Herradura,BAJA CALIFORNIA,TIJUANA,69.0,COSTA,BAJA CALIFORNIA,TIJUANA,BAJA CALIFORNIA,2,BAJA CALIFORNIA,4,TIJUANA,TIJUANA,"2,000 - 5,000"
2026-10-07,MDA,BCA,07HRA-69,23,1904.95,1891.38,13.57,0.0,07HRA-69,Herradura,BAJA CALIFORNIA,TIJUANA,69.0,COSTA,BAJA CALIFORNIA,TIJUANA,BAJA CALIFORNIA,2,BAJA CALIFORNIA,4,TIJUANA,TIJUANA,"1,000 - 2,000"
2026-10-07,MDA,BCA,07HRA-69,24,1264.19,1255.72,8.47,0.0,07HRA-69,Herradura,BAJA CALIFORNIA,TIJUANA,69.0,COSTA,BAJA CALIFORNIA,TIJUANA,BAJA CALIFORNIA,2,BAJA CALIFORNIA,4,TIJUANA,TIJUANA,"1,000 - 2,000"
2026-10-07,MDA,BCA,07HUN-69,1,1788.26,1767.84,20.42,0.0,07HUN-69,Hunter,BAJA CALIFORNIA,TIJUANA,69.0,COSTA,BAJA CALIFORNIA,TIJUANA,BAJA CALIFORNIA,2,BAJA CALIFORNIA,4,TIJUANA,TIJUANA,"1,000 - 2,000"
2026-10-07,MDA,BCA,07HUN-69,2,1167.61,1154.64,12.97,0.0,07HUN-69,Hunter,BAJA CALIFORNIA,TIJUANA,69.0,COSTA,BAJA CALIFORNIA,TIJUANA,BAJA CALIFORNIA,2,BAJA CALIFORNIA,4,TIJUANA,TIJUANA,"1,000 - 2,000"
2026-10-07,MDA,BCA,07HUN-69,3,766.95,758.91,8.05,0.0,07HUN-69,Hunter,BAJA CALIFORNIA,TIJUANA,69.0,COSTA,BAJA CALIFORNIA,TIJUANA,BAJA CALIFORNIA,2,BAJA CALIFORNIA,4,TIJUANA,TIJUANA,"500 - 1,000"
2026-10-07,MDA,BCA,07HUN-69,4,675.05,668.11,6.94,0.0,07HUN-69,Hunter,BAJA CALIFORNIA,TIJUANA,69.0,COSTA,BAJA CALIFORNIA,TIJUANA,BAJA CALIFORNIA,2,BAJA CALIFORNIA,4,TIJUANA,TIJUANA,"500 - 1,000"
2026-10-07,MDA,BCA,07HUN-69,5,676.57,669.64,6.93,0.0,07HUN-69,Hunter,BAJA CALIFORNIA,TIJUANA,69.0,COSTA,BAJA CALIFORNIA,TIJUANA,BAJA CALIFORNIA,2,BAJA CALIFORNIA,4,TIJUANA,TIJUANA,"500 - 1,000"
2026-10-07,MDA,BCA,07HUN-69,6,657.64,650.89,6.74,0.0,07HUN-69,Hunter,BAJA CALIFORNIA,TIJUANA,69.0,COSTA,BAJA CALIFORNIA,TIJUANA,BAJA CALIFORNIA,2,BAJA CALIFORNIA,4,TIJUANA,TIJUANA,"500 - 1,000"
2026-10-07,MDA,BCA,07HUN-69,7,752.08,744.05,8.03,0.0,07HUN-69,Hunter,BAJA CALIFORNIA,TIJUANA,69.0,COSTA,BAJA CALIFORNIA,TIJUANA,BAJA CALIFORNIA,2,BAJA CALIFORNIA,4,TIJUANA,TIJUANA,"500 - 1,000"
2026-10-07,MDA,BCA,07HUN-69,8,772.97,764.19,8.78,0.0,07HUN-69,Hunter,BAJA CALIFORNIA,TIJUANA,69.0,COSTA,BAJA CALIFORNIA,TIJUANA,BAJA CALIFORNIA,2,BAJA CALIFORNIA,4,TIJUANA,TIJUANA,"500 - 1,000"
2026-10-07,MDA,BCA,07HUN-69,9,1209.88,1195.72,14.16,0.0,07HUN-69,Hunter,BAJA CALIFORNIA,TIJUANA,69.0,COSTA,BAJA CALIFORNIA,TIJUANA,BAJA CALIFORNIA,2,BAJA CALIFORNIA,4,TIJUANA,TIJUANA,"1,000 - 2,000"
2026-10-07,MDA,BCA,07HUN-69,10,1106.81,1093.14,13.67,0.0,07HUN-69,Hunter,BAJA CALIFORNIA,TIJUANA,69.0,COSTA,BAJA CALIFORNIA,TIJUANA,BAJA CALIFORNIA,2,BAJA CALIFORNIA,4,TIJUANA,TIJUANA,"1,000 - 2,000"
2026-10-07,MDA,BCA,07HUN-69,11,1222.63,1207.07,15.55,0.0,07HUN-69,Hunter,BAJA CALIFORNIA,TIJUANA,69.0,COSTA,BAJA CALIFORNIA,TIJUANA,BAJA CALIFORNIA,2,BAJA CALIFORNIA,4,TIJUANA,TIJUANA,"1,000 - 2,000"
2026-10-07,MDA,BCA,07HUN-69,12,1248.75,1232.59,16.16,0.0,07HUN-69,Hunter,BAJA CALIFORNIA,TIJUANA,69.0,COSTA,BAJA CALIFORNIA,TIJUANA,BAJA CALIFORNIA,2,BAJA CALIFORNIA,4,TIJUANA,TIJUANA,"1,000 - 2,000"
2026-10-07,MDA,BCA,07HUN-69,13,1212.47,1196.63,15.85,0.0,07HUN-69,Hunter,BAJA CALIFORNIA,TIJUANA,69.0,COSTA,BAJA CALIFORNIA,TIJUANA,BAJA CALIFORNIA,2,BAJA CALIFORNIA,4,TIJUANA,TIJUANA,"1,000 - 2,000"
2026-10-07,MDA,BCA,07HUN-69,14,1251.96,1235.33,16.63,0.0,07HUN-69,Hunter,BAJA CALIFORNIA,TIJUANA,69.0,COSTA,BAJA CALIFORNIA,TIJUANA,BAJA CALIFORNIA,2,BAJA CALIFORNIA,4,TIJUANA,TIJUANA,"1,000 - 2,000"
2026-10-07,MDA,BCA,07HUN-69,15,1517.23,1497.11,20.12,0.0,07HUN-69,Hunter,BAJA CALIFORNIA,TIJUANA,69.0,COSTA,BAJA CALIFORNIA,TIJUANA,BAJA CALIFORNIA,2,BAJA CALIFORNIA,4,TIJUANA,TIJUANA,"1,000 - 2,000"
2026-10-07,MDA,BCA,07HUN-69,16,1513.61,1493.21,20.4,0.0,07HUN-69,Hunter,BAJA CALIFORNIA,TIJUANA,69.0,COSTA,BAJA CALIFORNIA,TIJUANA,BAJA CALIFORNIA,2,BAJA CALIFORNIA,4,TIJUANA,TIJUANA,"1,000 - 2,000"
2026-10-07,MDA,BCA,07HUN-69,17,1675.98,1653.66,22.32,0.0,07HUN-69,Hunter,BAJA CALIFORNIA,TIJUANA,69.0,COSTA,BAJA CALIFORNIA,TIJUANA,BAJA CALIFORNIA,2,BAJA CALIFORNIA,4,TIJUANA,TIJUANA,"1,000 - 2,000"
2026-10-07,MDA,BCA,07HUN-69,18,3542.05,3495.89,46.16,0.0,07HUN-69,Hunter,BAJA CALIFORNIA,TIJUANA,69.0,COSTA,BAJA CALIFORNIA,TIJUANA,BAJA CALIFORNIA,2,BAJA CALIFORNIA,4,TIJUANA,TIJUANA,"2,000 - 5,000"
2026-10-07,MDA,BCA,07HUN-69,19,3865.05,3815.54,49.51,0.0,07HUN-69,Hunter,BAJA CALIFORNIA,TIJUANA,69.0,COSTA,BAJA CALIFORNIA,TIJUANA,BAJA CALIFORNIA,2,BAJA CALIFORNIA,4,TIJUANA,TIJUANA,"2,000 - 5,000"
2026-10-07,MDA,BCA,07HUN-69,20,3594.69,3549.1,45.59,0.0,07HUN-69,Hunter,BAJA CALIFORNIA,TIJUANA,69.0,COSTA,BAJA CALIFORNIA,TIJUANA,BAJA CALIFORNIA,2,BAJA CALIFORNIA,4,TIJUANA,TIJUANA,"2,000 - 5,000"
2026-10-07,MDA,BCA,07HUN-69,21,2809.68,2774.55,35.13,0.0,07HUN-69,Hunter,BAJA CALIFORNIA,TIJUANA,69.0,COSTA,BAJA CALIFORNIA,TIJUANA,BAJA CALIFORNIA,2,BAJA CALIFORNIA,4,TIJUANA,TIJUANA,"2,000 - 5,000"
2026-10-07,MDA,BCA,07HUN-69,22,2564.07,2532.25,31.82,0.0,07HUN-69,Hunter,BAJA CALIFORNIA,TIJUANA,69.0,COSTA,BAJA CALIFORNIA,TIJUANA,BAJA CALIFORNIA,2,BAJA CALIFORNIA,4,TIJUANA,TIJUANA,"2,000 - 5,000"
2026-10-07,MDA,BCA,07HUN-69,23,1914.85,1891.38,23.48,0.0,07HUN-69,Hunter,BAJA CALIFORNIA,TIJUANA,69.0,COSTA,BAJA CALIFORNIA,TIJUANA,BAJA CALIFORNIA,2,BAJA CALIFORNIA,4,TIJUANA,TIJUANA,"1,000 - 2,000"
2026-10-07,MDA,BCA,07HUN-69,24,1270.62,1255.72,14.9,0.0,07HUN-69,Hunter,BAJA CALIFORNIA,TIJUANA,69.0,COSTA,BAJA CALIFORNIA,TIJUANA,BAJA CALIFORNIA,2,BAJA CALIFORNIA,4,TIJUANA,TIJUANA,"1,000 - 2,000"
2026-10-07,MDA,BCA,07INA-69,1,1793.09,1767.84,25.26,0.0,07INA-69,Industrial,BAJA CALIFORNIA,TIJUANA,69.0,COSTA,BAJA CALIFORNIA,TIJUANA,BAJA CALIFORNIA,2,BAJA CALIFORNIA,4,TIJUANA,TIJUANA,"1,000 - 2,000"
2026-10-07,MDA,BCA,07INA-69,2,1170.84,1154.64,16.2,0.0,07INA-69,Industrial,BAJA CALIFORNIA,TIJUANA,69.0,COSTA,BAJA CALIFORNIA,TIJUANA,BAJA CALIFORNIA,2,BAJA CALIFORNIA,4,TIJUANA,TIJUANA,"1,000 - 2,000"
2026-10-07,MDA,BCA,07INA-69,3,768.93,758.91,10.02,0.0,07INA-69,Industrial,BAJA CALIFORNIA,TIJUANA,69.0,COSTA,BAJA CALIFORNIA,TIJUANA,BAJA CALIFORNIA,2,BAJA CALIFORNIA,4,TIJUANA,TIJUANA,"500 - 1,000"
2026-10-07,MDA,BCA,07INA-69,4,676.8,668.11,8.69,0.0,07INA-69,Industrial,BAJA CALIFORNIA,TIJUANA,69.0,COSTA,BAJA CALIFORNIA,TIJUANA,BAJA CALIFORNIA,2,BAJA CALIFORNIA,4,TIJUANA,TIJUANA,"500 - 1,000"
2026-10-07,MDA,BCA,07INA-69,5,678.33,669.64,8.69,0.0,07INA-69,Industrial,BAJA CALIFORNIA,TIJUANA,69.0,COSTA,BAJA CALIFORNIA,TIJUANA,BAJA CALIFORNIA,2,BAJA CALIFORNIA,4,TIJUANA,TIJUANA,"500 - 1,000"
2026-10-07,MDA,BCA,07INA-69,6,659.33,650.89,8.43,0.0,07INA-69,Industrial,BAJA CALIFORNIA,TIJUANA,69.0,COSTA,BAJA CALIFORNIA,TIJUANA,BAJA CALIFORNIA,2,BAJA CALIFORNIA,4,TIJUANA,TIJUANA,"500 - 1,000"
2026-10-07,MDA,BCA,07INA-69,7,754.09,744.05,10.04,0.0,07INA-69,Industrial,BAJA CALIFORNIA,TIJUANA,69.0,COSTA,BAJA CALIFORNIA,TIJUANA,BAJA CALIFORNIA,2,BAJA CALIFORNIA,4,TIJUANA,TIJUANA,"500 - 1,000"
2026-10-07,MDA,BCA,07INA-69,8,775.23,764.19,11.04,0.0,07INA-69,Industrial,BAJA CALIFORNIA,TIJUANA,69.0,COSTA,BAJA CALIFORNIA,TIJUANA,BAJA CALIFORNIA,2,BAJA CALIFORNIA,4,TIJUANA,TIJUANA,"500 - 1,000"
2026-10-07,MDA,BCA,07INA-69,9,1213.45,1195.72,17.73,0.0,07INA-69,Industrial,BAJA CALIFORNIA,TIJUANA,69.0,COSTA,BAJA CALIFORNIA,TIJUANA,BAJA CALIFORNIA,2,BAJA CALIFORNIA,4,TIJUANA,TIJUANA,"1,000 - 2,000"
2026-10-07,MDA,BCA,07INA-69,10,1110.23,1093.14,17.09,0.0,07INA-69,Industrial,BAJA CALIFORNIA,TIJUANA,69.0,COSTA,BAJA CALIFORNIA,TIJUANA,BAJA CALIFORNIA,2,BAJA CALIFORNIA,4,TIJUANA,TIJUANA,"1,000 - 2,000"
2026-10-07,MDA,BCA,07INA-69,11,1226.38,1207.07,19.31,0.0,07INA-69,Industrial,BAJA CALIFORNIA,TIJUANA,69.0,COSTA,BAJA CALIFORNIA,TIJUANA,BAJA CALIFORNIA,2,BAJA CALIFORNIA,4,TIJUANA,TIJUANA,"1,000 - 2,000"
2026-10-07,MDA,BCA,07INA-69,12,1252.38,1232.59,19.79,0.0,07INA-69,Industrial,BAJA CALIFORNIA,TIJUANA,69.0,COSTA,BAJA CALIFORNIA,TIJUANA,BAJA CALIFORNIA,2,BAJA CALIFORNIA,4,TIJUANA,TIJUANA,"1,000 - 2,000"
2026-10-07,MDA,BCA,07INA-69,13,1215.92,1196.63,19.3,0.0,07INA-69,Industrial,BAJA CALIFORNIA,TIJUANA,69.0,COSTA,BAJA CALIFORNIA,TIJUANA,BAJA CALIFORNIA,2,BAJA CALIFORNIA,4,TIJUANA,TIJUANA,"1,000 - 2,000"
2026-10-07,MDA,BCA,07INA-69,14,1255.29,1235.33,19.96,0.0,07INA-69,Industrial,BAJA CALIFORNIA,TIJUANA,69.0,COSTA,BAJA CALIFORNIA,TIJUANA,BAJA CALIFORNIA,2,BAJA CALIFORNIA,4,TIJUANA,TIJUANA,"1,000 - 2,000"
2026-10-07,MDA,BCA,07INA-69,15,1520.8,1497.11,23.69,0.0,07INA-69,Industrial,BAJA CALIFORNIA,TIJUANA,69.0,COSTA,BAJA CALIFORNIA,TIJUANA,BAJA CALIFORNIA,2,BAJA CALIFORNIA,4,TIJUANA,TIJUANA,"1,000 - 2,000"
2026-10-07,MDA,BCA,07INA-69,16,1517.3,1493.21,24.09,0.0,07INA-69,Industrial,BAJA CALIFORNIA,TIJUANA,69.0,COSTA,BAJA CALIFORNIA,TIJUANA,BAJA CALIFORNIA,2,BAJA CALIFORNIA,4,TIJUANA,TIJUANA,"1,000 - 2,000"
2026-10-07,MDA,BCA,07INA-69,17,1679.82,1653.66,26.16,0.0,07INA-69,Industrial,BAJA CALIFORNIA,TIJUANA,69.0,COSTA,BAJA CALIFORNIA,TIJUANA,BAJA CALIFORNIA,2,BAJA CALIFORNIA,4,TIJUANA,TIJUANA,"1,000 - 2,000"
2026-10-07,MDA,BCA,07INA-69,18,3550.41,3495.89,54.52,0.0,07INA-69,Industrial,BAJA CALIFORNIA,TIJUANA,69.0,COSTA,BAJA CALIFORNIA,TIJUANA,BAJA CALIFORNIA,2,BAJA CALIFORNIA,4,TIJUANA,TIJUANA,"2,000 - 5,000"
2026-10-07,MDA,BCA,07INA-69,19,3874.51,3815.54,58.97,0.0,07INA-69,Industrial,BAJA CALIFORNIA,TIJUANA,69.0,COSTA,BAJA CALIFORNIA,TIJUANA,BAJA CALIFORNIA,2,BAJA CALIFORNIA,4,TIJUANA,TIJUANA,"2,000 - 5,000"
2026-10-07,MDA,BCA,07INA-69,20,3603.47,3549.1,54.37,0.0,07INA-69,Industrial,BAJA CALIFORNIA,TIJUANA,69.0,COSTA,BAJA CALIFORNIA,TIJUANA,BAJA CALIFORNIA,2,BAJA CALIFORNIA,4,TIJUANA,TIJUANA,"2,000 - 5,000"
2026-10-07,MDA,BCA,07INA-69,21,2816.36,2774.55,41.81,0.0,07INA-69,Industrial,BAJA CALIFORNIA,TIJUANA,69.0,COSTA,BAJA CALIFORNIA,TIJUANA,BAJA CALIFORNIA,2,BAJA CALIFORNIA,4,TIJUANA,TIJUANA,"2,000 - 5,000"
2026-10-07,MDA,BCA,07INA-69,22,2570.06,2532.25,37.81,0.0,07INA-69,Industrial,BAJA CALIFORNIA,TIJUANA,69.0,COSTA,BAJA CALIFORNIA,TIJUANA,BAJA CALIFORNIA,2,BAJA CALIFORNIA,4,TIJUANA,TIJUANA,"2,000 - 5,000"
2026-10-07,MDA,BCA,07INA-69,23,1919.71,1891.38,28.33,0.0,07INA-69,Industrial,BAJA CALIFORNIA,TIJUANA,69.0,COSTA,BAJA CALIFORNIA,TIJUANA,BAJA CALIFORNIA,2,BAJA CALIFORNIA,4,TIJUANA,TIJUANA,"1,000 - 2,000"
2026-10-07,MDA,BCA,07INA-69,24,1274.01,1255.72,18.29,0.0,07INA-69,Industrial,BAJA CALIFORNIA,TIJUANA,69.0,COSTA,BAJA CALIFORNIA,TIJUANA,BAJA CALIFORNIA,2,BAJA CALIFORNIA,4,TIJUANA,TIJUANA,"1,000 - 2,000"
2026-10-07,MDA,BCA,07IOP-69,1,1786.52,1767.84,18.68,0.0,07IOP-69,P. I. Otay Matamoros,BAJA CALIFORNIA,TIJUANA,69.0,COSTA,BAJA CALIFORNIA,TIJUANA,BAJA CALIFORNIA,2,BAJA CALIFORNIA,4,TIJUANA,TIJUANA,"1,000 - 2,000"
2026-10-07,MDA,BCA,07IOP-69,2,1166.75,1154.64,12.12,0.0,07IOP-69,P. I. Otay Matamoros,BAJA CALIFORNIA,TIJUANA,69.0,COSTA,BAJA CALIFORNIA,TIJUANA,BAJA CALIFORNIA,2,BAJA CALIFORNIA,4,TIJUANA,TIJUANA,"1,000 - 2,000"
2026-10-07,MDA,BCA,07IOP-69,3,766.35,758.91,7.44,0.0,07IOP-69,P. I. Otay Matamoros,BAJA CALIFORNIA,TIJUANA,69.0,COSTA,BAJA CALIFORNIA,TIJUANA,BAJA CALIFORNIA,2,BAJA CALIFORNIA,4,TIJUANA,TIJUANA,"500 - 1,000"
2026-10-07,MDA,BCA,07IOP-69,4,674.6,668.11,6.49,0.0,07IOP-69,P. I. Otay Matamoros,BAJA CALIFORNIA,TIJUANA,69.0,COSTA,BAJA CALIFORNIA,TIJUANA,BAJA CALIFORNIA,2,BAJA CALIFORNIA,4,TIJUANA,TIJUANA,"500 - 1,000"
2026-10-07,MDA,BCA,07IOP-69,5,676.17,669.64,6.53,0.0,07IOP-69,P. I. Otay Matamoros,BAJA CALIFORNIA,TIJUANA,69.0,COSTA,BAJA CALIFORNIA,TIJUANA,BAJA CALIFORNIA,2,BAJA CALIFORNIA,4,TIJUANA,TIJUANA,"500 - 1,000"
2026-10-07,MDA,BCA,07IOP-69,6,657.21,650.89,6.31,0.0,07IOP-69,P. I. Otay Matamoros,BAJA CALIFORNIA,TIJUANA,69.0,COSTA,BAJA CALIFORNIA,TIJUANA,BAJA CALIFORNIA,2,BAJA CALIFORNIA,4,TIJUANA,TIJUANA,"500 - 1,000"
2026-10-07,MDA,BCA,07IOP-69,7,751.41,744.05,7.36,0.0,07IOP-69,P. I. Otay Matamoros,BAJA CALIFORNIA,TIJUANA,69.0,COSTA,BAJA CALIFORNIA,TIJUANA,BAJA CALIFORNIA,2,BAJA CALIFORNIA,4,TIJUANA,TIJUANA,"500 - 1,000"
2026-10-07,MDA,BCA,07IOP-69,8,772.17,764.19,7.98,0.0,07IOP-69,P. I. Otay Matamoros,BAJA CALIFORNIA,TIJUANA,69.0,COSTA,BAJA CALIFORNIA,TIJUANA,BAJA CALIFORNIA,2,BAJA CALIFORNIA,4,TIJUANA,TIJUANA,"500 - 1,000"
2026-10-07,MDA,BCA,07IOP-69,9,1208.24,1195.72,12.53,0.0,07IOP-69,P. I. Otay Matamoros,BAJA CALIFORNIA,TIJUANA,69.0,COSTA,BAJA CALIFORNIA,TIJUANA,BAJA CALIFORNIA,2,BAJA CALIFORNIA,4,TIJUANA,TIJUANA,"1,000 - 2,000"
2026-10-07,MDA,BCA,07IOP-69,10,1105.18,1093.14,12.04,0.0,07IOP-69,P. I. Otay Matamoros,BAJA CALIFORNIA,TIJUANA,69.0,COSTA,BAJA CALIFORNIA,TIJUANA,BAJA CALIFORNIA,2,BAJA CALIFORNIA,4,TIJUANA,TIJUANA,"1,000 - 2,000"
2026-10-07,MDA,BCA,07IOP-69,11,1220.45,1207.07,13.38,0.0,07IOP-69,P. I. Otay Matamoros,BAJA CALIFORNIA,TIJUANA,69.0,COSTA,BAJA CALIFORNIA,TIJUANA,BAJA CALIFORNIA,2,BAJA CALIFORNIA,4,TIJUANA,TIJUANA,"1,000 - 2,000"
2026-10-07,MDA,BCA,07IOP-69,12,1246.18,1232.59,13.59,0.0,07IOP-69,P. I. Otay Matamoros,BAJA CALIFORNIA,TIJUANA,69.0,COSTA,BAJA CALIFORNIA,TIJUANA,BAJA CALIFORNIA,2,BAJA CALIFORNIA,4,TIJUANA,TIJUANA,"1,000 - 2,000"
2026-10-07,MDA,BCA,07IOP-69,13,1209.81,1196.63,13.18,0.0,07IOP-69,P. I. Otay Matamoros,BAJA CALIFORNIA,TIJUANA,69.0,COSTA,BAJA CALIFORNIA,TIJUANA,BAJA CALIFORNIA,2,BAJA CALIFORNIA,4,TIJUANA,TIJUANA,"1,000 - 2,000"
2026-10-07,MDA,BCA,07IOP-69,14,1248.92,1235.33,13.59,0.0,07IOP-69,P. I. Otay Matamoros,BAJA CALIFORNIA,TIJUANA,69.0,COSTA,BAJA CALIFORNIA,TIJUANA,BAJA CALIFORNIA,2,BAJA CALIFORNIA,4,TIJUANA,TIJUANA,"1,000 - 2,000"
2026-10-07,MDA,BCA,07IOP-69,15,1513.0,1497.11,15.88,0.0,07IOP-69,P. I. Otay Matamoros,BAJA CALIFORNIA,TIJUANA,69.0,COSTA,BAJA CALIFORNIA,TIJUANA,BAJA CALIFORNIA,2,BAJA CALIFORNIA,4,TIJUANA,TIJUANA,"1,000 - 2,000"
2026-10-07,MDA,BCA,07IOP-69,16,1509.63,1493.21,16.42,0.0,07IOP-69,P. I. Otay Matamoros,BAJA CALIFORNIA,TIJUANA,69.0,COSTA,BAJA CALIFORNIA,TIJUANA,BAJA CALIFORNIA,2,BAJA CALIFORNIA,4,TIJUANA,TIJUANA,"1,000 - 2,000"
2026-10-07,MDA,BCA,07IOP-69,17,1671.46,1653.66,17.8,0.0,07IOP-69,P. I. Otay Matamoros,BAJA CALIFORNIA,TIJUANA,69.0,COSTA,BAJA CALIFORNIA,TIJUANA,BAJA CALIFORNIA,2,BAJA CALIFORNIA,4,TIJUANA,TIJUANA,"1,000 - 2,000"
2026-10-07,MDA,BCA,07IOP-69,18,3533.43,3495.89,37.54,0.0,07IOP-69,P. I. Otay Matamoros,BAJA CALIFORNIA,TIJUANA,69.0,COSTA,BAJA CALIFORNIA,TIJUANA,BAJA CALIFORNIA,2,BAJA CALIFORNIA,4,TIJUANA,TIJUANA,"2,000 - 5,000"
2026-10-07,MDA,BCA,07IOP-69,19,3856.57,3815.54,41.02,0.0,07IOP-69,P. I. Otay Matamoros,BAJA CALIFORNIA,TIJUANA,69.0,COSTA,BAJA CALIFORNIA,TIJUANA,BAJA CALIFORNIA,2,BAJA CALIFORNIA,4,TIJUANA,TIJUANA,"2,000 - 5,000"
2026-10-07,MDA,BCA,07IOP-69,20,3586.79,3549.1,37.68,0.0,07IOP-69,P. I. Otay Matamoros,BAJA CALIFORNIA,TIJUANA,69.0,COSTA,BAJA CALIFORNIA,TIJUANA,BAJA CALIFORNIA,2,BAJA CALIFORNIA,4,TIJUANA,TIJUANA,"2,000 - 5,000"
2026-10-07,MDA,BCA,07IOP-69,21,2803.54,2774.55,28.99,0.0,07IOP-69,P. I. Otay Matamoros,BAJA CALIFORNIA,TIJUANA,69.0,COSTA,BAJA CALIFORNIA,TIJUANA,BAJA CALIFORNIA,2,BAJA CALIFORNIA,4,TIJUANA,TIJUANA,"2,000 - 5,000"
2026-10-07,MDA,BCA,07IOP-69,22,2558.88,2532.25,26.63,0.0,07IOP-69,P. I. Otay Matamoros,BAJA CALIFORNIA,TIJUANA,69.0,COSTA,BAJA CALIFORNIA,TIJUANA,BAJA CALIFORNIA,2,BAJA CALIFORNIA,4,TIJUANA,TIJUANA,"2,000 - 5,000"
2026-10-07,MDA,BCA,07IOP-69,23,1911.83,1891.38,20.46,0.0,07IOP-69,P. I. Otay Matamoros,BAJA CALIFORNIA,TIJUANA,69.0,COSTA,BAJA CALIFORNIA,TIJUANA,BAJA CALIFORNIA,2,BAJA CALIFORNIA,4,TIJUANA,TIJUANA,"1,000 - 2,000"
2026-10-07,MDA,BCA,07IOP-69,24,1269.1,1255.72,13.38,0.0,07IOP-69,P. I. Otay Matamoros,BAJA CALIFORNIA,TIJUANA,69.0,COSTA,BAJA CALIFORNIA,TIJUANA,BAJA CALIFORNIA,2,BAJA CALIFORNIA,4,TIJUANA,TIJUANA,"1,000 - 2,000"
2026-10-07,MDA,BCA,07IVY-230,1,1749.48,1767.84,-18.35,0.0,07IVY-230,Imperial Valley,No Aplica,No Aplica,230.0,No Aplica,No Aplica,No Aplica,No Aplica,No Aplica,No Aplica,No Aplica,No Aplica,No Aplica,"1,000 - 2,000"
2026-10-07,MDA,BCA,07IVY-230,2,1142.82,1154.64,-11.81,0.0,07IVY-230,Imperial Valley,No Aplica,No Aplica,230.0,No Aplica,No Aplica,No Aplica,No Aplica,No Aplica,No Aplica,No Aplica,No Aplica,No Aplica,"1,000 - 2,000"
2026-10-07,MDA,BCA,07IVY-230,3,749.99,758.91,-8.91,0.0,07IVY-230,Imperial Valley,No Aplica,No Aplica,230.0,No Aplica,No Aplica,No Aplica,No Aplica,No Aplica,No Aplica,No Aplica,No Aplica,No Aplica,"500 - 1,000"
2026-10-07,MDA,BCA,07IVY-230,4,661.02,668.11,-7.1,0.0,07IVY-230,Imperial Valley,No Aplica,No Aplica,230.0,No Aplica,No Aplica,No Aplica,No Aplica,No Aplica,No Aplica,No Aplica,No Aplica,No Aplica,"500 - 1,000"
2026-10-07,MDA,BCA,07IVY-230,5,663.02,669.64,-6.62,0.0,07IVY-230,Imperial Valley,No Aplica,No Aplica,230.0,No Aplica,No Aplica,No Aplica,No Aplica,No Aplica,No Aplica,No Aplica,No Aplica,No Aplica,"500 - 1,000"
2026-10-07,MDA,BCA,07IVY-230,6,644.21,650.89,-6.69,0.0,07IVY-230,Imperial Valley,No Aplica,No Aplica,230.0,No Aplica,No Aplica,No Aplica,No Aplica,No Aplica,No Aplica,No Aplica,No Aplica,No Aplica,"500 - 1,000"
2026-10-07,MDA,BCA,07IVY-230,7,733.92,744.05,-10.14,0.0,07IVY-230,Imperial Valley,No Aplica,No Aplica,230.0,No Aplica,No Aplica,No Aplica,No Aplica,No Aplica,No Aplica,No Aplica,No Aplica,No Aplica,"500 - 1,000"
2026-10-07,MDA,BCA,07IVY-230,8,751.99,764.19,-12.2,0.0,07IVY-230,Imperial Valley,No Aplica,No Aplica,230.0,No Aplica,No Aplica,No Aplica,No Aplica,No Aplica,No Aplica,No Aplica,No Aplica,No Aplica,"500 - 1,000"
2026-10-07,MDA,BCA,07IVY-230,9,1164.28,1195.72,-31.44,0.0,07IVY-230,Imperial Valley,No Aplica,No Aplica,230.0,No Aplica,No Aplica,No Aplica,No Aplica,No Aplica,No Aplica,No Aplica,No Aplica,No Aplica,"1,000 - 2,000"
2026-10-07,MDA,BCA,07IVY-230,10,1062.8,1093.14,-30.33,0.0,07IVY-230,Imperial Valley,No Aplica,No Aplica,230.0,No Aplica,No Aplica,No Aplica,No Aplica,No Aplica,No Aplica,No Aplica,No Aplica,No Aplica,"1,000 - 2,000"
2026-10-07,MDA,BCA,07IVY-230,11,1178.75,1207.07,-28.33,0.0,07IVY-230,Imperial Valley,No Aplica,No Aplica,230.0,No Aplica,No Aplica,No Aplica,No Aplica,No Aplica,No Aplica,No Aplica,No Aplica,No Aplica,"1,000 - 2,000"
2026-10-07,MDA,BCA,07IVY-230,12,1200.0,1232.59,-32.59,0.0,07IVY-230,Imperial Valley,No Aplica,No Aplica,230.0,No Aplica,No Aplica,No Aplica,No Aplica,No Aplica,No Aplica,No Aplica,No Aplica,No Aplica,"1,000 - 2,000"
2026-10-07,MDA,BCA,07IVY-230,13,1162.14,1196.63,-34.49,0.0,07IVY-230,Imperial Valley,No Aplica,No Aplica,230.0,No Aplica,No Aplica,No Aplica,No Aplica,No Aplica,No Aplica,No Aplica,No Aplica,No Aplica,"1,000 - 2,000"
2026-10-07,MDA,BCA,07IVY-230,14,1200.0,1235.33,-35.33,0.0,07IVY-230,Imperial Valley,No Aplica,No Aplica,230.0,No Aplica,No Aplica,No Aplica,No Aplica,No Aplica,No Aplica,No Aplica,No Aplica,No Aplica,"1,000 - 2,000"
2026-10-07,MDA,BCA,07IVY-230,15,1456.96,1497.11,-40.15,0.0,07IVY-230,Imperial Valley,No Aplica,No Aplica,230.0,No Aplica,No Aplica,No Aplica,No Aplica,No Aplica,No Aplica,No Aplica,No Aplica,No Aplica,"1,000 - 2,000"
2026-10-07,MDA,BCA,07IVY-230,16,1452.06,1493.21,-41.15,0.0,07IVY-230,Imperial Valley,No Aplica,No Aplica,230.0,No Aplica,No Aplica,No Aplica,No Aplica,No Aplica,No Aplica,No Aplica,No Aplica,No Aplica,"1,000 - 2,000"
2026-10-07,MDA,BCA,07IVY-230,17,1623.32,1653.66,-30.34,0.0,07IVY-230,Imperial Valley,No Aplica,No Aplica,230.0,No Aplica,No Aplica,No Aplica,No Aplica,No Aplica,No Aplica,No Aplica,No Aplica,No Aplica,"1,000 - 2,000"
2026-10-07,MDA,BCA,07IVY-230,18,3441.29,3495.89,-54.6,0.0,07IVY-230,Imperial Valley,No Aplica,No Aplica,230.0,No Aplica,No Aplica,No Aplica,No Aplica,No Aplica,No Aplica,No Aplica,No Aplica,No Aplica,"2,000 - 5,000"
2026-10-07,MDA,BCA,07IVY-230,19,3767.71,3815.54,-47.84,0.0,07IVY-230,Imperial Valley,No Aplica,No Aplica,230.0,No Aplica,No Aplica,No Aplica,No Aplica,No Aplica,No Aplica,No Aplica,No Aplica,No Aplica,"2,000 - 5,000"
2026-10-07,MDA,BCA,07IVY-230,20,3503.67,3549.1,-45.44,0.0,07IVY-230,Imperial Valley,No Aplica,No Aplica,230.0,No Aplica,No Aplica,No Aplica,No Aplica,No Aplica,No Aplica,No Aplica,No Aplica,No Aplica,"2,000 - 5,000"
2026-10-07,MDA,BCA,07IVY-230,21,2735.0,2774.55,-39.55,0.0,07IVY-230,Imperial Valley,No Aplica,No Aplica,230.0,No Aplica,No Aplica,No Aplica,No Aplica,No Aplica,No Aplica,No Aplica,No Aplica,No Aplica,"2,000 - 5,000"
2026-10-07,MDA,BCA,07IVY-230,22,2500.0,2532.25,-32.25,0.0,07IVY-230,Imperial Valley,No Aplica,No Aplica,230.0,No Aplica,No Aplica,No Aplica,No Aplica,No Aplica,No Aplica,No Aplica,No Aplica,No Aplica,"2,000 - 5,000"
2026-10-07,MDA,BCA,07IVY-230,23,1869.12,1891.38,-22.26,0.0,07IVY-230,Imperial Valley,No Aplica,No Aplica,230.0,No Aplica,No Aplica,No Aplica,No Aplica,No Aplica,No Aplica,No Aplica,No Aplica,No Aplica,"1,000 - 2,000"
2026-10-07,MDA,BCA,07IVY-230,24,1239.45,1255.72,-16.27,0.0,07IVY-230,Imperial Valley,No Aplica,No Aplica,230.0,No Aplica,No Aplica,No Aplica,No Aplica,No Aplica,No Aplica,No Aplica,No Aplica,No Aplica,"1,000 - 2,000"
2026-10-07,MDA,BCA,07JAT-115,1,1786.33,1767.84,18.49,0.0,07JAT-115,Jatay,BAJA CALIFORNIA,ENSENADA,115.0,COSTA,BAJA CALIFORNIA,ENSENADA,BAJA CALIFORNIA,2,BAJA CALIFORNIA,1,ENSENADA,ENSENADA,"1,000 - 2,000"
2026-10-07,MDA,BCA,07JAT-115,2,1166.06,1154.64,11.42,0.0,07JAT-115,Jatay,BAJA CALIFORNIA,ENSENADA,115.0,COSTA,BAJA CALIFORNIA,ENSENADA,BAJA CALIFORNIA,2,BAJA CALIFORNIA,1,ENSENADA,ENSENADA,"1,000 - 2,000"
2026-10-07,MDA,BCA,07JAT-115,3,767.2,758.91,8.29,0.0,07JAT-115,Jatay,BAJA CALIFORNIA,ENSENADA,115.0,COSTA,BAJA CALIFORNIA,ENSENADA,BAJA CALIFORNIA,2,BAJA CALIFORNIA,1,ENSENADA,ENSENADA,"500 - 1,000"
2026-10-07,MDA,BCA,07JAT-115,4,675.36,668.11,7.25,0.0,07JAT-115,Jatay,BAJA CALIFORNIA,ENSENADA,115.0,COSTA,BAJA CALIFORNIA,ENSENADA,BAJA CALIFORNIA,2,BAJA CALIFORNIA,1,ENSENADA,ENSENADA,"500 - 1,000"
2026-10-07,MDA,BCA,07JAT-115,5,676.81,669.64,7.17,0.0,07JAT-115,Jatay,BAJA CALIFORNIA,ENSENADA,115.0,COSTA,BAJA CALIFORNIA,ENSENADA,BAJA CALIFORNIA,2,BAJA CALIFORNIA,1,ENSENADA,ENSENADA,"500 - 1,000"
2026-10-07,MDA,BCA,07JAT-115,6,657.91,650.89,7.02,0.0,07JAT-115,Jatay,BAJA CALIFORNIA,ENSENADA,115.0,COSTA,BAJA CALIFORNIA,ENSENADA,BAJA CALIFORNIA,2,BAJA CALIFORNIA,1,ENSENADA,ENSENADA,"500 - 1,000"
2026-10-07,MDA,BCA,07JAT-115,7,752.44,744.05,8.39,0.0,07JAT-115,Jatay,BAJA CALIFORNIA,ENSENADA,115.0,COSTA,BAJA CALIFORNIA,ENSENADA,BAJA CALIFORNIA,2,BAJA CALIFORNIA,1,ENSENADA,ENSENADA,"500 - 1,000"
2026-10-07,MDA,BCA,07JAT-115,8,772.94,764.19,8.75,0.0,07JAT-115,Jatay,BAJA CALIFORNIA,ENSENADA,115.0,COSTA,BAJA CALIFORNIA,ENSENADA,BAJA CALIFORNIA,2,BAJA CALIFORNIA,1,ENSENADA,ENSENADA,"500 - 1,000"
2026-10-07,MDA,BCA,07JAT-115,9,1210.86,1195.72,15.14,0.0,07JAT-115,Jatay,BAJA CALIFORNIA,ENSENADA,115.0,COSTA,BAJA CALIFORNIA,ENSENADA,BAJA CALIFORNIA,2,BAJA CALIFORNIA,1,ENSENADA,ENSENADA,"1,000 - 2,000"
2026-10-07,MDA,BCA,07JAT-115,10,1105.81,1093.14,12.67,0.0,07JAT-115,Jatay,BAJA CALIFORNIA,ENSENADA,115.0,COSTA,BAJA CALIFORNIA,ENSENADA,BAJA CALIFORNIA,2,BAJA CALIFORNIA,1,ENSENADA,ENSENADA,"1,000 - 2,000"
2026-10-07,MDA,BCA,07JAT-115,11,1221.64,1207.07,14.56,0.0,07JAT-115,Jatay,BAJA CALIFORNIA,ENSENADA,115.0,COSTA,BAJA CALIFORNIA,ENSENADA,BAJA CALIFORNIA,2,BAJA CALIFORNIA,1,ENSENADA,ENSENADA,"1,000 - 2,000"
2026-10-07,MDA,BCA,07JAT-115,12,7642.5,1232.59,15.35,6394.57,07JAT-115,Jatay,BAJA CALIFORNIA,ENSENADA,115.0,COSTA,BAJA CALIFORNIA,ENSENADA,BAJA CALIFORNIA,2,BAJA CALIFORNIA,1,ENSENADA,ENSENADA,"5,000 - 10,000"
2026-10-07,MDA,BCA,07JAT-115,13,9286.22,1196.63,14.99,8074.6,07JAT-115,Jatay,BAJA CALIFORNIA,ENSENADA,115.0,COSTA,BAJA CALIFORNIA,ENSENADA,BAJA CALIFORNIA,2,BAJA CALIFORNIA,1,ENSENADA,ENSENADA,"5,000 - 10,000"
2026-10-07,MDA,BCA,07JAT-115,14,9996.19,1235.33,15.51,8745.35,07JAT-115,Jatay,BAJA CALIFORNIA,ENSENADA,115.0,COSTA,BAJA CALIFORNIA,ENSENADA,BAJA CALIFORNIA,2,BAJA CALIFORNIA,1,ENSENADA,ENSENADA,"5,000 - 10,000"
2026-10-07,MDA,BCA,07JAT-115,15,7614.57,1497.11,21.44,6096.02,07JAT-115,Jatay,BAJA CALIFORNIA,ENSENADA,115.0,COSTA,BAJA CALIFORNIA,ENSENADA,BAJA CALIFORNIA,2,BAJA CALIFORNIA,1,ENSENADA,ENSENADA,"5,000 - 10,000"
2026-10-07,MDA,BCA,07JAT-115,16,9203.9,1493.21,20.2,7690.49,07JAT-115,Jatay,BAJA CALIFORNIA,ENSENADA,115.0,COSTA,BAJA CALIFORNIA,ENSENADA,BAJA CALIFORNIA,2,BAJA CALIFORNIA,1,ENSENADA,ENSENADA,"5,000 - 10,000"
2026-10-07,MDA,BCA,07JAT-115,17,10719.8,1653.66,22.55,9043.6,07JAT-115,Jatay,BAJA CALIFORNIA,ENSENADA,115.0,COSTA,BAJA CALIFORNIA,ENSENADA,BAJA CALIFORNIA,2,BAJA CALIFORNIA,1,ENSENADA,ENSENADA,"10,000 o más"
2026-10-07,MDA,BCA,07JAT-115,18,10855.93,3495.89,47.97,7312.07,07JAT-115,Jatay,BAJA CALIFORNIA,ENSENADA,115.0,COSTA,BAJA CALIFORNIA,ENSENADA,BAJA CALIFORNIA,2,BAJA CALIFORNIA,1,ENSENADA,ENSENADA,"10,000 o más"
2026-10-07,MDA,BCA,07JAT-115,19,9808.43,3815.54,51.66,5941.22,07JAT-115,Jatay,BAJA CALIFORNIA,ENSENADA,115.0,COSTA,BAJA CALIFORNIA,ENSENADA,BAJA CALIFORNIA,2,BAJA CALIFORNIA,1,ENSENADA,ENSENADA,"5,000 - 10,000"
2026-10-07,MDA,BCA,07JAT-115,20,10217.56,3549.1,48.42,6620.03,07JAT-115,Jatay,BAJA CALIFORNIA,ENSENADA,115.0,COSTA,BAJA CALIFORNIA,ENSENADA,BAJA CALIFORNIA,2,BAJA CALIFORNIA,1,ENSENADA,ENSENADA,"10,000 o más"
2026-10-07,MDA,BCA,07JAT-115,21,9109.75,2774.55,38.12,6297.08,07JAT-115,Jatay,BAJA CALIFORNIA,ENSENADA,115.0,COSTA,BAJA CALIFORNIA,ENSENADA,BAJA CALIFORNIA,2,BAJA CALIFORNIA,1,ENSENADA,ENSENADA,"5,000 - 10,000"
2026-10-07,MDA,BCA,07JAT-115,22,10549.62,2532.25,32.01,7985.35,07JAT-115,Jatay,BAJA CALIFORNIA,ENSENADA,115.0,COSTA,BAJA CALIFORNIA,ENSENADA,BAJA CALIFORNIA,2,BAJA CALIFORNIA,1,ENSENADA,ENSENADA,"10,000 o más"
2026-10-07,MDA,BCA,07JAT-115,23,1913.71,1891.38,22.33,0.0,07JAT-115,Jatay,BAJA CALIFORNIA,ENSENADA,115.0,COSTA,BAJA CALIFORNIA,ENSENADA,BAJA CALIFORNIA,2,BAJA CALIFORNIA,1,ENSENADA,ENSENADA,"1,000 - 2,000"
2026-10-07,MDA,BCA,07JAT-115,24,1270.34,1255.72,14.62,0.0,07JAT-115,Jatay,BAJA CALIFORNIA,ENSENADA,115.0,COSTA,BAJA CALIFORNIA,ENSENADA,BAJA CALIFORNIA,2,BAJA CALIFORNIA,1,ENSENADA,ENSENADA,"1,000 - 2,000"
2026-10-07,MDA,BCA,07JOV-230,1,1741.66,1767.84,-26.18,0.0,07JOV-230,La Jovita,BAJA CALIFORNIA,ENSENADA,230.0,COSTA,BAJA CALIFORNIA,ENSENADA,BAJA CALIFORNIA,2,BAJA CALIFORNIA,1,ENSENADA,ENSENADA,"1,000 - 2,000"
2026-10-07,MDA,BCA,07JOV-230,2,1137.17,1154.64,-17.46,0.0,07JOV-230,La Jovita,BAJA CALIFORNIA,ENSENADA,230.0,COSTA,BAJA CALIFORNIA,ENSENADA,BAJA CALIFORNIA,2,BAJA CALIFORNIA,1,ENSENADA,ENSENADA,"1,000 - 2,000"
2026-10-07,MDA,BCA,07JOV-230,3,750.88,758.91,-8.03,0.0,07JOV-230,La Jovita,BAJA CALIFORNIA,ENSENADA,230.0,COSTA,BAJA CALIFORNIA,ENSENADA,BAJA CALIFORNIA,2,BAJA CALIFORNIA,1,ENSENADA,ENSENADA,"500 - 1,000"
2026-10-07,MDA,BCA,07JOV-230,4,661.77,668.11,-6.34,0.0,07JOV-230,La Jovita,BAJA CALIFORNIA,ENSENADA,230.0,COSTA,BAJA CALIFORNIA,ENSENADA,BAJA CALIFORNIA,2,BAJA CALIFORNIA,1,ENSENADA,ENSENADA,"500 - 1,000"
2026-10-07,MDA,BCA,07JOV-230,5,662.95,669.64,-6.69,0.0,07JOV-230,La Jovita,BAJA CALIFORNIA,ENSENADA,230.0,COSTA,BAJA CALIFORNIA,ENSENADA,BAJA CALIFORNIA,2,BAJA CALIFORNIA,1,ENSENADA,ENSENADA,"500 - 1,000"
2026-10-07,MDA,BCA,07JOV-230,6,644.55,650.89,-6.34,0.0,07JOV-230,La Jovita,BAJA CALIFORNIA,ENSENADA,230.0,COSTA,BAJA CALIFORNIA,ENSENADA,BAJA CALIFORNIA,2,BAJA CALIFORNIA,1,ENSENADA,ENSENADA,"500 - 1,000"
2026-10-07,MDA,BCA,07JOV-230,7,736.93,744.05,-7.12,0.0,07JOV-230,La Jovita,BAJA CALIFORNIA,ENSENADA,230.0,COSTA,BAJA CALIFORNIA,ENSENADA,BAJA CALIFORNIA,2,BAJA CALIFORNIA,1,ENSENADA,ENSENADA,"500 - 1,000"
2026-10-07,MDA,BCA,07JOV-230,8,755.21,764.19,-8.98,0.0,07JOV-230,La Jovita,BAJA CALIFORNIA,ENSENADA,230.0,COSTA,BAJA CALIFORNIA,ENSENADA,BAJA CALIFORNIA,2,BAJA CALIFORNIA,1,ENSENADA,ENSENADA,"500 - 1,000"
2026-10-07,MDA,BCA,07JOV-230,9,1182.62,1195.72,-13.1,0.0,07JOV-230,La Jovita,BAJA CALIFORNIA,ENSENADA,230.0,COSTA,BAJA CALIFORNIA,ENSENADA,BAJA CALIFORNIA,2,BAJA CALIFORNIA,1,ENSENADA,ENSENADA,"1,000 - 2,000"
2026-10-07,MDA,BCA,07JOV-230,10,1077.59,1093.14,-15.55,0.0,07JOV-230,La Jovita,BAJA CALIFORNIA,ENSENADA,230.0,COSTA,BAJA CALIFORNIA,ENSENADA,BAJA CALIFORNIA,2,BAJA CALIFORNIA,1,ENSENADA,ENSENADA,"1,000 - 2,000"
2026-10-07,MDA,BCA,07JOV-230,11,1190.29,1207.07,-16.79,0.0,07JOV-230,La Jovita,BAJA CALIFORNIA,ENSENADA,230.0,COSTA,BAJA CALIFORNIA,ENSENADA,BAJA CALIFORNIA,2,BAJA CALIFORNIA,1,ENSENADA,ENSENADA,"1,000 - 2,000"
2026-10-07,MDA,BCA,07JOV-230,12,1216.4,1232.59,-16.19,0.0,07JOV-230,La Jovita,BAJA CALIFORNIA,ENSENADA,230.0,COSTA,BAJA CALIFORNIA,ENSENADA,BAJA CALIFORNIA,2,BAJA CALIFORNIA,1,ENSENADA,ENSENADA,"1,000 - 2,000"
2026-10-07,MDA,BCA,07JOV-230,13,1181.0,1196.63,-15.63,0.0,07JOV-230,La Jovita,BAJA CALIFORNIA,ENSENADA,230.0,COSTA,BAJA CALIFORNIA,ENSENADA,BAJA CALIFORNIA,2,BAJA CALIFORNIA,1,ENSENADA,ENSENADA,"1,000 - 2,000"
2026-10-07,MDA,BCA,07JOV-230,14,1219.17,1235.33,-16.15,0.0,07JOV-230,La Jovita,BAJA CALIFORNIA,ENSENADA,230.0,COSTA,BAJA CALIFORNIA,ENSENADA,BAJA CALIFORNIA,2,BAJA CALIFORNIA,1,ENSENADA,ENSENADA,"1,000 - 2,000"
2026-10-07,MDA,BCA,07JOV-230,15,1483.34,1497.11,-13.78,0.0,07JOV-230,La Jovita,BAJA CALIFORNIA,ENSENADA,230.0,COSTA,BAJA CALIFORNIA,ENSENADA,BAJA CALIFORNIA,2,BAJA CALIFORNIA,1,ENSENADA,ENSENADA,"1,000 - 2,000"
2026-10-07,MDA,BCA,07JOV-230,16,1474.62,1493.21,-18.6,0.0,07JOV-230,La Jovita,BAJA CALIFORNIA,ENSENADA,230.0,COSTA,BAJA CALIFORNIA,ENSENADA,BAJA CALIFORNIA,2,BAJA CALIFORNIA,1,ENSENADA,ENSENADA,"1,000 - 2,000"
2026-10-07,MDA,BCA,07JOV-230,17,1632.97,1653.66,-20.69,0.0,07JOV-230,La Jovita,BAJA CALIFORNIA,ENSENADA,230.0,COSTA,BAJA CALIFORNIA,ENSENADA,BAJA CALIFORNIA,2,BAJA CALIFORNIA,1,ENSENADA,ENSENADA,"1,000 - 2,000"
2026-10-07,MDA,BCA,07JOV-230,18,3452.95,3495.89,-42.94,0.0,07JOV-230,La Jovita,BAJA CALIFORNIA,ENSENADA,230.0,COSTA,BAJA CALIFORNIA,ENSENADA,BAJA CALIFORNIA,2,BAJA CALIFORNIA,1,ENSENADA,ENSENADA,"2,000 - 5,000"
2026-10-07,MDA,BCA,07JOV-230,19,3766.72,3815.54,-48.83,0.0,07JOV-230,La Jovita,BAJA CALIFORNIA,ENSENADA,230.0,COSTA,BAJA CALIFORNIA,ENSENADA,BAJA CALIFORNIA,2,BAJA CALIFORNIA,1,ENSENADA,ENSENADA,"2,000 - 5,000"
2026-10-07,MDA,BCA,07JOV-230,20,3503.49,3549.1,-45.61,0.0,07JOV-230,La Jovita,BAJA CALIFORNIA,ENSENADA,230.0,COSTA,BAJA CALIFORNIA,ENSENADA,BAJA CALIFORNIA,2,BAJA CALIFORNIA,1,ENSENADA,ENSENADA,"2,000 - 5,000"
2026-10-07,MDA,BCA,07JOV-230,21,2739.73,2774.55,-34.82,0.0,07JOV-230,La Jovita,BAJA CALIFORNIA,ENSENADA,230.0,COSTA,BAJA CALIFORNIA,ENSENADA,BAJA CALIFORNIA,2,BAJA CALIFORNIA,1,ENSENADA,ENSENADA,"2,000 - 5,000"
2026-10-07,MDA,BCA,07JOV-230,22,2498.84,2532.25,-33.41,0.0,07JOV-230,La Jovita,BAJA CALIFORNIA,ENSENADA,230.0,COSTA,BAJA CALIFORNIA,ENSENADA,BAJA CALIFORNIA,2,BAJA CALIFORNIA,1,ENSENADA,ENSENADA,"2,000 - 5,000"
2026-10-07,MDA,BCA,07JOV-230,23,1864.93,1891.38,-26.45,0.0,07JOV-230,La Jovita,BAJA CALIFORNIA,ENSENADA,230.0,COSTA,BAJA CALIFORNIA,ENSENADA,BAJA CALIFORNIA,2,BAJA CALIFORNIA,1,ENSENADA,ENSENADA,"1,000 - 2,000"
2026-10-07,MDA,BCA,07JOV-230,24,1238.13,1255.72,-17.59,0.0,07JOV-230,La Jovita,BAJA CALIFORNIA,ENSENADA,230.0,COSTA,BAJA CALIFORNIA,ENSENADA,BAJA CALIFORNIA,2,BAJA CALIFORNIA,1,ENSENADA,ENSENADA,"1,000 - 2,000"
2026-10-07,MDA,BCA,07JOY-115,1,1775.81,1767.84,7.98,0.0,07JOY-115,La Joya,BAJA CALIFORNIA,TIJUANA,115.0,COSTA,BAJA CALIFORNIA,TIJUANA,BAJA CALIFORNIA,2,BAJA CALIFORNIA,5,PLAYAS DE ROSARITO,TIJUANA,"1,000 - 2,000"
2026-10-07,MDA,BCA,07JOY-115,2,1159.61,1154.64,4.98,0.0,07JOY-115,La Joya,BAJA CALIFORNIA,TIJUANA,115.0,COSTA,BAJA CALIFORNIA,TIJUANA,BAJA CALIFORNIA,2,BAJA CALIFORNIA,5,PLAYAS DE ROSARITO,TIJUANA,"1,000 - 2,000"
2026-10-07,MDA,BCA,07JOY-115,3,762.15,758.91,3.24,0.0,07JOY-115,La Joya,BAJA CALIFORNIA,TIJUANA,115.0,COSTA,BAJA CALIFORNIA,TIJUANA,BAJA CALIFORNIA,2,BAJA CALIFORNIA,5,PLAYAS DE ROSARITO,TIJUANA,"500 - 1,000"
2026-10-07,MDA,BCA,07JOY-115,4,670.88,668.11,2.77,0.0,07JOY-115,La Joya,BAJA CALIFORNIA,TIJUANA,115.0,COSTA,BAJA CALIFORNIA,TIJUANA,BAJA CALIFORNIA,2,BAJA CALIFORNIA,5,PLAYAS DE ROSARITO,TIJUANA,"500 - 1,000"
2026-10-07,MDA,BCA,07JOY-115,5,672.37,669.64,2.73,0.0,07JOY-115,La Joya,BAJA CALIFORNIA,TIJUANA,115.0,COSTA,BAJA CALIFORNIA,TIJUANA,BAJA CALIFORNIA,2,BAJA CALIFORNIA,5,PLAYAS DE ROSARITO,TIJUANA,"500 - 1,000"
2026-10-07,MDA,BCA,07JOY-115,6,653.57,650.89,2.67,0.0,07JOY-115,La Joya,BAJA CALIFORNIA,TIJUANA,115.0,COSTA,BAJA CALIFORNIA,TIJUANA,BAJA CALIFORNIA,2,BAJA CALIFORNIA,5,PLAYAS DE ROSARITO,TIJUANA,"500 - 1,000"
2026-10-07,MDA,BCA,07JOY-115,7,747.26,744.05,3.21,0.0,07JOY-115,La Joya,BAJA CALIFORNIA,TIJUANA,115.0,COSTA,BAJA CALIFORNIA,TIJUANA,BAJA CALIFORNIA,2,BAJA CALIFORNIA,5,PLAYAS DE ROSARITO,TIJUANA,"500 - 1,000"
2026-10-07,MDA,BCA,07JOY-115,8,767.67,764.19,3.48,0.0,07JOY-115,La Joya,BAJA CALIFORNIA,TIJUANA,115.0,COSTA,BAJA CALIFORNIA,TIJUANA,BAJA CALIFORNIA,2,BAJA CALIFORNIA,5,PLAYAS DE ROSARITO,TIJUANA,"500 - 1,000"
2026-10-07,MDA,BCA,07JOY-115,9,1201.54,1195.72,5.82,0.0,07JOY-115,La Joya,BAJA CALIFORNIA,TIJUANA,115.0,COSTA,BAJA CALIFORNIA,TIJUANA,BAJA CALIFORNIA,2,BAJA CALIFORNIA,5,PLAYAS DE ROSARITO,TIJUANA,"1,000 - 2,000"
2026-10-07,MDA,BCA,07JOY-115,10,1098.6,1093.14,5.47,0.0,07JOY-115,La Joya,BAJA CALIFORNIA,TIJUANA,115.0,COSTA,BAJA CALIFORNIA,TIJUANA,BAJA CALIFORNIA,2,BAJA CALIFORNIA,5,PLAYAS DE ROSARITO,TIJUANA,"1,000 - 2,000"
2026-10-07,MDA,BCA,07JOY-115,11,1213.33,1207.07,6.25,0.0,07JOY-115,La Joya,BAJA CALIFORNIA,TIJUANA,115.0,COSTA,BAJA CALIFORNIA,TIJUANA,BAJA CALIFORNIA,2,BAJA CALIFORNIA,5,PLAYAS DE ROSARITO,TIJUANA,"1,000 - 2,000"
2026-10-07,MDA,BCA,07JOY-115,12,1239.07,1232.59,6.49,0.0,07JOY-115,La Joya,BAJA CALIFORNIA,TIJUANA,115.0,COSTA,BAJA CALIFORNIA,TIJUANA,BAJA CALIFORNIA,2,BAJA CALIFORNIA,5,PLAYAS DE ROSARITO,TIJUANA,"1,000 - 2,000"
2026-10-07,MDA,BCA,07JOY-115,13,1202.98,1196.63,6.35,0.0,07JOY-115,La Joya,BAJA CALIFORNIA,TIJUANA,115.0,COSTA,BAJA CALIFORNIA,TIJUANA,BAJA CALIFORNIA,2,BAJA CALIFORNIA,5,PLAYAS DE ROSARITO,TIJUANA,"1,000 - 2,000"
2026-10-07,MDA,BCA,07JOY-115,14,1241.95,1235.33,6.62,0.0,07JOY-115,La Joya,BAJA CALIFORNIA,TIJUANA,115.0,COSTA,BAJA CALIFORNIA,TIJUANA,BAJA CALIFORNIA,2,BAJA CALIFORNIA,5,PLAYAS DE ROSARITO,TIJUANA,"1,000 - 2,000"
2026-10-07,MDA,BCA,07JOY-115,15,1504.46,1497.11,7.35,0.0,07JOY-115,La Joya,BAJA CALIFORNIA,TIJUANA,115.0,COSTA,BAJA CALIFORNIA,TIJUANA,BAJA CALIFORNIA,2,BAJA CALIFORNIA,5,PLAYAS DE ROSARITO,TIJUANA,"1,000 - 2,000"
2026-10-07,MDA,BCA,07JOY-115,16,1500.53,1493.21,7.31,0.0,07JOY-115,La Joya,BAJA CALIFORNIA,TIJUANA,115.0,COSTA,BAJA CALIFORNIA,TIJUANA,BAJA CALIFORNIA,2,BAJA CALIFORNIA,5,PLAYAS DE ROSARITO,TIJUANA,"1,000 - 2,000"
2026-10-07,MDA,BCA,07JOY-115,17,1661.83,1653.66,8.17,0.0,07JOY-115,La Joya,BAJA CALIFORNIA,TIJUANA,115.0,COSTA,BAJA CALIFORNIA,TIJUANA,BAJA CALIFORNIA,2,BAJA CALIFORNIA,5,PLAYAS DE ROSARITO,TIJUANA,"1,000 - 2,000"
2026-10-07,MDA,BCA,07JOY-115,18,3512.37,3495.89,16.49,0.0,07JOY-115,La Joya,BAJA CALIFORNIA,TIJUANA,115.0,COSTA,BAJA CALIFORNIA,TIJUANA,BAJA CALIFORNIA,2,BAJA CALIFORNIA,5,PLAYAS DE ROSARITO,TIJUANA,"2,000 - 5,000"
2026-10-07,MDA,BCA,07JOY-115,19,3833.47,3815.54,17.92,0.0,07JOY-115,La Joya,BAJA CALIFORNIA,TIJUANA,115.0,COSTA,BAJA CALIFORNIA,TIJUANA,BAJA CALIFORNIA,2,BAJA CALIFORNIA,5,PLAYAS DE ROSARITO,TIJUANA,"2,000 - 5,000"
2026-10-07,MDA,BCA,07JOY-115,20,3566.66,3549.1,17.56,0.0,07JOY-115,La Joya,BAJA CALIFORNIA,TIJUANA,115.0,COSTA,BAJA CALIFORNIA,TIJUANA,BAJA CALIFORNIA,2,BAJA CALIFORNIA,5,PLAYAS DE ROSARITO,TIJUANA,"2,000 - 5,000"
2026-10-07,MDA,BCA,07JOY-115,21,2788.29,2774.55,13.74,0.0,07JOY-115,La Joya,BAJA CALIFORNIA,TIJUANA,115.0,COSTA,BAJA CALIFORNIA,TIJUANA,BAJA CALIFORNIA,2,BAJA CALIFORNIA,5,PLAYAS DE ROSARITO,TIJUANA,"2,000 - 5,000"
2026-10-07,MDA,BCA,07JOY-115,22,2544.28,2532.25,12.03,0.0,07JOY-115,La Joya,BAJA CALIFORNIA,TIJUANA,115.0,COSTA,BAJA CALIFORNIA,TIJUANA,BAJA CALIFORNIA,2,BAJA CALIFORNIA,5,PLAYAS DE ROSARITO,TIJUANA,"2,000 - 5,000"
2026-10-07,MDA,BCA,07JOY-115,23,1899.77,1891.38,8.39,0.0,07JOY-115,La Joya,BAJA CALIFORNIA,TIJUANA,115.0,COSTA,BAJA CALIFORNIA,TIJUANA,BAJA CALIFORNIA,2,BAJA CALIFORNIA,5,PLAYAS DE ROSARITO,TIJUANA,"1,000 - 2,000"
2026-10-07,MDA,BCA,07JOY-115,24,1261.6,1255.72,5.88,0.0,07JOY-115,La Joya,BAJA CALIFORNIA,TIJUANA,115.0,COSTA,BAJA CALIFORNIA,TIJUANA,BAJA CALIFORNIA,2,BAJA CALIFORNIA,5,PLAYAS DE ROSARITO,TIJUANA,"1,000 - 2,000"
2026-10-07,MDA,BCA,07KCH-161,1,1760.29,1767.84,-7.54,0.0,07KCH-161,Cachanilla,BAJA CALIFORNIA,MEXICALI,161.0,VALLE,BAJA CALIFORNIA,MEXICALI,BAJA CALIFORNIA,2,BAJA CALIFORNIA,2,MEXICALI,MEXICALI,"1,000 - 2,000"
2026-10-07,MDA,BCA,07KCH-161,2,1149.14,1154.64,-5.5,0.0,07KCH-161,Cachanilla,BAJA CALIFORNIA,MEXICALI,161.0,VALLE,BAJA CALIFORNIA,MEXICALI,BAJA CALIFORNIA,2,BAJA CALIFORNIA,2,MEXICALI,MEXICALI,"1,000 - 2,000"
2026-10-07,MDA,BCA,07KCH-161,3,754.0,758.91,-4.91,0.0,07KCH-161,Cachanilla,BAJA CALIFORNIA,MEXICALI,161.0,VALLE,BAJA CALIFORNIA,MEXICALI,BAJA CALIFORNIA,2,BAJA CALIFORNIA,2,MEXICALI,MEXICALI,"500 - 1,000"
2026-10-07,MDA,BCA,07KCH-161,4,664.31,668.11,-3.8,0.0,07KCH-161,Cachanilla,BAJA CALIFORNIA,MEXICALI,161.0,VALLE,BAJA CALIFORNIA,MEXICALI,BAJA CALIFORNIA,2,BAJA CALIFORNIA,2,MEXICALI,MEXICALI,"500 - 1,000"
2026-10-07,MDA,BCA,07KCH-161,5,666.37,669.64,-3.27,0.0,07KCH-161,Cachanilla,BAJA CALIFORNIA,MEXICALI,161.0,VALLE,BAJA CALIFORNIA,MEXICALI,BAJA CALIFORNIA,2,BAJA CALIFORNIA,2,MEXICALI,MEXICALI,"500 - 1,000"
2026-10-07,MDA,BCA,07KCH-161,6,647.42,650.89,-3.47,0.0,07KCH-161,Cachanilla,BAJA CALIFORNIA,MEXICALI,161.0,VALLE,BAJA CALIFORNIA,MEXICALI,BAJA CALIFORNIA,2,BAJA CALIFORNIA,2,MEXICALI,MEXICALI,"500 - 1,000"
2026-10-07,MDA,BCA,07KCH-161,7,737.56,744.05,-6.49,0.0,07KCH-161,Cachanilla,BAJA CALIFORNIA,MEXICALI,161.0,VALLE,BAJA CALIFORNIA,MEXICALI,BAJA CALIFORNIA,2,BAJA CALIFORNIA,2,MEXICALI,MEXICALI,"500 - 1,000"
2026-10-07,MDA,BCA,07KCH-161,8,755.44,764.19,-8.75,0.0,07KCH-161,Cachanilla,BAJA CALIFORNIA,MEXICALI,161.0,VALLE,BAJA CALIFORNIA,MEXICALI,BAJA CALIFORNIA,2,BAJA CALIFORNIA,2,MEXICALI,MEXICALI,"500 - 1,000"
2026-10-07,MDA,BCA,07KCH-161,9,1170.23,1195.72,-25.49,0.0,07KCH-161,Cachanilla,BAJA CALIFORNIA,MEXICALI,161.0,VALLE,BAJA CALIFORNIA,MEXICALI,BAJA CALIFORNIA,2,BAJA CALIFORNIA,2,MEXICALI,MEXICALI,"1,000 - 2,000"
2026-10-07,MDA,BCA,07KCH-161,10,1068.13,1093.14,-25.01,0.0,07KCH-161,Cachanilla,BAJA CALIFORNIA,MEXICALI,161.0,VALLE,BAJA CALIFORNIA,MEXICALI,BAJA CALIFORNIA,2,BAJA CALIFORNIA,2,MEXICALI,MEXICALI,"1,000 - 2,000"
2026-10-07,MDA,BCA,07KCH-161,11,1185.41,1207.07,-21.66,0.0,07KCH-161,Cachanilla,BAJA CALIFORNIA,MEXICALI,161.0,VALLE,BAJA CALIFORNIA,MEXICALI,BAJA CALIFORNIA,2,BAJA CALIFORNIA,2,MEXICALI,MEXICALI,"1,000 - 2,000"
2026-10-07,MDA,BCA,07KCH-161,12,1208.76,1232.59,-23.82,0.0,07KCH-161,Cachanilla,BAJA CALIFORNIA,MEXICALI,161.0,VALLE,BAJA CALIFORNIA,MEXICALI,BAJA CALIFORNIA,2,BAJA CALIFORNIA,2,MEXICALI,MEXICALI,"1,000 - 2,000"
2026-10-07,MDA,BCA,07KCH-161,13,1169.38,1196.63,-27.25,0.0,07KCH-161,Cachanilla,BAJA CALIFORNIA,MEXICALI,161.0,VALLE,BAJA CALIFORNIA,MEXICALI,BAJA CALIFORNIA,2,BAJA CALIFORNIA,2,MEXICALI,MEXICALI,"1,000 - 2,000"
2026-10-07,MDA,BCA,07KCH-161,14,1207.99,1235.33,-27.34,0.0,07KCH-161,Cachanilla,BAJA CALIFORNIA,MEXICALI,161.0,VALLE,BAJA CALIFORNIA,MEXICALI,BAJA CALIFORNIA,2,BAJA CALIFORNIA,2,MEXICALI,MEXICALI,"1,000 - 2,000"
2026-10-07,MDA,BCA,07KCH-161,15,1468.15,1497.11,-28.96,0.0,07KCH-161,Cachanilla,BAJA CALIFORNIA,MEXICALI,161.0,VALLE,BAJA CALIFORNIA,MEXICALI,BAJA CALIFORNIA,2,BAJA CALIFORNIA,2,MEXICALI,MEXICALI,"1,000 - 2,000"
2026-10-07,MDA,BCA,07KCH-161,16,1462.99,1493.21,-30.22,0.0,07KCH-161,Cachanilla,BAJA CALIFORNIA,MEXICALI,161.0,VALLE,BAJA CALIFORNIA,MEXICALI,BAJA CALIFORNIA,2,BAJA CALIFORNIA,2,MEXICALI,MEXICALI,"1,000 - 2,000"
2026-10-07,MDA,BCA,07KCH-161,17,1636.01,1653.66,-17.65,0.0,07KCH-161,Cachanilla,BAJA CALIFORNIA,MEXICALI,161.0,VALLE,BAJA CALIFORNIA,MEXICALI,BAJA CALIFORNIA,2,BAJA CALIFORNIA,2,MEXICALI,MEXICALI,"1,000 - 2,000"
2026-10-07,MDA,BCA,07KCH-161,18,3467.65,3495.89,-28.24,0.0,07KCH-161,Cachanilla,BAJA CALIFORNIA,MEXICALI,161.0,VALLE,BAJA CALIFORNIA,MEXICALI,BAJA CALIFORNIA,2,BAJA CALIFORNIA,2,MEXICALI,MEXICALI,"2,000 - 5,000"
2026-10-07,MDA,BCA,07KCH-161,19,3794.85,3815.54,-20.69,0.0,07KCH-161,Cachanilla,BAJA CALIFORNIA,MEXICALI,161.0,VALLE,BAJA CALIFORNIA,MEXICALI,BAJA CALIFORNIA,2,BAJA CALIFORNIA,2,MEXICALI,MEXICALI,"2,000 - 5,000"
2026-10-07,MDA,BCA,07KCH-161,20,3528.14,3549.1,-20.96,0.0,07KCH-161,Cachanilla,BAJA CALIFORNIA,MEXICALI,161.0,VALLE,BAJA CALIFORNIA,MEXICALI,BAJA CALIFORNIA,2,BAJA CALIFORNIA,2,MEXICALI,MEXICALI,"2,000 - 5,000"
2026-10-07,MDA,BCA,07KCH-161,21,2755.61,2774.55,-18.94,0.0,07KCH-161,Cachanilla,BAJA CALIFORNIA,MEXICALI,161.0,VALLE,BAJA CALIFORNIA,MEXICALI,BAJA CALIFORNIA,2,BAJA CALIFORNIA,2,MEXICALI,MEXICALI,"2,000 - 5,000"
2026-10-07,MDA,BCA,07KCH-161,22,2516.98,2532.25,-15.28,0.0,07KCH-161,Cachanilla,BAJA CALIFORNIA,MEXICALI,161.0,VALLE,BAJA CALIFORNIA,MEXICALI,BAJA CALIFORNIA,2,BAJA CALIFORNIA,2,MEXICALI,MEXICALI,"2,000 - 5,000"
2026-10-07,MDA,BCA,07KCH-161,23,1879.43,1891.38,-11.95,0.0,07KCH-161,Cachanilla,BAJA CALIFORNIA,MEXICALI,161.0,VALLE,BAJA CALIFORNIA,MEXICALI,BAJA CALIFORNIA,2,BAJA CALIFORNIA,2,MEXICALI,MEXICALI,"1,000 - 2,000"
2026-10-07,MDA,BCA,07KCH-161,24,1245.68,1255.72,-10.04,0.0,07KCH-161,Cachanilla,BAJA CALIFORNIA,MEXICALI,161.0,VALLE,BAJA CALIFORNIA,MEXICALI,BAJA CALIFORNIA,2,BAJA CALIFORNIA,2,MEXICALI,MEXICALI,"1,000 - 2,000"
2026-10-07,MDA,BCA,07LGO-69,1,1803.81,1767.84,35.98,0.0,07LGO-69,Lago,BAJA CALIFORNIA,TIJUANA,69.0,COSTA,BAJA CALIFORNIA,TIJUANA,BAJA CALIFORNIA,2,BAJA CALIFORNIA,4,TIJUANA,TIJUANA,"1,000 - 2,000"
2026-10-07,MDA,BCA,07LGO-69,2,1177.32,1154.64,22.69,0.0,07LGO-69,Lago,BAJA CALIFORNIA,TIJUANA,69.0,COSTA,BAJA CALIFORNIA,TIJUANA,BAJA CALIFORNIA,2,BAJA CALIFORNIA,4,TIJUANA,TIJUANA,"1,000 - 2,000"
2026-10-07,MDA,BCA,07LGO-69,3,772.99,758.91,14.09,0.0,07LGO-69,Lago,BAJA CALIFORNIA,TIJUANA,69.0,COSTA,BAJA CALIFORNIA,TIJUANA,BAJA CALIFORNIA,2,BAJA CALIFORNIA,4,TIJUANA,TIJUANA,"500 - 1,000"
2026-10-07,MDA,BCA,07LGO-69,4,680.23,668.11,12.12,0.0,07LGO-69,Lago,BAJA CALIFORNIA,TIJUANA,69.0,COSTA,BAJA CALIFORNIA,TIJUANA,BAJA CALIFORNIA,2,BAJA CALIFORNIA,4,TIJUANA,TIJUANA,"500 - 1,000"
2026-10-07,MDA,BCA,07LGO-69,5,681.71,669.64,12.07,0.0,07LGO-69,Lago,BAJA CALIFORNIA,TIJUANA,69.0,COSTA,BAJA CALIFORNIA,TIJUANA,BAJA CALIFORNIA,2,BAJA CALIFORNIA,4,TIJUANA,TIJUANA,"500 - 1,000"
2026-10-07,MDA,BCA,07LGO-69,6,662.73,650.89,11.84,0.0,07LGO-69,Lago,BAJA CALIFORNIA,TIJUANA,69.0,COSTA,BAJA CALIFORNIA,TIJUANA,BAJA CALIFORNIA,2,BAJA CALIFORNIA,4,TIJUANA,TIJUANA,"500 - 1,000"
2026-10-07,MDA,BCA,07LGO-69,7,758.15,744.05,14.09,0.0,07LGO-69,Lago,BAJA CALIFORNIA,TIJUANA,69.0,COSTA,BAJA CALIFORNIA,TIJUANA,BAJA CALIFORNIA,2,BAJA CALIFORNIA,4,TIJUANA,TIJUANA,"500 - 1,000"
2026-10-07,MDA,BCA,07LGO-69,8,779.55,764.19,15.36,0.0,07LGO-69,Lago,BAJA CALIFORNIA,TIJUANA,69.0,COSTA,BAJA CALIFORNIA,TIJUANA,BAJA CALIFORNIA,2,BAJA CALIFORNIA,4,TIJUANA,TIJUANA,"500 - 1,000"
2026-10-07,MDA,BCA,07LGO-69,9,1220.46,1195.72,24.75,0.0,07LGO-69,Lago,BAJA CALIFORNIA,TIJUANA,69.0,COSTA,BAJA CALIFORNIA,TIJUANA,BAJA CALIFORNIA,2,BAJA CALIFORNIA,4,TIJUANA,TIJUANA,"1,000 - 2,000"
2026-10-07,MDA,BCA,07LGO-69,10,1116.98,1093.14,23.85,0.0,07LGO-69,Lago,BAJA CALIFORNIA,TIJUANA,69.0,COSTA,BAJA CALIFORNIA,TIJUANA,BAJA CALIFORNIA,2,BAJA CALIFORNIA,4,TIJUANA,TIJUANA,"1,000 - 2,000"
2026-10-07,MDA,BCA,07LGO-69,11,1234.35,1207.07,27.27,0.0,07LGO-69,Lago,BAJA CALIFORNIA,TIJUANA,69.0,COSTA,BAJA CALIFORNIA,TIJUANA,BAJA CALIFORNIA,2,BAJA CALIFORNIA,4,TIJUANA,TIJUANA,"1,000 - 2,000"
2026-10-07,MDA,BCA,07LGO-69,12,1261.02,1232.59,28.43,0.0,07LGO-69,Lago,BAJA CALIFORNIA,TIJUANA,69.0,COSTA,BAJA CALIFORNIA,TIJUANA,BAJA CALIFORNIA,2,BAJA CALIFORNIA,4,TIJUANA,TIJUANA,"1,000 - 2,000"
2026-10-07,MDA,BCA,07LGO-69,13,1224.56,1196.63,27.93,0.0,07LGO-69,Lago,BAJA CALIFORNIA,TIJUANA,69.0,COSTA,BAJA CALIFORNIA,TIJUANA,BAJA CALIFORNIA,2,BAJA CALIFORNIA,4,TIJUANA,TIJUANA,"1,000 - 2,000"
2026-10-07,MDA,BCA,07LGO-69,14,1264.72,1235.33,29.39,0.0,07LGO-69,Lago,BAJA CALIFORNIA,TIJUANA,69.0,COSTA,BAJA CALIFORNIA,TIJUANA,BAJA CALIFORNIA,2,BAJA CALIFORNIA,4,TIJUANA,TIJUANA,"1,000 - 2,000"
2026-10-07,MDA,BCA,07LGO-69,15,1532.91,1497.11,35.8,0.0,07LGO-69,Lago,BAJA CALIFORNIA,TIJUANA,69.0,COSTA,BAJA CALIFORNIA,TIJUANA,BAJA CALIFORNIA,2,BAJA CALIFORNIA,4,TIJUANA,TIJUANA,"1,000 - 2,000"
2026-10-07,MDA,BCA,07LGO-69,16,1529.49,1493.21,36.28,0.0,07LGO-69,Lago,BAJA CALIFORNIA,TIJUANA,69.0,COSTA,BAJA CALIFORNIA,TIJUANA,BAJA CALIFORNIA,2,BAJA CALIFORNIA,4,TIJUANA,TIJUANA,"1,000 - 2,000"
2026-10-07,MDA,BCA,07LGO-69,17,1693.28,1653.66,39.62,0.0,07LGO-69,Lago,BAJA CALIFORNIA,TIJUANA,69.0,COSTA,BAJA CALIFORNIA,TIJUANA,BAJA CALIFORNIA,2,BAJA CALIFORNIA,4,TIJUANA,TIJUANA,"1,000 - 2,000"
2026-10-07,MDA,BCA,07LGO-69,18,3577.59,3495.89,81.7,0.0,07LGO-69,Lago,BAJA CALIFORNIA,TIJUANA,69.0,COSTA,BAJA CALIFORNIA,TIJUANA,BAJA CALIFORNIA,2,BAJA CALIFORNIA,4,TIJUANA,TIJUANA,"2,000 - 5,000"
2026-10-07,MDA,BCA,07LGO-69,19,3902.89,3815.54,87.35,0.0,07LGO-69,Lago,BAJA CALIFORNIA,TIJUANA,69.0,COSTA,BAJA CALIFORNIA,TIJUANA,BAJA CALIFORNIA,2,BAJA CALIFORNIA,4,TIJUANA,TIJUANA,"2,000 - 5,000"
2026-10-07,MDA,BCA,07LGO-69,20,3629.99,3549.1,80.89,0.0,07LGO-69,Lago,BAJA CALIFORNIA,TIJUANA,69.0,COSTA,BAJA CALIFORNIA,TIJUANA,BAJA CALIFORNIA,2,BAJA CALIFORNIA,4,TIJUANA,TIJUANA,"2,000 - 5,000"
2026-10-07,MDA,BCA,07LGO-69,21,2837.18,2774.55,62.63,0.0,07LGO-69,Lago,BAJA CALIFORNIA,TIJUANA,69.0,COSTA,BAJA CALIFORNIA,TIJUANA,BAJA CALIFORNIA,2,BAJA CALIFORNIA,4,TIJUANA,TIJUANA,"2,000 - 5,000"
2026-10-07,MDA,BCA,07LGO-69,22,2589.03,2532.25,56.78,0.0,07LGO-69,Lago,BAJA CALIFORNIA,TIJUANA,69.0,COSTA,BAJA CALIFORNIA,TIJUANA,BAJA CALIFORNIA,2,BAJA CALIFORNIA,4,TIJUANA,TIJUANA,"2,000 - 5,000"
2026-10-07,MDA,BCA,07LGO-69,23,1933.11,1891.38,41.74,0.0,07LGO-69,Lago,BAJA CALIFORNIA,TIJUANA,69.0,COSTA,BAJA CALIFORNIA,TIJUANA,BAJA CALIFORNIA,2,BAJA CALIFORNIA,4,TIJUANA,TIJUANA,"1,000 - 2,000"
2026-10-07,MDA,BCA,07LGO-69,24,1282.0,1255.72,26.29,0.0,07LGO-69,Lago,BAJA CALIFORNIA,TIJUANA,69.0,COSTA,BAJA CALIFORNIA,TIJUANA,BAJA CALIFORNIA,2,BAJA CALIFORNIA,4,TIJUANA,TIJUANA,"1,000 - 2,000"
2026-10-07,MDA,BCA,07LMA-161,1,1752.43,1767.84,-15.41,0.0,07LMA-161,Libramiento Maniobras,BAJA CALIFORNIA,MEXICALI,161.0,VALLE,BAJA CALIFORNIA,MEXICALI,BAJA CALIFORNIA,2,BAJA CALIFORNIA,2,MEXICALI,MEXICALI,"1,000 - 2,000"
2026-10-07,MDA,BCA,07LMA-161,2,1144.26,1154.64,-10.37,0.0,07LMA-161,Libramiento Maniobras,BAJA CALIFORNIA,MEXICALI,161.0,VALLE,BAJA CALIFORNIA,MEXICALI,BAJA CALIFORNIA,2,BAJA CALIFORNIA,2,MEXICALI,MEXICALI,"1,000 - 2,000"
2026-10-07,MDA,BCA,07LMA-161,3,751.13,758.91,-7.78,0.0,07LMA-161,Libramiento Maniobras,BAJA CALIFORNIA,MEXICALI,161.0,VALLE,BAJA CALIFORNIA,MEXICALI,BAJA CALIFORNIA,2,BAJA CALIFORNIA,2,MEXICALI,MEXICALI,"500 - 1,000"
2026-10-07,MDA,BCA,07LMA-161,4,661.74,668.11,-6.37,0.0,07LMA-161,Libramiento Maniobras,BAJA CALIFORNIA,MEXICALI,161.0,VALLE,BAJA CALIFORNIA,MEXICALI,BAJA CALIFORNIA,2,BAJA CALIFORNIA,2,MEXICALI,MEXICALI,"500 - 1,000"
2026-10-07,MDA,BCA,07LMA-161,5,664.35,669.64,-5.29,0.0,07LMA-161,Libramiento Maniobras,BAJA CALIFORNIA,MEXICALI,161.0,VALLE,BAJA CALIFORNIA,MEXICALI,BAJA CALIFORNIA,2,BAJA CALIFORNIA,2,MEXICALI,MEXICALI,"500 - 1,000"
2026-10-07,MDA,BCA,07LMA-161,6,645.51,650.89,-5.39,0.0,07LMA-161,Libramiento Maniobras,BAJA CALIFORNIA,MEXICALI,161.0,VALLE,BAJA CALIFORNIA,MEXICALI,BAJA CALIFORNIA,2,BAJA CALIFORNIA,2,MEXICALI,MEXICALI,"500 - 1,000"
2026-10-07,MDA,BCA,07LMA-161,7,735.1,744.05,-8.95,0.0,07LMA-161,Libramiento Maniobras,BAJA CALIFORNIA,MEXICALI,161.0,VALLE,BAJA CALIFORNIA,MEXICALI,BAJA CALIFORNIA,2,BAJA CALIFORNIA,2,MEXICALI,MEXICALI,"500 - 1,000"
2026-10-07,MDA,BCA,07LMA-161,8,752.73,764.19,-11.46,0.0,07LMA-161,Libramiento Maniobras,BAJA CALIFORNIA,MEXICALI,161.0,VALLE,BAJA CALIFORNIA,MEXICALI,BAJA CALIFORNIA,2,BAJA CALIFORNIA,2,MEXICALI,MEXICALI,"500 - 1,000"
2026-10-07,MDA,BCA,07LMA-161,9,1166.25,1195.72,-29.47,0.0,07LMA-161,Libramiento Maniobras,BAJA CALIFORNIA,MEXICALI,161.0,VALLE,BAJA CALIFORNIA,MEXICALI,BAJA CALIFORNIA,2,BAJA CALIFORNIA,2,MEXICALI,MEXICALI,"1,000 - 2,000"
2026-10-07,MDA,BCA,07LMA-161,10,1062.37,1093.14,-30.76,0.0,07LMA-161,Libramiento Maniobras,BAJA CALIFORNIA,MEXICALI,161.0,VALLE,BAJA CALIFORNIA,MEXICALI,BAJA CALIFORNIA,2,BAJA CALIFORNIA,2,MEXICALI,MEXICALI,"1,000 - 2,000"
2026-10-07,MDA,BCA,07LMA-161,11,1179.78,1207.07,-27.3,0.0,07LMA-161,Libramiento Maniobras,BAJA CALIFORNIA,MEXICALI,161.0,VALLE,BAJA CALIFORNIA,MEXICALI,BAJA CALIFORNIA,2,BAJA CALIFORNIA,2,MEXICALI,MEXICALI,"1,000 - 2,000"
2026-10-07,MDA,BCA,07LMA-161,12,1204.04,1232.59,-28.55,0.0,07LMA-161,Libramiento Maniobras,BAJA CALIFORNIA,MEXICALI,161.0,VALLE,BAJA CALIFORNIA,MEXICALI,BAJA CALIFORNIA,2,BAJA CALIFORNIA,2,MEXICALI,MEXICALI,"1,000 - 2,000"
2026-10-07,MDA,BCA,07LMA-161,13,1164.25,1196.63,-32.38,0.0,07LMA-161,Libramiento Maniobras,BAJA CALIFORNIA,MEXICALI,161.0,VALLE,BAJA CALIFORNIA,MEXICALI,BAJA CALIFORNIA,2,BAJA CALIFORNIA,2,MEXICALI,MEXICALI,"1,000 - 2,000"
2026-10-07,MDA,BCA,07LMA-161,14,1203.31,1235.33,-32.02,0.0,07LMA-161,Libramiento Maniobras,BAJA CALIFORNIA,MEXICALI,161.0,VALLE,BAJA CALIFORNIA,MEXICALI,BAJA CALIFORNIA,2,BAJA CALIFORNIA,2,MEXICALI,MEXICALI,"1,000 - 2,000"
2026-10-07,MDA,BCA,07LMA-161,15,1465.05,1497.11,-32.06,0.0,07LMA-161,Libramiento Maniobras,BAJA CALIFORNIA,MEXICALI,161.0,VALLE,BAJA CALIFORNIA,MEXICALI,BAJA CALIFORNIA,2,BAJA CALIFORNIA,2,MEXICALI,MEXICALI,"1,000 - 2,000"
2026-10-07,MDA,BCA,07LMA-161,16,1458.01,1493.21,-35.21,0.0,07LMA-161,Libramiento Maniobras,BAJA CALIFORNIA,MEXICALI,161.0,VALLE,BAJA CALIFORNIA,MEXICALI,BAJA CALIFORNIA,2,BAJA CALIFORNIA,2,MEXICALI,MEXICALI,"1,000 - 2,000"
2026-10-07,MDA,BCA,07LMA-161,17,1630.87,1653.66,-22.79,0.0,07LMA-161,Libramiento Maniobras,BAJA CALIFORNIA,MEXICALI,161.0,VALLE,BAJA CALIFORNIA,MEXICALI,BAJA CALIFORNIA,2,BAJA CALIFORNIA,2,MEXICALI,MEXICALI,"1,000 - 2,000"
2026-10-07,MDA,BCA,07LMA-161,18,3452.37,3495.89,-43.52,0.0,07LMA-161,Libramiento Maniobras,BAJA CALIFORNIA,MEXICALI,161.0,VALLE,BAJA CALIFORNIA,MEXICALI,BAJA CALIFORNIA,2,BAJA CALIFORNIA,2,MEXICALI,MEXICALI,"2,000 - 5,000"
2026-10-07,MDA,BCA,07LMA-161,19,3778.24,3815.54,-37.31,0.0,07LMA-161,Libramiento Maniobras,BAJA CALIFORNIA,MEXICALI,161.0,VALLE,BAJA CALIFORNIA,MEXICALI,BAJA CALIFORNIA,2,BAJA CALIFORNIA,2,MEXICALI,MEXICALI,"2,000 - 5,000"
2026-10-07,MDA,BCA,07LMA-161,20,3512.15,3549.1,-36.96,0.0,07LMA-161,Libramiento Maniobras,BAJA CALIFORNIA,MEXICALI,161.0,VALLE,BAJA CALIFORNIA,MEXICALI,BAJA CALIFORNIA,2,BAJA CALIFORNIA,2,MEXICALI,MEXICALI,"2,000 - 5,000"
2026-10-07,MDA,BCA,07LMA-161,21,2745.36,2774.55,-29.19,0.0,07LMA-161,Libramiento Maniobras,BAJA CALIFORNIA,MEXICALI,161.0,VALLE,BAJA CALIFORNIA,MEXICALI,BAJA CALIFORNIA,2,BAJA CALIFORNIA,2,MEXICALI,MEXICALI,"2,000 - 5,000"
2026-10-07,MDA,BCA,07LMA-161,22,2506.58,2532.25,-25.68,0.0,07LMA-161,Libramiento Maniobras,BAJA CALIFORNIA,MEXICALI,161.0,VALLE,BAJA CALIFORNIA,MEXICALI,BAJA CALIFORNIA,2,BAJA CALIFORNIA,2,MEXICALI,MEXICALI,"2,000 - 5,000"
2026-10-07,MDA,BCA,07LMA-161,23,1870.62,1891.38,-20.76,0.0,07LMA-161,Libramiento Maniobras,BAJA CALIFORNIA,MEXICALI,161.0,VALLE,BAJA CALIFORNIA,MEXICALI,BAJA CALIFORNIA,2,BAJA CALIFORNIA,2,MEXICALI,MEXICALI,"1,000 - 2,000"
2026-10-07,MDA,BCA,07LMA-161,24,1240.01,1255.72,-15.71,0.0,07LMA-161,Libramiento Maniobras,BAJA CALIFORNIA,MEXICALI,161.0,VALLE,BAJA CALIFORNIA,MEXICALI,BAJA CALIFORNIA,2,BAJA CALIFORNIA,2,MEXICALI,MEXICALI,"1,000 - 2,000"
2026-10-07,MDA,BCA,07LMA-230,1,1756.02,1767.84,-11.81,0.0,07LMA-230,Libramiento Maniobras,BAJA CALIFORNIA,MEXICALI,230.0,VALLE,BAJA CALIFORNIA,MEXICALI,BAJA CALIFORNIA,2,BAJA CALIFORNIA,2,MEXICALI,MEXICALI,"1,000 - 2,000"
2026-10-07,MDA,BCA,07LMA-230,2,1145.83,1154.64,-8.8,0.0,07LMA-230,Libramiento Maniobras,BAJA CALIFORNIA,MEXICALI,230.0,VALLE,BAJA CALIFORNIA,MEXICALI,BAJA CALIFORNIA,2,BAJA CALIFORNIA,2,MEXICALI,MEXICALI,"1,000 - 2,000"
2026-10-07,MDA,BCA,07LMA-230,3,751.85,758.91,-7.06,0.0,07LMA-230,Libramiento Maniobras,BAJA CALIFORNIA,MEXICALI,230.0,VALLE,BAJA CALIFORNIA,MEXICALI,BAJA CALIFORNIA,2,BAJA CALIFORNIA,2,MEXICALI,MEXICALI,"500 - 1,000"
2026-10-07,MDA,BCA,07LMA-230,4,662.42,668.11,-5.69,0.0,07LMA-230,Libramiento Maniobras,BAJA CALIFORNIA,MEXICALI,230.0,VALLE,BAJA CALIFORNIA,MEXICALI,BAJA CALIFORNIA,2,BAJA CALIFORNIA,2,MEXICALI,MEXICALI,"500 - 1,000"
2026-10-07,MDA,BCA,07LMA-230,5,664.6,669.64,-5.04,0.0,07LMA-230,Libramiento Maniobras,BAJA CALIFORNIA,MEXICALI,230.0,VALLE,BAJA CALIFORNIA,MEXICALI,BAJA CALIFORNIA,2,BAJA CALIFORNIA,2,MEXICALI,MEXICALI,"500 - 1,000"
2026-10-07,MDA,BCA,07LMA-230,6,645.77,650.89,-5.13,0.0,07LMA-230,Libramiento Maniobras,BAJA CALIFORNIA,MEXICALI,230.0,VALLE,BAJA CALIFORNIA,MEXICALI,BAJA CALIFORNIA,2,BAJA CALIFORNIA,2,MEXICALI,MEXICALI,"500 - 1,000"
2026-10-07,MDA,BCA,07LMA-230,7,735.44,744.05,-8.62,0.0,07LMA-230,Libramiento Maniobras,BAJA CALIFORNIA,MEXICALI,230.0,VALLE,BAJA CALIFORNIA,MEXICALI,BAJA CALIFORNIA,2,BAJA CALIFORNIA,2,MEXICALI,MEXICALI,"500 - 1,000"
2026-10-07,MDA,BCA,07LMA-230,8,752.87,764.19,-11.32,0.0,07LMA-230,Libramiento Maniobras,BAJA CALIFORNIA,MEXICALI,230.0,VALLE,BAJA CALIFORNIA,MEXICALI,BAJA CALIFORNIA,2,BAJA CALIFORNIA,2,MEXICALI,MEXICALI,"500 - 1,000"
2026-10-07,MDA,BCA,07LMA-230,9,1166.26,1195.72,-29.46,0.0,07LMA-230,Libramiento Maniobras,BAJA CALIFORNIA,MEXICALI,230.0,VALLE,BAJA CALIFORNIA,MEXICALI,BAJA CALIFORNIA,2,BAJA CALIFORNIA,2,MEXICALI,MEXICALI,"1,000 - 2,000"
2026-10-07,MDA,BCA,07LMA-230,10,1064.0,1093.14,-29.14,0.0,07LMA-230,Libramiento Maniobras,BAJA CALIFORNIA,MEXICALI,230.0,VALLE,BAJA CALIFORNIA,MEXICALI,BAJA CALIFORNIA,2,BAJA CALIFORNIA,2,MEXICALI,MEXICALI,"1,000 - 2,000"
2026-10-07,MDA,BCA,07LMA-230,11,1181.46,1207.07,-25.61,0.0,07LMA-230,Libramiento Maniobras,BAJA CALIFORNIA,MEXICALI,230.0,VALLE,BAJA CALIFORNIA,MEXICALI,BAJA CALIFORNIA,2,BAJA CALIFORNIA,2,MEXICALI,MEXICALI,"1,000 - 2,000"
2026-10-07,MDA,BCA,07LMA-230,12,1205.78,1232.59,-26.81,0.0,07LMA-230,Libramiento Maniobras,BAJA CALIFORNIA,MEXICALI,230.0,VALLE,BAJA CALIFORNIA,MEXICALI,BAJA CALIFORNIA,2,BAJA CALIFORNIA,2,MEXICALI,MEXICALI,"1,000 - 2,000"
2026-10-07,MDA,BCA,07LMA-230,13,1162.83,1196.63,-33.8,0.0,07LMA-230,Libramiento Maniobras,BAJA CALIFORNIA,MEXICALI,230.0,VALLE,BAJA CALIFORNIA,MEXICALI,BAJA CALIFORNIA,2,BAJA CALIFORNIA,2,MEXICALI,MEXICALI,"1,000 - 2,000"
2026-10-07,MDA,BCA,07LMA-230,14,1200.73,1235.33,-34.59,0.0,07LMA-230,Libramiento Maniobras,BAJA CALIFORNIA,MEXICALI,230.0,VALLE,BAJA CALIFORNIA,MEXICALI,BAJA CALIFORNIA,2,BAJA CALIFORNIA,2,MEXICALI,MEXICALI,"1,000 - 2,000"
2026-10-07,MDA,BCA,07LMA-230,15,1460.73,1497.11,-36.39,0.0,07LMA-230,Libramiento Maniobras,BAJA CALIFORNIA,MEXICALI,230.0,VALLE,BAJA CALIFORNIA,MEXICALI,BAJA CALIFORNIA,2,BAJA CALIFORNIA,2,MEXICALI,MEXICALI,"1,000 - 2,000"
2026-10-07,MDA,BCA,07LMA-230,16,1453.65,1493.21,-39.57,0.0,07LMA-230,Libramiento Maniobras,BAJA CALIFORNIA,MEXICALI,230.0,VALLE,BAJA CALIFORNIA,MEXICALI,BAJA CALIFORNIA,2,BAJA CALIFORNIA,2,MEXICALI,MEXICALI,"1,000 - 2,000"
2026-10-07,MDA,BCA,07LMA-230,17,1626.12,1653.66,-27.54,0.0,07LMA-230,Libramiento Maniobras,BAJA CALIFORNIA,MEXICALI,230.0,VALLE,BAJA CALIFORNIA,MEXICALI,BAJA CALIFORNIA,2,BAJA CALIFORNIA,2,MEXICALI,MEXICALI,"1,000 - 2,000"
2026-10-07,MDA,BCA,07LMA-230,18,3446.61,3495.89,-49.28,0.0,07LMA-230,Libramiento Maniobras,BAJA CALIFORNIA,MEXICALI,230.0,VALLE,BAJA CALIFORNIA,MEXICALI,BAJA CALIFORNIA,2,BAJA CALIFORNIA,2,MEXICALI,MEXICALI,"2,000 - 5,000"
2026-10-07,MDA,BCA,07LMA-230,19,3772.22,3815.54,-43.32,0.0,07LMA-230,Libramiento Maniobras,BAJA CALIFORNIA,MEXICALI,230.0,VALLE,BAJA CALIFORNIA,MEXICALI,BAJA CALIFORNIA,2,BAJA CALIFORNIA,2,MEXICALI,MEXICALI,"2,000 - 5,000"
2026-10-07,MDA,BCA,07LMA-230,20,3506.93,3549.1,-42.18,0.0,07LMA-230,Libramiento Maniobras,BAJA CALIFORNIA,MEXICALI,230.0,VALLE,BAJA CALIFORNIA,MEXICALI,BAJA CALIFORNIA,2,BAJA CALIFORNIA,2,MEXICALI,MEXICALI,"2,000 - 5,000"
2026-10-07,MDA,BCA,07LMA-230,21,2741.81,2774.55,-32.74,0.0,07LMA-230,Libramiento Maniobras,BAJA CALIFORNIA,MEXICALI,230.0,VALLE,BAJA CALIFORNIA,MEXICALI,BAJA CALIFORNIA,2,BAJA CALIFORNIA,2,MEXICALI,MEXICALI,"2,000 - 5,000"
2026-10-07,MDA,BCA,07LMA-230,22,2503.94,2532.25,-28.32,0.0,07LMA-230,Libramiento Maniobras,BAJA CALIFORNIA,MEXICALI,230.0,VALLE,BAJA CALIFORNIA,MEXICALI,BAJA CALIFORNIA,2,BAJA CALIFORNIA,2,MEXICALI,MEXICALI,"2,000 - 5,000"
2026-10-07,MDA,BCA,07LMA-230,23,1868.49,1891.38,-22.89,0.0,07LMA-230,Libramiento Maniobras,BAJA CALIFORNIA,MEXICALI,230.0,VALLE,BAJA CALIFORNIA,MEXICALI,BAJA CALIFORNIA,2,BAJA CALIFORNIA,2,MEXICALI,MEXICALI,"1,000 - 2,000"
2026-10-07,MDA,BCA,07LMA-230,24,1238.36,1255.72,-17.36,0.0,07LMA-230,Libramiento Maniobras,BAJA CALIFORNIA,MEXICALI,230.0,VALLE,BAJA CALIFORNIA,MEXICALI,BAJA CALIFORNIA,2,BAJA CALIFORNIA,2,MEXICALI,MEXICALI,"1,000 - 2,000"
2026-10-07,MDA,BCA,07LMS-69,1,1799.01,1767.84,31.18,0.0,07LMS-69,La Mesa,BAJA CALIFORNIA,TIJUANA,69.0,COSTA,BAJA CALIFORNIA,TIJUANA,BAJA CALIFORNIA,2,BAJA CALIFORNIA,4,TIJUANA,TIJUANA,"1,000 - 2,000"
2026-10-07,MDA,BCA,07LMS-69,2,1174.33,1154.64,19.7,0.0,07LMS-69,La Mesa,BAJA CALIFORNIA,TIJUANA,69.0,COSTA,BAJA CALIFORNIA,TIJUANA,BAJA CALIFORNIA,2,BAJA CALIFORNIA,4,TIJUANA,TIJUANA,"1,000 - 2,000"
2026-10-07,MDA,BCA,07LMS-69,3,771.14,758.91,12.23,0.0,07LMS-69,La Mesa,BAJA CALIFORNIA,TIJUANA,69.0,COSTA,BAJA CALIFORNIA,TIJUANA,BAJA CALIFORNIA,2,BAJA CALIFORNIA,4,TIJUANA,TIJUANA,"500 - 1,000"
2026-10-07,MDA,BCA,07LMS-69,4,678.62,668.11,10.51,0.0,07LMS-69,La Mesa,BAJA CALIFORNIA,TIJUANA,69.0,COSTA,BAJA CALIFORNIA,TIJUANA,BAJA CALIFORNIA,2,BAJA CALIFORNIA,4,TIJUANA,TIJUANA,"500 - 1,000"
2026-10-07,MDA,BCA,07LMS-69,5,680.1,669.64,10.46,0.0,07LMS-69,La Mesa,BAJA CALIFORNIA,TIJUANA,69.0,COSTA,BAJA CALIFORNIA,TIJUANA,BAJA CALIFORNIA,2,BAJA CALIFORNIA,4,TIJUANA,TIJUANA,"500 - 1,000"
2026-10-07,MDA,BCA,07LMS-69,6,661.1,650.89,10.21,0.0,07LMS-69,La Mesa,BAJA CALIFORNIA,TIJUANA,69.0,COSTA,BAJA CALIFORNIA,TIJUANA,BAJA CALIFORNIA,2,BAJA CALIFORNIA,4,TIJUANA,TIJUANA,"500 - 1,000"
2026-10-07,MDA,BCA,07LMS-69,7,756.26,744.05,12.21,0.0,07LMS-69,La Mesa,BAJA CALIFORNIA,TIJUANA,69.0,COSTA,BAJA CALIFORNIA,TIJUANA,BAJA CALIFORNIA,2,BAJA CALIFORNIA,4,TIJUANA,TIJUANA,"500 - 1,000"
2026-10-07,MDA,BCA,07LMS-69,8,777.59,764.19,13.41,0.0,07LMS-69,La Mesa,BAJA CALIFORNIA,TIJUANA,69.0,COSTA,BAJA CALIFORNIA,TIJUANA,BAJA CALIFORNIA,2,BAJA CALIFORNIA,4,TIJUANA,TIJUANA,"500 - 1,000"
2026-10-07,MDA,BCA,07LMS-69,9,1217.48,1195.72,21.76,0.0,07LMS-69,La Mesa,BAJA CALIFORNIA,TIJUANA,69.0,COSTA,BAJA CALIFORNIA,TIJUANA,BAJA CALIFORNIA,2,BAJA CALIFORNIA,4,TIJUANA,TIJUANA,"1,000 - 2,000"
2026-10-07,MDA,BCA,07LMS-69,10,1114.18,1093.14,21.04,0.0,07LMS-69,La Mesa,BAJA CALIFORNIA,TIJUANA,69.0,COSTA,BAJA CALIFORNIA,TIJUANA,BAJA CALIFORNIA,2,BAJA CALIFORNIA,4,TIJUANA,TIJUANA,"1,000 - 2,000"
2026-10-07,MDA,BCA,07LMS-69,11,1231.19,1207.07,24.12,0.0,07LMS-69,La Mesa,BAJA CALIFORNIA,TIJUANA,69.0,COSTA,BAJA CALIFORNIA,TIJUANA,BAJA CALIFORNIA,2,BAJA CALIFORNIA,4,TIJUANA,TIJUANA,"1,000 - 2,000"
2026-10-07,MDA,BCA,07LMS-69,12,1257.75,1232.59,25.16,0.0,07LMS-69,La Mesa,BAJA CALIFORNIA,TIJUANA,69.0,COSTA,BAJA CALIFORNIA,TIJUANA,BAJA CALIFORNIA,2,BAJA CALIFORNIA,4,TIJUANA,TIJUANA,"1,000 - 2,000"
2026-10-07,MDA,BCA,07LMS-69,13,1221.37,1196.63,24.74,0.0,07LMS-69,La Mesa,BAJA CALIFORNIA,TIJUANA,69.0,COSTA,BAJA CALIFORNIA,TIJUANA,BAJA CALIFORNIA,2,BAJA CALIFORNIA,4,TIJUANA,TIJUANA,"1,000 - 2,000"
2026-10-07,MDA,BCA,07LMS-69,14,1261.36,1235.33,26.03,0.0,07LMS-69,La Mesa,BAJA CALIFORNIA,TIJUANA,69.0,COSTA,BAJA CALIFORNIA,TIJUANA,BAJA CALIFORNIA,2,BAJA CALIFORNIA,4,TIJUANA,TIJUANA,"1,000 - 2,000"
2026-10-07,MDA,BCA,07LMS-69,15,1528.79,1497.11,31.68,0.0,07LMS-69,La Mesa,BAJA CALIFORNIA,TIJUANA,69.0,COSTA,BAJA CALIFORNIA,TIJUANA,BAJA CALIFORNIA,2,BAJA CALIFORNIA,4,TIJUANA,TIJUANA,"1,000 - 2,000"
2026-10-07,MDA,BCA,07LMS-69,16,1525.26,1493.21,32.05,0.0,07LMS-69,La Mesa,BAJA CALIFORNIA,TIJUANA,69.0,COSTA,BAJA CALIFORNIA,TIJUANA,BAJA CALIFORNIA,2,BAJA CALIFORNIA,4,TIJUANA,TIJUANA,"1,000 - 2,000"
2026-10-07,MDA,BCA,07LMS-69,17,1688.69,1653.66,35.03,0.0,07LMS-69,La Mesa,BAJA CALIFORNIA,TIJUANA,69.0,COSTA,BAJA CALIFORNIA,TIJUANA,BAJA CALIFORNIA,2,BAJA CALIFORNIA,4,TIJUANA,TIJUANA,"1,000 - 2,000"
2026-10-07,MDA,BCA,07LMS-69,18,3567.95,3495.89,72.06,0.0,07LMS-69,La Mesa,BAJA CALIFORNIA,TIJUANA,69.0,COSTA,BAJA CALIFORNIA,TIJUANA,BAJA CALIFORNIA,2,BAJA CALIFORNIA,4,TIJUANA,TIJUANA,"2,000 - 5,000"
2026-10-07,MDA,BCA,07LMS-69,19,3892.51,3815.54,76.97,0.0,07LMS-69,La Mesa,BAJA CALIFORNIA,TIJUANA,69.0,COSTA,BAJA CALIFORNIA,TIJUANA,BAJA CALIFORNIA,2,BAJA CALIFORNIA,4,TIJUANA,TIJUANA,"2,000 - 5,000"
2026-10-07,MDA,BCA,07LMS-69,20,3620.07,3549.1,70.96,0.0,07LMS-69,La Mesa,BAJA CALIFORNIA,TIJUANA,69.0,COSTA,BAJA CALIFORNIA,TIJUANA,BAJA CALIFORNIA,2,BAJA CALIFORNIA,4,TIJUANA,TIJUANA,"2,000 - 5,000"
2026-10-07,MDA,BCA,07LMS-69,21,2829.15,2774.55,54.6,0.0,07LMS-69,La Mesa,BAJA CALIFORNIA,TIJUANA,69.0,COSTA,BAJA CALIFORNIA,TIJUANA,BAJA CALIFORNIA,2,BAJA CALIFORNIA,4,TIJUANA,TIJUANA,"2,000 - 5,000"
2026-10-07,MDA,BCA,07LMS-69,22,2581.49,2532.25,49.24,0.0,07LMS-69,La Mesa,BAJA CALIFORNIA,TIJUANA,69.0,COSTA,BAJA CALIFORNIA,TIJUANA,BAJA CALIFORNIA,2,BAJA CALIFORNIA,4,TIJUANA,TIJUANA,"2,000 - 5,000"
2026-10-07,MDA,BCA,07LMS-69,23,1927.47,1891.38,36.09,0.0,07LMS-69,La Mesa,BAJA CALIFORNIA,TIJUANA,69.0,COSTA,BAJA CALIFORNIA,TIJUANA,BAJA CALIFORNIA,2,BAJA CALIFORNIA,4,TIJUANA,TIJUANA,"1,000 - 2,000"
2026-10-07,MDA,BCA,07LMS-69,24,1278.48,1255.72,22.76,0.0,07LMS-69,La Mesa,BAJA CALIFORNIA,TIJUANA,69.0,COSTA,BAJA CALIFORNIA,TIJUANA,BAJA CALIFORNIA,2,BAJA CALIFORNIA,4,TIJUANA,TIJUANA,"1,000 - 2,000"
2026-10-07,MDA,BCA,07LOS-115,1,1787.32,1767.84,19.48,0.0,07LOS-115,Lomas,BAJA CALIFORNIA,ENSENADA,115.0,COSTA,BAJA CALIFORNIA,ENSENADA,BAJA CALIFORNIA,2,BAJA CALIFORNIA,1,ENSENADA,ENSENADA,"1,000 - 2,000"
2026-10-07,MDA,BCA,07LOS-115,2,1166.55,1154.64,11.92,0.0,07LOS-115,Lomas,BAJA CALIFORNIA,ENSENADA,115.0,COSTA,BAJA CALIFORNIA,ENSENADA,BAJA CALIFORNIA,2,BAJA CALIFORNIA,1,ENSENADA,ENSENADA,"1,000 - 2,000"
2026-10-07,MDA,BCA,07LOS-115,3,767.89,758.91,8.98,0.0,07LOS-115,Lomas,BAJA CALIFORNIA,ENSENADA,115.0,COSTA,BAJA CALIFORNIA,ENSENADA,BAJA CALIFORNIA,2,BAJA CALIFORNIA,1,ENSENADA,ENSENADA,"500 - 1,000"
2026-10-07,MDA,BCA,07LOS-115,4,676.01,668.11,7.9,0.0,07LOS-115,Lomas,BAJA CALIFORNIA,ENSENADA,115.0,COSTA,BAJA CALIFORNIA,ENSENADA,BAJA CALIFORNIA,2,BAJA CALIFORNIA,1,ENSENADA,ENSENADA,"500 - 1,000"
2026-10-07,MDA,BCA,07LOS-115,5,677.41,669.64,7.77,0.0,07LOS-115,Lomas,BAJA CALIFORNIA,ENSENADA,115.0,COSTA,BAJA CALIFORNIA,ENSENADA,BAJA CALIFORNIA,2,BAJA CALIFORNIA,1,ENSENADA,ENSENADA,"500 - 1,000"
2026-10-07,MDA,BCA,07LOS-115,6,658.56,650.89,7.67,0.0,07LOS-115,Lomas,BAJA CALIFORNIA,ENSENADA,115.0,COSTA,BAJA CALIFORNIA,ENSENADA,BAJA CALIFORNIA,2,BAJA CALIFORNIA,1,ENSENADA,ENSENADA,"500 - 1,000"
2026-10-07,MDA,BCA,07LOS-115,7,753.29,744.05,9.24,0.0,07LOS-115,Lomas,BAJA CALIFORNIA,ENSENADA,115.0,COSTA,BAJA CALIFORNIA,ENSENADA,BAJA CALIFORNIA,2,BAJA CALIFORNIA,1,ENSENADA,ENSENADA,"500 - 1,000"
2026-10-07,MDA,BCA,07LOS-115,8,773.81,764.19,9.62,0.0,07LOS-115,Lomas,BAJA CALIFORNIA,ENSENADA,115.0,COSTA,BAJA CALIFORNIA,ENSENADA,BAJA CALIFORNIA,2,BAJA CALIFORNIA,1,ENSENADA,ENSENADA,"500 - 1,000"
2026-10-07,MDA,BCA,07LOS-115,9,1212.71,1195.72,17.0,0.0,07LOS-115,Lomas,BAJA CALIFORNIA,ENSENADA,115.0,COSTA,BAJA CALIFORNIA,ENSENADA,BAJA CALIFORNIA,2,BAJA CALIFORNIA,1,ENSENADA,ENSENADA,"1,000 - 2,000"
2026-10-07,MDA,BCA,07LOS-115,10,1106.96,1093.14,13.83,0.0,07LOS-115,Lomas,BAJA CALIFORNIA,ENSENADA,115.0,COSTA,BAJA CALIFORNIA,ENSENADA,BAJA CALIFORNIA,2,BAJA CALIFORNIA,1,ENSENADA,ENSENADA,"1,000 - 2,000"
2026-10-07,MDA,BCA,07LOS-115,11,1223.14,1207.07,16.06,0.0,07LOS-115,Lomas,BAJA CALIFORNIA,ENSENADA,115.0,COSTA,BAJA CALIFORNIA,ENSENADA,BAJA CALIFORNIA,2,BAJA CALIFORNIA,1,ENSENADA,ENSENADA,"1,000 - 2,000"
2026-10-07,MDA,BCA,07LOS-115,12,7644.25,1232.59,17.09,6394.57,07LOS-115,Lomas,BAJA CALIFORNIA,ENSENADA,115.0,COSTA,BAJA CALIFORNIA,ENSENADA,BAJA CALIFORNIA,2,BAJA CALIFORNIA,1,ENSENADA,ENSENADA,"5,000 - 10,000"
2026-10-07,MDA,BCA,07LOS-115,13,9287.9,1196.63,16.68,8074.6,07LOS-115,Lomas,BAJA CALIFORNIA,ENSENADA,115.0,COSTA,BAJA CALIFORNIA,ENSENADA,BAJA CALIFORNIA,2,BAJA CALIFORNIA,1,ENSENADA,ENSENADA,"5,000 - 10,000"
2026-10-07,MDA,BCA,07LOS-115,14,9997.9,1235.33,17.22,8745.35,07LOS-115,Lomas,BAJA CALIFORNIA,ENSENADA,115.0,COSTA,BAJA CALIFORNIA,ENSENADA,BAJA CALIFORNIA,2,BAJA CALIFORNIA,1,ENSENADA,ENSENADA,"5,000 - 10,000"
2026-10-07,MDA,BCA,07LOS-115,15,7617.9,1497.11,24.77,6096.02,07LOS-115,Lomas,BAJA CALIFORNIA,ENSENADA,115.0,COSTA,BAJA CALIFORNIA,ENSENADA,BAJA CALIFORNIA,2,BAJA CALIFORNIA,1,ENSENADA,ENSENADA,"5,000 - 10,000"
2026-10-07,MDA,BCA,07LOS-115,16,9206.55,1493.21,22.84,7690.49,07LOS-115,Lomas,BAJA CALIFORNIA,ENSENADA,115.0,COSTA,BAJA CALIFORNIA,ENSENADA,BAJA CALIFORNIA,2,BAJA CALIFORNIA,1,ENSENADA,ENSENADA,"5,000 - 10,000"
2026-10-07,MDA,BCA,07LOS-115,17,10722.5,1653.66,25.25,9043.6,07LOS-115,Lomas,BAJA CALIFORNIA,ENSENADA,115.0,COSTA,BAJA CALIFORNIA,ENSENADA,BAJA CALIFORNIA,2,BAJA CALIFORNIA,1,ENSENADA,ENSENADA,"10,000 o más"
2026-10-07,MDA,BCA,07LOS-115,18,10861.86,3495.89,53.9,7312.07,07LOS-115,Lomas,BAJA CALIFORNIA,ENSENADA,115.0,COSTA,BAJA CALIFORNIA,ENSENADA,BAJA CALIFORNIA,2,BAJA CALIFORNIA,1,ENSENADA,ENSENADA,"10,000 o más"
2026-10-07,MDA,BCA,07LOS-115,19,9814.45,3815.54,57.68,5941.22,07LOS-115,Lomas,BAJA CALIFORNIA,ENSENADA,115.0,COSTA,BAJA CALIFORNIA,ENSENADA,BAJA CALIFORNIA,2,BAJA CALIFORNIA,1,ENSENADA,ENSENADA,"5,000 - 10,000"
2026-10-07,MDA,BCA,07LOS-115,20,10222.55,3549.1,53.41,6620.03,07LOS-115,Lomas,BAJA CALIFORNIA,ENSENADA,115.0,COSTA,BAJA CALIFORNIA,ENSENADA,BAJA CALIFORNIA,2,BAJA CALIFORNIA,1,ENSENADA,ENSENADA,"10,000 o más"
2026-10-07,MDA,BCA,07LOS-115,21,9113.8,2774.55,42.17,6297.08,07LOS-115,Lomas,BAJA CALIFORNIA,ENSENADA,115.0,COSTA,BAJA CALIFORNIA,ENSENADA,BAJA CALIFORNIA,2,BAJA CALIFORNIA,1,ENSENADA,ENSENADA,"5,000 - 10,000"
2026-10-07,MDA,BCA,07LOS-115,22,10552.67,2532.25,35.06,7985.35,07LOS-115,Lomas,BAJA CALIFORNIA,ENSENADA,115.0,COSTA,BAJA CALIFORNIA,ENSENADA,BAJA CALIFORNIA,2,BAJA CALIFORNIA,1,ENSENADA,ENSENADA,"10,000 o más"
2026-10-07,MDA,BCA,07LOS-115,23,1915.75,1891.38,24.38,0.0,07LOS-115,Lomas,BAJA CALIFORNIA,ENSENADA,115.0,COSTA,BAJA CALIFORNIA,ENSENADA,BAJA CALIFORNIA,2,BAJA CALIFORNIA,1,ENSENADA,ENSENADA,"1,000 - 2,000"
2026-10-07,MDA,BCA,07LOS-115,24,1271.56,1255.72,15.85,0.0,07LOS-115,Lomas,BAJA CALIFORNIA,ENSENADA,115.0,COSTA,BAJA CALIFORNIA,ENSENADA,BAJA CALIFORNIA,2,BAJA CALIFORNIA,1,ENSENADA,ENSENADA,"1,000 - 2,000"
2026-10-07,MDA,BCA,07LRC-230,1,1782.0,1767.84,14.16,0.0,07LRC-230,Ciclo Combiando San Luis Rio Colorado,BAJA CALIFORNIA,SANLUIS,230.0,VALLE,BAJA CALIFORNIA,SAN LUIS,BAJA CALIFORNIA,26,SONORA,55,SAN LUIS RIO COLORADO,SAN LUIS RIO COLORADO,"1,000 - 2,000"
2026-10-07,MDA,BCA,07LRC-230,2,1162.29,1154.64,7.66,0.0,07LRC-230,Ciclo Combiando San Luis Rio Colorado,BAJA CALIFORNIA,SANLUIS,230.0,VALLE,BAJA CALIFORNIA,SAN LUIS,BAJA CALIFORNIA,26,SONORA,55,SAN LUIS RIO COLORADO,SAN LUIS RIO COLORADO,"1,000 - 2,000"
2026-10-07,MDA,BCA,07LRC-230,3,762.19,758.91,3.28,0.0,07LRC-230,Ciclo Combiando San Luis Rio Colorado,BAJA CALIFORNIA,SANLUIS,230.0,VALLE,BAJA CALIFORNIA,SAN LUIS,BAJA CALIFORNIA,26,SONORA,55,SAN LUIS RIO COLORADO,SAN LUIS RIO COLORADO,"500 - 1,000"
2026-10-07,MDA,BCA,07LRC-230,4,671.08,668.11,2.97,0.0,07LRC-230,Ciclo Combiando San Luis Rio Colorado,BAJA CALIFORNIA,SANLUIS,230.0,VALLE,BAJA CALIFORNIA,SAN LUIS,BAJA CALIFORNIA,26,SONORA,55,SAN LUIS RIO COLORADO,SAN LUIS RIO COLORADO,"500 - 1,000"
2026-10-07,MDA,BCA,07LRC-230,5,673.09,669.64,3.45,0.0,07LRC-230,Ciclo Combiando San Luis Rio Colorado,BAJA CALIFORNIA,SANLUIS,230.0,VALLE,BAJA CALIFORNIA,SAN LUIS,BAJA CALIFORNIA,26,SONORA,55,SAN LUIS RIO COLORADO,SAN LUIS RIO COLORADO,"500 - 1,000"
2026-10-07,MDA,BCA,07LRC-230,6,653.83,650.89,2.94,0.0,07LRC-230,Ciclo Combiando San Luis Rio Colorado,BAJA CALIFORNIA,SANLUIS,230.0,VALLE,BAJA CALIFORNIA,SAN LUIS,BAJA CALIFORNIA,26,SONORA,55,SAN LUIS RIO COLORADO,SAN LUIS RIO COLORADO,"500 - 1,000"
2026-10-07,MDA,BCA,07LRC-230,7,744.66,744.05,0.61,0.0,07LRC-230,Ciclo Combiando San Luis Rio Colorado,BAJA CALIFORNIA,SANLUIS,230.0,VALLE,BAJA CALIFORNIA,SAN LUIS,BAJA CALIFORNIA,26,SONORA,55,SAN LUIS RIO COLORADO,SAN LUIS RIO COLORADO,"500 - 1,000"
2026-10-07,MDA,BCA,07LRC-230,8,762.3,764.19,-1.89,0.0,07LRC-230,Ciclo Combiando San Luis Rio Colorado,BAJA CALIFORNIA,SANLUIS,230.0,VALLE,BAJA CALIFORNIA,SAN LUIS,BAJA CALIFORNIA,26,SONORA,55,SAN LUIS RIO COLORADO,SAN LUIS RIO COLORADO,"500 - 1,000"
2026-10-07,MDA,BCA,07LRC-230,9,1181.49,1195.72,-14.22,0.0,07LRC-230,Ciclo Combiando San Luis Rio Colorado,BAJA CALIFORNIA,SANLUIS,230.0,VALLE,BAJA CALIFORNIA,SAN LUIS,BAJA CALIFORNIA,26,SONORA,55,SAN LUIS RIO COLORADO,SAN LUIS RIO COLORADO,"1,000 - 2,000"
2026-10-07,MDA,BCA,07LRC-230,10,1079.03,1093.14,-14.11,0.0,07LRC-230,Ciclo Combiando San Luis Rio Colorado,BAJA CALIFORNIA,SANLUIS,230.0,VALLE,BAJA CALIFORNIA,SAN LUIS,BAJA CALIFORNIA,26,SONORA,55,SAN LUIS RIO COLORADO,SAN LUIS RIO COLORADO,"1,000 - 2,000"
2026-10-07,MDA,BCA,07LRC-230,11,1199.26,1207.07,-7.82,0.0,07LRC-230,Ciclo Combiando San Luis Rio Colorado,BAJA CALIFORNIA,SANLUIS,230.0,VALLE,BAJA CALIFORNIA,SAN LUIS,BAJA CALIFORNIA,26,SONORA,55,SAN LUIS RIO COLORADO,SAN LUIS RIO COLORADO,"1,000 - 2,000"
2026-10-07,MDA,BCA,07LRC-230,12,1225.19,1232.59,-7.4,0.0,07LRC-230,Ciclo Combiando San Luis Rio Colorado,BAJA CALIFORNIA,SANLUIS,230.0,VALLE,BAJA CALIFORNIA,SAN LUIS,BAJA CALIFORNIA,26,SONORA,55,SAN LUIS RIO COLORADO,SAN LUIS RIO COLORADO,"1,000 - 2,000"
2026-10-07,MDA,BCA,07LRC-230,13,1185.13,1196.63,-11.5,0.0,07LRC-230,Ciclo Combiando San Luis Rio Colorado,BAJA CALIFORNIA,SANLUIS,230.0,VALLE,BAJA CALIFORNIA,SAN LUIS,BAJA CALIFORNIA,26,SONORA,55,SAN LUIS RIO COLORADO,SAN LUIS RIO COLORADO,"1,000 - 2,000"
2026-10-07,MDA,BCA,07LRC-230,14,1225.11,1235.33,-10.22,0.0,07LRC-230,Ciclo Combiando San Luis Rio Colorado,BAJA CALIFORNIA,SANLUIS,230.0,VALLE,BAJA CALIFORNIA,SAN LUIS,BAJA CALIFORNIA,26,SONORA,55,SAN LUIS RIO COLORADO,SAN LUIS RIO COLORADO,"1,000 - 2,000"
2026-10-07,MDA,BCA,07LRC-230,15,1491.16,1497.11,-5.95,0.0,07LRC-230,Ciclo Combiando San Luis Rio Colorado,BAJA CALIFORNIA,SANLUIS,230.0,VALLE,BAJA CALIFORNIA,SAN LUIS,BAJA CALIFORNIA,26,SONORA,55,SAN LUIS RIO COLORADO,SAN LUIS RIO COLORADO,"1,000 - 2,000"
2026-10-07,MDA,BCA,07LRC-230,16,1485.53,1493.21,-7.69,0.0,07LRC-230,Ciclo Combiando San Luis Rio Colorado,BAJA CALIFORNIA,SANLUIS,230.0,VALLE,BAJA CALIFORNIA,SAN LUIS,BAJA CALIFORNIA,26,SONORA,55,SAN LUIS RIO COLORADO,SAN LUIS RIO COLORADO,"1,000 - 2,000"
2026-10-07,MDA,BCA,07LRC-230,17,1661.74,1653.66,8.08,0.0,07LRC-230,Ciclo Combiando San Luis Rio Colorado,BAJA CALIFORNIA,SANLUIS,230.0,VALLE,BAJA CALIFORNIA,SAN LUIS,BAJA CALIFORNIA,26,SONORA,55,SAN LUIS RIO COLORADO,SAN LUIS RIO COLORADO,"1,000 - 2,000"
2026-10-07,MDA,BCA,07LRC-230,18,3512.57,3495.89,16.68,0.0,07LRC-230,Ciclo Combiando San Luis Rio Colorado,BAJA CALIFORNIA,SANLUIS,230.0,VALLE,BAJA CALIFORNIA,SAN LUIS,BAJA CALIFORNIA,26,SONORA,55,SAN LUIS RIO COLORADO,SAN LUIS RIO COLORADO,"2,000 - 5,000"
2026-10-07,MDA,BCA,07LRC-230,19,3851.69,3815.54,36.14,0.0,07LRC-230,Ciclo Combiando San Luis Rio Colorado,BAJA CALIFORNIA,SANLUIS,230.0,VALLE,BAJA CALIFORNIA,SAN LUIS,BAJA CALIFORNIA,26,SONORA,55,SAN LUIS RIO COLORADO,SAN LUIS RIO COLORADO,"2,000 - 5,000"
2026-10-07,MDA,BCA,07LRC-230,20,3580.56,3549.1,31.46,0.0,07LRC-230,Ciclo Combiando San Luis Rio Colorado,BAJA CALIFORNIA,SANLUIS,230.0,VALLE,BAJA CALIFORNIA,SAN LUIS,BAJA CALIFORNIA,26,SONORA,55,SAN LUIS RIO COLORADO,SAN LUIS RIO COLORADO,"2,000 - 5,000"
2026-10-07,MDA,BCA,07LRC-230,21,2798.4,2774.55,23.85,0.0,07LRC-230,Ciclo Combiando San Luis Rio Colorado,BAJA CALIFORNIA,SANLUIS,230.0,VALLE,BAJA CALIFORNIA,SAN LUIS,BAJA CALIFORNIA,26,SONORA,55,SAN LUIS RIO COLORADO,SAN LUIS RIO COLORADO,"2,000 - 5,000"
2026-10-07,MDA,BCA,07LRC-230,22,2554.5,2532.25,22.25,0.0,07LRC-230,Ciclo Combiando San Luis Rio Colorado,BAJA CALIFORNIA,SANLUIS,230.0,VALLE,BAJA CALIFORNIA,SAN LUIS,BAJA CALIFORNIA,26,SONORA,55,SAN LUIS RIO COLORADO,SAN LUIS RIO COLORADO,"2,000 - 5,000"
2026-10-07,MDA,BCA,07LRC-230,23,1904.83,1891.38,13.45,0.0,07LRC-230,Ciclo Combiando San Luis Rio Colorado,BAJA CALIFORNIA,SANLUIS,230.0,VALLE,BAJA CALIFORNIA,SAN LUIS,BAJA CALIFORNIA,26,SONORA,55,SAN LUIS RIO COLORADO,SAN LUIS RIO COLORADO,"1,000 - 2,000"
2026-10-07,MDA,BCA,07LRC-230,24,1261.22,1255.72,5.5,0.0,07LRC-230,Ciclo Combiando San Luis Rio Colorado,BAJA CALIFORNIA,SANLUIS,230.0,VALLE,BAJA CALIFORNIA,SAN LUIS,BAJA CALIFORNIA,26,SONORA,55,SAN LUIS RIO COLORADO,SAN LUIS RIO COLORADO,"1,000 - 2,000"
2026-10-07,MDA,BCA,07MAB-69,1,1781.97,1767.84,14.13,0.0,07MAB-69,Mabamex,BAJA CALIFORNIA,TIJUANA,69.0,COSTA,BAJA CALIFORNIA,TIJUANA,BAJA CALIFORNIA,2,BAJA CALIFORNIA,4,TIJUANA,TIJUANA,"1,000 - 2,000"
2026-10-07,MDA,BCA,07MAB-69,2,1163.87,1154.64,9.24,0.0,07MAB-69,Mabamex,BAJA CALIFORNIA,TIJUANA,69.0,COSTA,BAJA CALIFORNIA,TIJUANA,BAJA CALIFORNIA,2,BAJA CALIFORNIA,4,TIJUANA,TIJUANA,"1,000 - 2,000"
2026-10-07,MDA,BCA,07MAB-69,3,764.5,758.91,5.6,0.0,07MAB-69,Mabamex,BAJA CALIFORNIA,TIJUANA,69.0,COSTA,BAJA CALIFORNIA,TIJUANA,BAJA CALIFORNIA,2,BAJA CALIFORNIA,4,TIJUANA,TIJUANA,"500 - 1,000"
2026-10-07,MDA,BCA,07MAB-69,4,673.05,668.11,4.94,0.0,07MAB-69,Mabamex,BAJA CALIFORNIA,TIJUANA,69.0,COSTA,BAJA CALIFORNIA,TIJUANA,BAJA CALIFORNIA,2,BAJA CALIFORNIA,4,TIJUANA,TIJUANA,"500 - 1,000"
2026-10-07,MDA,BCA,07MAB-69,5,674.64,669.64,5.01,0.0,07MAB-69,Mabamex,BAJA CALIFORNIA,TIJUANA,69.0,COSTA,BAJA CALIFORNIA,TIJUANA,BAJA CALIFORNIA,2,BAJA CALIFORNIA,4,TIJUANA,TIJUANA,"500 - 1,000"
2026-10-07,MDA,BCA,07MAB-69,6,655.7,650.89,4.8,0.0,07MAB-69,Mabamex,BAJA CALIFORNIA,TIJUANA,69.0,COSTA,BAJA CALIFORNIA,TIJUANA,BAJA CALIFORNIA,2,BAJA CALIFORNIA,4,TIJUANA,TIJUANA,"500 - 1,000"
2026-10-07,MDA,BCA,07MAB-69,7,749.41,744.05,5.36,0.0,07MAB-69,Mabamex,BAJA CALIFORNIA,TIJUANA,69.0,COSTA,BAJA CALIFORNIA,TIJUANA,BAJA CALIFORNIA,2,BAJA CALIFORNIA,4,TIJUANA,TIJUANA,"500 - 1,000"
2026-10-07,MDA,BCA,07MAB-69,8,769.78,764.19,5.59,0.0,07MAB-69,Mabamex,BAJA CALIFORNIA,TIJUANA,69.0,COSTA,BAJA CALIFORNIA,TIJUANA,BAJA CALIFORNIA,2,BAJA CALIFORNIA,4,TIJUANA,TIJUANA,"500 - 1,000"
2026-10-07,MDA,BCA,07MAB-69,9,1204.09,1195.72,8.37,0.0,07MAB-69,Mabamex,BAJA CALIFORNIA,TIJUANA,69.0,COSTA,BAJA CALIFORNIA,TIJUANA,BAJA CALIFORNIA,2,BAJA CALIFORNIA,4,TIJUANA,TIJUANA,"1,000 - 2,000"
2026-10-07,MDA,BCA,07MAB-69,10,1101.03,1093.14,7.89,0.0,07MAB-69,Mabamex,BAJA CALIFORNIA,TIJUANA,69.0,COSTA,BAJA CALIFORNIA,TIJUANA,BAJA CALIFORNIA,2,BAJA CALIFORNIA,4,TIJUANA,TIJUANA,"1,000 - 2,000"
2026-10-07,MDA,BCA,07MAB-69,11,1215.82,1207.07,8.75,0.0,07MAB-69,Mabamex,BAJA CALIFORNIA,TIJUANA,69.0,COSTA,BAJA CALIFORNIA,TIJUANA,BAJA CALIFORNIA,2,BAJA CALIFORNIA,4,TIJUANA,TIJUANA,"1,000 - 2,000"
2026-10-07,MDA,BCA,07MAB-69,12,1241.28,1232.59,8.69,0.0,07MAB-69,Mabamex,BAJA CALIFORNIA,TIJUANA,69.0,COSTA,BAJA CALIFORNIA,TIJUANA,BAJA CALIFORNIA,2,BAJA CALIFORNIA,4,TIJUANA,TIJUANA,"1,000 - 2,000"
2026-10-07,MDA,BCA,07MAB-69,13,1204.94,1196.63,8.31,0.0,07MAB-69,Mabamex,BAJA CALIFORNIA,TIJUANA,69.0,COSTA,BAJA CALIFORNIA,TIJUANA,BAJA CALIFORNIA,2,BAJA CALIFORNIA,4,TIJUANA,TIJUANA,"1,000 - 2,000"
2026-10-07,MDA,BCA,07MAB-69,14,1244.01,1235.33,8.69,0.0,07MAB-69,Mabamex,BAJA CALIFORNIA,TIJUANA,69.0,COSTA,BAJA CALIFORNIA,TIJUANA,BAJA CALIFORNIA,2,BAJA CALIFORNIA,4,TIJUANA,TIJUANA,"1,000 - 2,000"
2026-10-07,MDA,BCA,07MAB-69,15,1507.16,1497.11,10.05,0.0,07MAB-69,Mabamex,BAJA CALIFORNIA,TIJUANA,69.0,COSTA,BAJA CALIFORNIA,TIJUANA,BAJA CALIFORNIA,2,BAJA CALIFORNIA,4,TIJUANA,TIJUANA,"1,000 - 2,000"
2026-10-07,MDA,BCA,07MAB-69,16,1503.67,1493.21,10.46,0.0,07MAB-69,Mabamex,BAJA CALIFORNIA,TIJUANA,69.0,COSTA,BAJA CALIFORNIA,TIJUANA,BAJA CALIFORNIA,2,BAJA CALIFORNIA,4,TIJUANA,TIJUANA,"1,000 - 2,000"
2026-10-07,MDA,BCA,07MAB-69,17,1665.19,1653.66,11.53,0.0,07MAB-69,Mabamex,BAJA CALIFORNIA,TIJUANA,69.0,COSTA,BAJA CALIFORNIA,TIJUANA,BAJA CALIFORNIA,2,BAJA CALIFORNIA,4,TIJUANA,TIJUANA,"1,000 - 2,000"
2026-10-07,MDA,BCA,07MAB-69,18,3520.88,3495.89,24.99,0.0,07MAB-69,Mabamex,BAJA CALIFORNIA,TIJUANA,69.0,COSTA,BAJA CALIFORNIA,TIJUANA,BAJA CALIFORNIA,2,BAJA CALIFORNIA,4,TIJUANA,TIJUANA,"2,000 - 5,000"
2026-10-07,MDA,BCA,07MAB-69,19,3843.68,3815.54,28.14,0.0,07MAB-69,Mabamex,BAJA CALIFORNIA,TIJUANA,69.0,COSTA,BAJA CALIFORNIA,TIJUANA,BAJA CALIFORNIA,2,BAJA CALIFORNIA,4,TIJUANA,TIJUANA,"2,000 - 5,000"
2026-10-07,MDA,BCA,07MAB-69,20,3575.18,3549.1,26.07,0.0,07MAB-69,Mabamex,BAJA CALIFORNIA,TIJUANA,69.0,COSTA,BAJA CALIFORNIA,TIJUANA,BAJA CALIFORNIA,2,BAJA CALIFORNIA,4,TIJUANA,TIJUANA,"2,000 - 5,000"
2026-10-07,MDA,BCA,07MAB-69,21,2794.67,2774.55,20.12,0.0,07MAB-69,Mabamex,BAJA CALIFORNIA,TIJUANA,69.0,COSTA,BAJA CALIFORNIA,TIJUANA,BAJA CALIFORNIA,2,BAJA CALIFORNIA,4,TIJUANA,TIJUANA,"2,000 - 5,000"
2026-10-07,MDA,BCA,07MAB-69,22,2551.38,2532.25,19.13,0.0,07MAB-69,Mabamex,BAJA CALIFORNIA,TIJUANA,69.0,COSTA,BAJA CALIFORNIA,TIJUANA,BAJA CALIFORNIA,2,BAJA CALIFORNIA,4,TIJUANA,TIJUANA,"2,000 - 5,000"
2026-10-07,MDA,BCA,07MAB-69,23,1906.47,1891.38,15.1,0.0,07MAB-69,Mabamex,BAJA CALIFORNIA,TIJUANA,69.0,COSTA,BAJA CALIFORNIA,TIJUANA,BAJA CALIFORNIA,2,BAJA CALIFORNIA,4,TIJUANA,TIJUANA,"1,000 - 2,000"
2026-10-07,MDA,BCA,07MAB-69,24,1265.59,1255.72,9.88,0.0,07MAB-69,Mabamex,BAJA CALIFORNIA,TIJUANA,69.0,COSTA,BAJA CALIFORNIA,TIJUANA,BAJA CALIFORNIA,2,BAJA CALIFORNIA,4,TIJUANA,TIJUANA,"1,000 - 2,000"
2026-10-07,MDA,BCA,07MCI-161,1,1754.9,1767.84,-12.93,0.0,07MCI-161,Combustion Interna Mexicali Oriente,BAJA CALIFORNIA,MEXICALI,161.0,VALLE,BAJA CALIFORNIA,MEXICALI,BAJA CALIFORNIA,2,BAJA CALIFORNIA,2,MEXICALI,MEXICALI,"1,000 - 2,000"
2026-10-07,MDA,BCA,07MCI-161,2,1146.21,1154.64,-8.43,0.0,07MCI-161,Combustion Interna Mexicali Oriente,BAJA CALIFORNIA,MEXICALI,161.0,VALLE,BAJA CALIFORNIA,MEXICALI,BAJA CALIFORNIA,2,BAJA CALIFORNIA,2,MEXICALI,MEXICALI,"1,000 - 2,000"
2026-10-07,MDA,BCA,07MCI-161,3,752.49,758.91,-6.42,0.0,07MCI-161,Combustion Interna Mexicali Oriente,BAJA CALIFORNIA,MEXICALI,161.0,VALLE,BAJA CALIFORNIA,MEXICALI,BAJA CALIFORNIA,2,BAJA CALIFORNIA,2,MEXICALI,MEXICALI,"500 - 1,000"
2026-10-07,MDA,BCA,07MCI-161,4,662.9,668.11,-5.21,0.0,07MCI-161,Combustion Interna Mexicali Oriente,BAJA CALIFORNIA,MEXICALI,161.0,VALLE,BAJA CALIFORNIA,MEXICALI,BAJA CALIFORNIA,2,BAJA CALIFORNIA,2,MEXICALI,MEXICALI,"500 - 1,000"
2026-10-07,MDA,BCA,07MCI-161,5,665.65,669.64,-3.99,0.0,07MCI-161,Combustion Interna Mexicali Oriente,BAJA CALIFORNIA,MEXICALI,161.0,VALLE,BAJA CALIFORNIA,MEXICALI,BAJA CALIFORNIA,2,BAJA CALIFORNIA,2,MEXICALI,MEXICALI,"500 - 1,000"
2026-10-07,MDA,BCA,07MCI-161,6,646.74,650.89,-4.15,0.0,07MCI-161,Combustion Interna Mexicali Oriente,BAJA CALIFORNIA,MEXICALI,161.0,VALLE,BAJA CALIFORNIA,MEXICALI,BAJA CALIFORNIA,2,BAJA CALIFORNIA,2,MEXICALI,MEXICALI,"500 - 1,000"
2026-10-07,MDA,BCA,07MCI-161,7,736.57,744.05,-7.48,0.0,07MCI-161,Combustion Interna Mexicali Oriente,BAJA CALIFORNIA,MEXICALI,161.0,VALLE,BAJA CALIFORNIA,MEXICALI,BAJA CALIFORNIA,2,BAJA CALIFORNIA,2,MEXICALI,MEXICALI,"500 - 1,000"
2026-10-07,MDA,BCA,07MCI-161,8,754.27,764.19,-9.92,0.0,07MCI-161,Combustion Interna Mexicali Oriente,BAJA CALIFORNIA,MEXICALI,161.0,VALLE,BAJA CALIFORNIA,MEXICALI,BAJA CALIFORNIA,2,BAJA CALIFORNIA,2,MEXICALI,MEXICALI,"500 - 1,000"
2026-10-07,MDA,BCA,07MCI-161,9,1168.66,1195.72,-27.06,0.0,07MCI-161,Combustion Interna Mexicali Oriente,BAJA CALIFORNIA,MEXICALI,161.0,VALLE,BAJA CALIFORNIA,MEXICALI,BAJA CALIFORNIA,2,BAJA CALIFORNIA,2,MEXICALI,MEXICALI,"1,000 - 2,000"
2026-10-07,MDA,BCA,07MCI-161,10,1063.97,1093.14,-29.17,0.0,07MCI-161,Combustion Interna Mexicali Oriente,BAJA CALIFORNIA,MEXICALI,161.0,VALLE,BAJA CALIFORNIA,MEXICALI,BAJA CALIFORNIA,2,BAJA CALIFORNIA,2,MEXICALI,MEXICALI,"1,000 - 2,000"
2026-10-07,MDA,BCA,07MCI-161,11,1181.51,1207.07,-25.56,0.0,07MCI-161,Combustion Interna Mexicali Oriente,BAJA CALIFORNIA,MEXICALI,161.0,VALLE,BAJA CALIFORNIA,MEXICALI,BAJA CALIFORNIA,2,BAJA CALIFORNIA,2,MEXICALI,MEXICALI,"1,000 - 2,000"
2026-10-07,MDA,BCA,07MCI-161,12,1205.81,1232.59,-26.77,0.0,07MCI-161,Combustion Interna Mexicali Oriente,BAJA CALIFORNIA,MEXICALI,161.0,VALLE,BAJA CALIFORNIA,MEXICALI,BAJA CALIFORNIA,2,BAJA CALIFORNIA,2,MEXICALI,MEXICALI,"1,000 - 2,000"
2026-10-07,MDA,BCA,07MCI-161,13,1166.33,1196.63,-30.3,0.0,07MCI-161,Combustion Interna Mexicali Oriente,BAJA CALIFORNIA,MEXICALI,161.0,VALLE,BAJA CALIFORNIA,MEXICALI,BAJA CALIFORNIA,2,BAJA CALIFORNIA,2,MEXICALI,MEXICALI,"1,000 - 2,000"
2026-10-07,MDA,BCA,07MCI-161,14,1205.47,1235.33,-29.86,0.0,07MCI-161,Combustion Interna Mexicali Oriente,BAJA CALIFORNIA,MEXICALI,161.0,VALLE,BAJA CALIFORNIA,MEXICALI,BAJA CALIFORNIA,2,BAJA CALIFORNIA,2,MEXICALI,MEXICALI,"1,000 - 2,000"
2026-10-07,MDA,BCA,07MCI-161,15,1467.32,1497.11,-29.79,0.0,07MCI-161,Combustion Interna Mexicali Oriente,BAJA CALIFORNIA,MEXICALI,161.0,VALLE,BAJA CALIFORNIA,MEXICALI,BAJA CALIFORNIA,2,BAJA CALIFORNIA,2,MEXICALI,MEXICALI,"1,000 - 2,000"
2026-10-07,MDA,BCA,07MCI-161,16,1460.79,1493.21,-32.42,0.0,07MCI-161,Combustion Interna Mexicali Oriente,BAJA CALIFORNIA,MEXICALI,161.0,VALLE,BAJA CALIFORNIA,MEXICALI,BAJA CALIFORNIA,2,BAJA CALIFORNIA,2,MEXICALI,MEXICALI,"1,000 - 2,000"
2026-10-07,MDA,BCA,07MCI-161,17,1633.97,1653.66,-19.69,0.0,07MCI-161,Combustion Interna Mexicali Oriente,BAJA CALIFORNIA,MEXICALI,161.0,VALLE,BAJA CALIFORNIA,MEXICALI,BAJA CALIFORNIA,2,BAJA CALIFORNIA,2,MEXICALI,MEXICALI,"1,000 - 2,000"
2026-10-07,MDA,BCA,07MCI-161,18,3457.91,3495.89,-37.98,0.0,07MCI-161,Combustion Interna Mexicali Oriente,BAJA CALIFORNIA,MEXICALI,161.0,VALLE,BAJA CALIFORNIA,MEXICALI,BAJA CALIFORNIA,2,BAJA CALIFORNIA,2,MEXICALI,MEXICALI,"2,000 - 5,000"
2026-10-07,MDA,BCA,07MCI-161,19,3783.95,3815.54,-31.6,0.0,07MCI-161,Combustion Interna Mexicali Oriente,BAJA CALIFORNIA,MEXICALI,161.0,VALLE,BAJA CALIFORNIA,MEXICALI,BAJA CALIFORNIA,2,BAJA CALIFORNIA,2,MEXICALI,MEXICALI,"2,000 - 5,000"
2026-10-07,MDA,BCA,07MCI-161,20,3517.41,3549.1,-31.7,0.0,07MCI-161,Combustion Interna Mexicali Oriente,BAJA CALIFORNIA,MEXICALI,161.0,VALLE,BAJA CALIFORNIA,MEXICALI,BAJA CALIFORNIA,2,BAJA CALIFORNIA,2,MEXICALI,MEXICALI,"2,000 - 5,000"
2026-10-07,MDA,BCA,07MCI-161,21,2748.9,2774.55,-25.65,0.0,07MCI-161,Combustion Interna Mexicali Oriente,BAJA CALIFORNIA,MEXICALI,161.0,VALLE,BAJA CALIFORNIA,MEXICALI,BAJA CALIFORNIA,2,BAJA CALIFORNIA,2,MEXICALI,MEXICALI,"2,000 - 5,000"
2026-10-07,MDA,BCA,07MCI-161,22,2509.75,2532.25,-22.51,0.0,07MCI-161,Combustion Interna Mexicali Oriente,BAJA CALIFORNIA,MEXICALI,161.0,VALLE,BAJA CALIFORNIA,MEXICALI,BAJA CALIFORNIA,2,BAJA CALIFORNIA,2,MEXICALI,MEXICALI,"2,000 - 5,000"
2026-10-07,MDA,BCA,07MCI-161,23,1873.09,1891.38,-18.29,0.0,07MCI-161,Combustion Interna Mexicali Oriente,BAJA CALIFORNIA,MEXICALI,161.0,VALLE,BAJA CALIFORNIA,MEXICALI,BAJA CALIFORNIA,2,BAJA CALIFORNIA,2,MEXICALI,MEXICALI,"1,000 - 2,000"
2026-10-07,MDA,BCA,07MCI-161,24,1241.96,1255.72,-13.76,0.0,07MCI-161,Combustion Interna Mexicali Oriente,BAJA CALIFORNIA,MEXICALI,161.0,VALLE,BAJA CALIFORNIA,MEXICALI,BAJA CALIFORNIA,2,BAJA CALIFORNIA,2,MEXICALI,MEXICALI,"1,000 - 2,000"
2026-10-07,MDA,BCA,07MCI-230,1,1762.3,1767.84,-5.53,0.0,07MCI-230,Combustion Interna Mexicali Oriente,BAJA CALIFORNIA,MEXICALI,230.0,VALLE,BAJA CALIFORNIA,MEXICALI,BAJA CALIFORNIA,2,BAJA CALIFORNIA,2,MEXICALI,MEXICALI,"1,000 - 2,000"
2026-10-07,MDA,BCA,07MCI-230,2,1149.94,1154.64,-4.69,0.0,07MCI-230,Combustion Interna Mexicali Oriente,BAJA CALIFORNIA,MEXICALI,230.0,VALLE,BAJA CALIFORNIA,MEXICALI,BAJA CALIFORNIA,2,BAJA CALIFORNIA,2,MEXICALI,MEXICALI,"1,000 - 2,000"
2026-10-07,MDA,BCA,07MCI-230,3,754.47,758.91,-4.44,0.0,07MCI-230,Combustion Interna Mexicali Oriente,BAJA CALIFORNIA,MEXICALI,230.0,VALLE,BAJA CALIFORNIA,MEXICALI,BAJA CALIFORNIA,2,BAJA CALIFORNIA,2,MEXICALI,MEXICALI,"500 - 1,000"
2026-10-07,MDA,BCA,07MCI-230,4,664.63,668.11,-3.48,0.0,07MCI-230,Combustion Interna Mexicali Oriente,BAJA CALIFORNIA,MEXICALI,230.0,VALLE,BAJA CALIFORNIA,MEXICALI,BAJA CALIFORNIA,2,BAJA CALIFORNIA,2,MEXICALI,MEXICALI,"500 - 1,000"
2026-10-07,MDA,BCA,07MCI-230,5,666.79,669.64,-2.85,0.0,07MCI-230,Combustion Interna Mexicali Oriente,BAJA CALIFORNIA,MEXICALI,230.0,VALLE,BAJA CALIFORNIA,MEXICALI,BAJA CALIFORNIA,2,BAJA CALIFORNIA,2,MEXICALI,MEXICALI,"500 - 1,000"
2026-10-07,MDA,BCA,07MCI-230,6,647.86,650.89,-3.04,0.0,07MCI-230,Combustion Interna Mexicali Oriente,BAJA CALIFORNIA,MEXICALI,230.0,VALLE,BAJA CALIFORNIA,MEXICALI,BAJA CALIFORNIA,2,BAJA CALIFORNIA,2,MEXICALI,MEXICALI,"500 - 1,000"
2026-10-07,MDA,BCA,07MCI-230,7,737.94,744.05,-6.11,0.0,07MCI-230,Combustion Interna Mexicali Oriente,BAJA CALIFORNIA,MEXICALI,230.0,VALLE,BAJA CALIFORNIA,MEXICALI,BAJA CALIFORNIA,2,BAJA CALIFORNIA,2,MEXICALI,MEXICALI,"500 - 1,000"
2026-10-07,MDA,BCA,07MCI-230,8,755.53,764.19,-8.66,0.0,07MCI-230,Combustion Interna Mexicali Oriente,BAJA CALIFORNIA,MEXICALI,230.0,VALLE,BAJA CALIFORNIA,MEXICALI,BAJA CALIFORNIA,2,BAJA CALIFORNIA,2,MEXICALI,MEXICALI,"500 - 1,000"
2026-10-07,MDA,BCA,07MCI-230,9,1170.55,1195.72,-25.17,0.0,07MCI-230,Combustion Interna Mexicali Oriente,BAJA CALIFORNIA,MEXICALI,230.0,VALLE,BAJA CALIFORNIA,MEXICALI,BAJA CALIFORNIA,2,BAJA CALIFORNIA,2,MEXICALI,MEXICALI,"1,000 - 2,000"
2026-10-07,MDA,BCA,07MCI-230,10,1068.11,1093.14,-25.03,0.0,07MCI-230,Combustion Interna Mexicali Oriente,BAJA CALIFORNIA,MEXICALI,230.0,VALLE,BAJA CALIFORNIA,MEXICALI,BAJA CALIFORNIA,2,BAJA CALIFORNIA,2,MEXICALI,MEXICALI,"1,000 - 2,000"
2026-10-07,MDA,BCA,07MCI-230,11,1186.06,1207.07,-21.02,0.0,07MCI-230,Combustion Interna Mexicali Oriente,BAJA CALIFORNIA,MEXICALI,230.0,VALLE,BAJA CALIFORNIA,MEXICALI,BAJA CALIFORNIA,2,BAJA CALIFORNIA,2,MEXICALI,MEXICALI,"1,000 - 2,000"
2026-10-07,MDA,BCA,07MCI-230,12,1210.49,1232.59,-22.1,0.0,07MCI-230,Combustion Interna Mexicali Oriente,BAJA CALIFORNIA,MEXICALI,230.0,VALLE,BAJA CALIFORNIA,MEXICALI,BAJA CALIFORNIA,2,BAJA CALIFORNIA,2,MEXICALI,MEXICALI,"1,000 - 2,000"
2026-10-07,MDA,BCA,07MCI-230,13,1162.88,1196.63,-33.75,0.0,07MCI-230,Combustion Interna Mexicali Oriente,BAJA CALIFORNIA,MEXICALI,230.0,VALLE,BAJA CALIFORNIA,MEXICALI,BAJA CALIFORNIA,2,BAJA CALIFORNIA,2,MEXICALI,MEXICALI,"1,000 - 2,000"
2026-10-07,MDA,BCA,07MCI-230,14,1199.52,1235.33,-35.81,0.0,07MCI-230,Combustion Interna Mexicali Oriente,BAJA CALIFORNIA,MEXICALI,230.0,VALLE,BAJA CALIFORNIA,MEXICALI,BAJA CALIFORNIA,2,BAJA CALIFORNIA,2,MEXICALI,MEXICALI,"1,000 - 2,000"
2026-10-07,MDA,BCA,07MCI-230,15,1456.88,1497.11,-40.24,0.0,07MCI-230,Combustion Interna Mexicali Oriente,BAJA CALIFORNIA,MEXICALI,230.0,VALLE,BAJA CALIFORNIA,MEXICALI,BAJA CALIFORNIA,2,BAJA CALIFORNIA,2,MEXICALI,MEXICALI,"1,000 - 2,000"
2026-10-07,MDA,BCA,07MCI-230,16,1450.61,1493.21,-42.6,0.0,07MCI-230,Combustion Interna Mexicali Oriente,BAJA CALIFORNIA,MEXICALI,230.0,VALLE,BAJA CALIFORNIA,MEXICALI,BAJA CALIFORNIA,2,BAJA CALIFORNIA,2,MEXICALI,MEXICALI,"1,000 - 2,000"
2026-10-07,MDA,BCA,07MCI-230,17,1622.69,1653.66,-30.97,0.0,07MCI-230,Combustion Interna Mexicali Oriente,BAJA CALIFORNIA,MEXICALI,230.0,VALLE,BAJA CALIFORNIA,MEXICALI,BAJA CALIFORNIA,2,BAJA CALIFORNIA,2,MEXICALI,MEXICALI,"1,000 - 2,000"
2026-10-07,MDA,BCA,07MCI-230,18,3439.21,3495.89,-56.68,0.0,07MCI-230,Combustion Interna Mexicali Oriente,BAJA CALIFORNIA,MEXICALI,230.0,VALLE,BAJA CALIFORNIA,MEXICALI,BAJA CALIFORNIA,2,BAJA CALIFORNIA,2,MEXICALI,MEXICALI,"2,000 - 5,000"
2026-10-07,MDA,BCA,07MCI-230,19,3763.65,3815.54,-51.89,0.0,07MCI-230,Combustion Interna Mexicali Oriente,BAJA CALIFORNIA,MEXICALI,230.0,VALLE,BAJA CALIFORNIA,MEXICALI,BAJA CALIFORNIA,2,BAJA CALIFORNIA,2,MEXICALI,MEXICALI,"2,000 - 5,000"
2026-10-07,MDA,BCA,07MCI-230,20,3498.76,3549.1,-50.34,0.0,07MCI-230,Combustion Interna Mexicali Oriente,BAJA CALIFORNIA,MEXICALI,230.0,VALLE,BAJA CALIFORNIA,MEXICALI,BAJA CALIFORNIA,2,BAJA CALIFORNIA,2,MEXICALI,MEXICALI,"2,000 - 5,000"
2026-10-07,MDA,BCA,07MCI-230,21,2734.42,2774.55,-40.13,0.0,07MCI-230,Combustion Interna Mexicali Oriente,BAJA CALIFORNIA,MEXICALI,230.0,VALLE,BAJA CALIFORNIA,MEXICALI,BAJA CALIFORNIA,2,BAJA CALIFORNIA,2,MEXICALI,MEXICALI,"2,000 - 5,000"
2026-10-07,MDA,BCA,07MCI-230,22,2497.01,2532.25,-35.25,0.0,07MCI-230,Combustion Interna Mexicali Oriente,BAJA CALIFORNIA,MEXICALI,230.0,VALLE,BAJA CALIFORNIA,MEXICALI,BAJA CALIFORNIA,2,BAJA CALIFORNIA,2,MEXICALI,MEXICALI,"2,000 - 5,000"
2026-10-07,MDA,BCA,07MCI-230,23,1863.26,1891.38,-28.11,0.0,07MCI-230,Combustion Interna Mexicali Oriente,BAJA CALIFORNIA,MEXICALI,230.0,VALLE,BAJA CALIFORNIA,MEXICALI,BAJA CALIFORNIA,2,BAJA CALIFORNIA,2,MEXICALI,MEXICALI,"1,000 - 2,000"
2026-10-07,MDA,BCA,07MCI-230,24,1235.82,1255.72,-19.9,0.0,07MCI-230,Combustion Interna Mexicali Oriente,BAJA CALIFORNIA,MEXICALI,230.0,VALLE,BAJA CALIFORNIA,MEXICALI,BAJA CALIFORNIA,2,BAJA CALIFORNIA,2,MEXICALI,MEXICALI,"1,000 - 2,000"
2026-10-07,MDA,BCA,07MEP-230,1,1775.93,1767.84,8.1,0.0,07MEP-230,Metropoli Potencia,BAJA CALIFORNIA,TIJUANA,230.0,COSTA,BAJA CALIFORNIA,TIJUANA,BAJA CALIFORNIA,2,BAJA CALIFORNIA,4,TIJUANA,TIJUANA,"1,000 - 2,000"
2026-10-07,MDA,BCA,07MEP-230,2,1160.05,1154.64,5.42,0.0,07MEP-230,Metropoli Potencia,BAJA CALIFORNIA,TIJUANA,230.0,COSTA,BAJA CALIFORNIA,TIJUANA,BAJA CALIFORNIA,2,BAJA CALIFORNIA,4,TIJUANA,TIJUANA,"1,000 - 2,000"
2026-10-07,MDA,BCA,07MEP-230,3,762.1,758.91,3.2,0.0,07MEP-230,Metropoli Potencia,BAJA CALIFORNIA,TIJUANA,230.0,COSTA,BAJA CALIFORNIA,TIJUANA,BAJA CALIFORNIA,2,BAJA CALIFORNIA,4,TIJUANA,TIJUANA,"500 - 1,000"
2026-10-07,MDA,BCA,07MEP-230,4,670.95,668.11,2.84,0.0,07MEP-230,Metropoli Potencia,BAJA CALIFORNIA,TIJUANA,230.0,COSTA,BAJA CALIFORNIA,TIJUANA,BAJA CALIFORNIA,2,BAJA CALIFORNIA,4,TIJUANA,TIJUANA,"500 - 1,000"
2026-10-07,MDA,BCA,07MEP-230,5,672.55,669.64,2.91,0.0,07MEP-230,Metropoli Potencia,BAJA CALIFORNIA,TIJUANA,230.0,COSTA,BAJA CALIFORNIA,TIJUANA,BAJA CALIFORNIA,2,BAJA CALIFORNIA,4,TIJUANA,TIJUANA,"500 - 1,000"
2026-10-07,MDA,BCA,07MEP-230,6,653.68,650.89,2.79,0.0,07MEP-230,Metropoli Potencia,BAJA CALIFORNIA,TIJUANA,230.0,COSTA,BAJA CALIFORNIA,TIJUANA,BAJA CALIFORNIA,2,BAJA CALIFORNIA,4,TIJUANA,TIJUANA,"500 - 1,000"
2026-10-07,MDA,BCA,07MEP-230,7,747.07,744.05,3.02,0.0,07MEP-230,Metropoli Potencia,BAJA CALIFORNIA,TIJUANA,230.0,COSTA,BAJA CALIFORNIA,TIJUANA,BAJA CALIFORNIA,2,BAJA CALIFORNIA,4,TIJUANA,TIJUANA,"500 - 1,000"
2026-10-07,MDA,BCA,07MEP-230,8,767.29,764.19,3.1,0.0,07MEP-230,Metropoli Potencia,BAJA CALIFORNIA,TIJUANA,230.0,COSTA,BAJA CALIFORNIA,TIJUANA,BAJA CALIFORNIA,2,BAJA CALIFORNIA,4,TIJUANA,TIJUANA,"500 - 1,000"
2026-10-07,MDA,BCA,07MEP-230,9,1200.14,1195.72,4.43,0.0,07MEP-230,Metropoli Potencia,BAJA CALIFORNIA,TIJUANA,230.0,COSTA,BAJA CALIFORNIA,TIJUANA,BAJA CALIFORNIA,2,BAJA CALIFORNIA,4,TIJUANA,TIJUANA,"1,000 - 2,000"
2026-10-07,MDA,BCA,07MEP-230,10,1097.37,1093.14,4.23,0.0,07MEP-230,Metropoli Potencia,BAJA CALIFORNIA,TIJUANA,230.0,COSTA,BAJA CALIFORNIA,TIJUANA,BAJA CALIFORNIA,2,BAJA CALIFORNIA,4,TIJUANA,TIJUANA,"1,000 - 2,000"
2026-10-07,MDA,BCA,07MEP-230,11,1211.51,1207.07,4.43,0.0,07MEP-230,Metropoli Potencia,BAJA CALIFORNIA,TIJUANA,230.0,COSTA,BAJA CALIFORNIA,TIJUANA,BAJA CALIFORNIA,2,BAJA CALIFORNIA,4,TIJUANA,TIJUANA,"1,000 - 2,000"
2026-10-07,MDA,BCA,07MEP-230,12,1236.88,1232.59,4.29,0.0,07MEP-230,Metropoli Potencia,BAJA CALIFORNIA,TIJUANA,230.0,COSTA,BAJA CALIFORNIA,TIJUANA,BAJA CALIFORNIA,2,BAJA CALIFORNIA,4,TIJUANA,TIJUANA,"1,000 - 2,000"
2026-10-07,MDA,BCA,07MEP-230,13,1200.69,1196.63,4.07,0.0,07MEP-230,Metropoli Potencia,BAJA CALIFORNIA,TIJUANA,230.0,COSTA,BAJA CALIFORNIA,TIJUANA,BAJA CALIFORNIA,2,BAJA CALIFORNIA,4,TIJUANA,TIJUANA,"1,000 - 2,000"
2026-10-07,MDA,BCA,07MEP-230,14,1239.48,1235.33,4.16,0.0,07MEP-230,Metropoli Potencia,BAJA CALIFORNIA,TIJUANA,230.0,COSTA,BAJA CALIFORNIA,TIJUANA,BAJA CALIFORNIA,2,BAJA CALIFORNIA,4,TIJUANA,TIJUANA,"1,000 - 2,000"
2026-10-07,MDA,BCA,07MEP-230,15,1501.64,1497.11,4.52,0.0,07MEP-230,Metropoli Potencia,BAJA CALIFORNIA,TIJUANA,230.0,COSTA,BAJA CALIFORNIA,TIJUANA,BAJA CALIFORNIA,2,BAJA CALIFORNIA,4,TIJUANA,TIJUANA,"1,000 - 2,000"
2026-10-07,MDA,BCA,07MEP-230,16,1498.32,1493.21,5.11,0.0,07MEP-230,Metropoli Potencia,BAJA CALIFORNIA,TIJUANA,230.0,COSTA,BAJA CALIFORNIA,TIJUANA,BAJA CALIFORNIA,2,BAJA CALIFORNIA,4,TIJUANA,TIJUANA,"1,000 - 2,000"
2026-10-07,MDA,BCA,07MEP-230,17,1659.25,1653.66,5.59,0.0,07MEP-230,Metropoli Potencia,BAJA CALIFORNIA,TIJUANA,230.0,COSTA,BAJA CALIFORNIA,TIJUANA,BAJA CALIFORNIA,2,BAJA CALIFORNIA,4,TIJUANA,TIJUANA,"1,000 - 2,000"
2026-10-07,MDA,BCA,07MEP-230,18,3508.56,3495.89,12.67,0.0,07MEP-230,Metropoli Potencia,BAJA CALIFORNIA,TIJUANA,230.0,COSTA,BAJA CALIFORNIA,TIJUANA,BAJA CALIFORNIA,2,BAJA CALIFORNIA,4,TIJUANA,TIJUANA,"2,000 - 5,000"
2026-10-07,MDA,BCA,07MEP-230,19,3830.32,3815.54,14.77,0.0,07MEP-230,Metropoli Potencia,BAJA CALIFORNIA,TIJUANA,230.0,COSTA,BAJA CALIFORNIA,TIJUANA,BAJA CALIFORNIA,2,BAJA CALIFORNIA,4,TIJUANA,TIJUANA,"2,000 - 5,000"
2026-10-07,MDA,BCA,07MEP-230,20,3562.63,3549.1,13.52,0.0,07MEP-230,Metropoli Potencia,BAJA CALIFORNIA,TIJUANA,230.0,COSTA,BAJA CALIFORNIA,TIJUANA,BAJA CALIFORNIA,2,BAJA CALIFORNIA,4,TIJUANA,TIJUANA,"2,000 - 5,000"
2026-10-07,MDA,BCA,07MEP-230,21,2784.99,2774.55,10.45,0.0,07MEP-230,Metropoli Potencia,BAJA CALIFORNIA,TIJUANA,230.0,COSTA,BAJA CALIFORNIA,TIJUANA,BAJA CALIFORNIA,2,BAJA CALIFORNIA,4,TIJUANA,TIJUANA,"2,000 - 5,000"
2026-10-07,MDA,BCA,07MEP-230,22,2542.52,2532.25,10.27,0.0,07MEP-230,Metropoli Potencia,BAJA CALIFORNIA,TIJUANA,230.0,COSTA,BAJA CALIFORNIA,TIJUANA,BAJA CALIFORNIA,2,BAJA CALIFORNIA,4,TIJUANA,TIJUANA,"2,000 - 5,000"
2026-10-07,MDA,BCA,07MEP-230,23,1899.98,1891.38,8.6,0.0,07MEP-230,Metropoli Potencia,BAJA CALIFORNIA,TIJUANA,230.0,COSTA,BAJA CALIFORNIA,TIJUANA,BAJA CALIFORNIA,2,BAJA CALIFORNIA,4,TIJUANA,TIJUANA,"1,000 - 2,000"
2026-10-07,MDA,BCA,07MEP-230,24,1261.5,1255.72,5.79,0.0,07MEP-230,Metropoli Potencia,BAJA CALIFORNIA,TIJUANA,230.0,COSTA,BAJA CALIFORNIA,TIJUANA,BAJA CALIFORNIA,2,BAJA CALIFORNIA,4,TIJUANA,TIJUANA,"1,000 - 2,000"
2026-10-07,MDA,BCA,07MEP-69,1,1779.2,1767.84,11.36,0.0,07MEP-69,Metropoli Potencia,BAJA CALIFORNIA,TIJUANA,69.0,COSTA,BAJA CALIFORNIA,TIJUANA,BAJA CALIFORNIA,2,BAJA CALIFORNIA,4,TIJUANA,TIJUANA,"1,000 - 2,000"
2026-10-07,MDA,BCA,07MEP-69,2,1162.12,1154.64,7.48,0.0,07MEP-69,Metropoli Potencia,BAJA CALIFORNIA,TIJUANA,69.0,COSTA,BAJA CALIFORNIA,TIJUANA,BAJA CALIFORNIA,2,BAJA CALIFORNIA,4,TIJUANA,TIJUANA,"1,000 - 2,000"
2026-10-07,MDA,BCA,07MEP-69,3,763.41,758.91,4.5,0.0,07MEP-69,Metropoli Potencia,BAJA CALIFORNIA,TIJUANA,69.0,COSTA,BAJA CALIFORNIA,TIJUANA,BAJA CALIFORNIA,2,BAJA CALIFORNIA,4,TIJUANA,TIJUANA,"500 - 1,000"
2026-10-07,MDA,BCA,07MEP-69,4,672.09,668.11,3.98,0.0,07MEP-69,Metropoli Potencia,BAJA CALIFORNIA,TIJUANA,69.0,COSTA,BAJA CALIFORNIA,TIJUANA,BAJA CALIFORNIA,2,BAJA CALIFORNIA,4,TIJUANA,TIJUANA,"500 - 1,000"
2026-10-07,MDA,BCA,07MEP-69,5,673.66,669.64,4.02,0.0,07MEP-69,Metropoli Potencia,BAJA CALIFORNIA,TIJUANA,69.0,COSTA,BAJA CALIFORNIA,TIJUANA,BAJA CALIFORNIA,2,BAJA CALIFORNIA,4,TIJUANA,TIJUANA,"500 - 1,000"
2026-10-07,MDA,BCA,07MEP-69,6,654.73,650.89,3.84,0.0,07MEP-69,Metropoli Potencia,BAJA CALIFORNIA,TIJUANA,69.0,COSTA,BAJA CALIFORNIA,TIJUANA,BAJA CALIFORNIA,2,BAJA CALIFORNIA,4,TIJUANA,TIJUANA,"500 - 1,000"
2026-10-07,MDA,BCA,07MEP-69,7,748.3,744.05,4.25,0.0,07MEP-69,Metropoli Potencia,BAJA CALIFORNIA,TIJUANA,69.0,COSTA,BAJA CALIFORNIA,TIJUANA,BAJA CALIFORNIA,2,BAJA CALIFORNIA,4,TIJUANA,TIJUANA,"500 - 1,000"
2026-10-07,MDA,BCA,07MEP-69,8,768.65,764.19,4.46,0.0,07MEP-69,Metropoli Potencia,BAJA CALIFORNIA,TIJUANA,69.0,COSTA,BAJA CALIFORNIA,TIJUANA,BAJA CALIFORNIA,2,BAJA CALIFORNIA,4,TIJUANA,TIJUANA,"500 - 1,000"
2026-10-07,MDA,BCA,07MEP-69,9,1202.37,1195.72,6.66,0.0,07MEP-69,Metropoli Potencia,BAJA CALIFORNIA,TIJUANA,69.0,COSTA,BAJA CALIFORNIA,TIJUANA,BAJA CALIFORNIA,2,BAJA CALIFORNIA,4,TIJUANA,TIJUANA,"1,000 - 2,000"
2026-10-07,MDA,BCA,07MEP-69,10,1099.45,1093.14,6.31,0.0,07MEP-69,Metropoli Potencia,BAJA CALIFORNIA,TIJUANA,69.0,COSTA,BAJA CALIFORNIA,TIJUANA,BAJA CALIFORNIA,2,BAJA CALIFORNIA,4,TIJUANA,TIJUANA,"1,000 - 2,000"
2026-10-07,MDA,BCA,07MEP-69,11,1213.95,1207.07,6.87,0.0,07MEP-69,Metropoli Potencia,BAJA CALIFORNIA,TIJUANA,69.0,COSTA,BAJA CALIFORNIA,TIJUANA,BAJA CALIFORNIA,2,BAJA CALIFORNIA,4,TIJUANA,TIJUANA,"1,000 - 2,000"
2026-10-07,MDA,BCA,07MEP-69,12,1239.4,1232.59,6.81,0.0,07MEP-69,Metropoli Potencia,BAJA CALIFORNIA,TIJUANA,69.0,COSTA,BAJA CALIFORNIA,TIJUANA,BAJA CALIFORNIA,2,BAJA CALIFORNIA,4,TIJUANA,TIJUANA,"1,000 - 2,000"
2026-10-07,MDA,BCA,07MEP-69,13,1203.17,1196.63,6.54,0.0,07MEP-69,Metropoli Potencia,BAJA CALIFORNIA,TIJUANA,69.0,COSTA,BAJA CALIFORNIA,TIJUANA,BAJA CALIFORNIA,2,BAJA CALIFORNIA,4,TIJUANA,TIJUANA,"1,000 - 2,000"
2026-10-07,MDA,BCA,07MEP-69,14,1242.12,1235.33,6.8,0.0,07MEP-69,Metropoli Potencia,BAJA CALIFORNIA,TIJUANA,69.0,COSTA,BAJA CALIFORNIA,TIJUANA,BAJA CALIFORNIA,2,BAJA CALIFORNIA,4,TIJUANA,TIJUANA,"1,000 - 2,000"
2026-10-07,MDA,BCA,07MEP-69,15,1504.8,1497.11,7.68,0.0,07MEP-69,Metropoli Potencia,BAJA CALIFORNIA,TIJUANA,69.0,COSTA,BAJA CALIFORNIA,TIJUANA,BAJA CALIFORNIA,2,BAJA CALIFORNIA,4,TIJUANA,TIJUANA,"1,000 - 2,000"
2026-10-07,MDA,BCA,07MEP-69,16,1501.39,1493.21,8.18,0.0,07MEP-69,Metropoli Potencia,BAJA CALIFORNIA,TIJUANA,69.0,COSTA,BAJA CALIFORNIA,TIJUANA,BAJA CALIFORNIA,2,BAJA CALIFORNIA,4,TIJUANA,TIJUANA,"1,000 - 2,000"
2026-10-07,MDA,BCA,07MEP-69,17,1662.63,1653.66,8.98,0.0,07MEP-69,Metropoli Potencia,BAJA CALIFORNIA,TIJUANA,69.0,COSTA,BAJA CALIFORNIA,TIJUANA,BAJA CALIFORNIA,2,BAJA CALIFORNIA,4,TIJUANA,TIJUANA,"1,000 - 2,000"
2026-10-07,MDA,BCA,07MEP-69,18,3515.29,3495.89,19.4,0.0,07MEP-69,Metropoli Potencia,BAJA CALIFORNIA,TIJUANA,69.0,COSTA,BAJA CALIFORNIA,TIJUANA,BAJA CALIFORNIA,2,BAJA CALIFORNIA,4,TIJUANA,TIJUANA,"2,000 - 5,000"
2026-10-07,MDA,BCA,07MEP-69,19,3837.45,3815.54,21.9,0.0,07MEP-69,Metropoli Potencia,BAJA CALIFORNIA,TIJUANA,69.0,COSTA,BAJA CALIFORNIA,TIJUANA,BAJA CALIFORNIA,2,BAJA CALIFORNIA,4,TIJUANA,TIJUANA,"2,000 - 5,000"
2026-10-07,MDA,BCA,07MEP-69,20,3569.37,3549.1,20.27,0.0,07MEP-69,Metropoli Potencia,BAJA CALIFORNIA,TIJUANA,69.0,COSTA,BAJA CALIFORNIA,TIJUANA,BAJA CALIFORNIA,2,BAJA CALIFORNIA,4,TIJUANA,TIJUANA,"2,000 - 5,000"
2026-10-07,MDA,BCA,07MEP-69,21,2790.27,2774.55,15.72,0.0,07MEP-69,Metropoli Potencia,BAJA CALIFORNIA,TIJUANA,69.0,COSTA,BAJA CALIFORNIA,TIJUANA,BAJA CALIFORNIA,2,BAJA CALIFORNIA,4,TIJUANA,TIJUANA,"2,000 - 5,000"
2026-10-07,MDA,BCA,07MEP-69,22,2547.36,2532.25,15.11,0.0,07MEP-69,Metropoli Potencia,BAJA CALIFORNIA,TIJUANA,69.0,COSTA,BAJA CALIFORNIA,TIJUANA,BAJA CALIFORNIA,2,BAJA CALIFORNIA,4,TIJUANA,TIJUANA,"2,000 - 5,000"
2026-10-07,MDA,BCA,07MEP-69,23,1903.51,1891.38,12.13,0.0,07MEP-69,Metropoli Potencia,BAJA CALIFORNIA,TIJUANA,69.0,COSTA,BAJA CALIFORNIA,TIJUANA,BAJA CALIFORNIA,2,BAJA CALIFORNIA,4,TIJUANA,TIJUANA,"1,000 - 2,000"
2026-10-07,MDA,BCA,07MEP-69,24,1263.75,1255.72,8.03,0.0,07MEP-69,Metropoli Potencia,BAJA CALIFORNIA,TIJUANA,69.0,COSTA,BAJA CALIFORNIA,TIJUANA,BAJA CALIFORNIA,2,BAJA CALIFORNIA,4,TIJUANA,TIJUANA,"1,000 - 2,000"
2026-10-07,MDA,BCA,07MIS-230,1,1774.26,1767.84,6.43,0.0,07MIS-230,Maniobras Parque Industrial Sur,BAJA CALIFORNIA,TIJUANA,230.0,COSTA,BAJA CALIFORNIA,TIJUANA,BAJA CALIFORNIA,2,BAJA CALIFORNIA,4,TIJUANA,TIJUANA,"1,000 - 2,000"
2026-10-07,MDA,BCA,07MIS-230,2,1158.96,1154.64,4.32,0.0,07MIS-230,Maniobras Parque Industrial Sur,BAJA CALIFORNIA,TIJUANA,230.0,COSTA,BAJA CALIFORNIA,TIJUANA,BAJA CALIFORNIA,2,BAJA CALIFORNIA,4,TIJUANA,TIJUANA,"1,000 - 2,000"
2026-10-07,MDA,BCA,07MIS-230,3,761.47,758.91,2.57,0.0,07MIS-230,Maniobras Parque Industrial Sur,BAJA CALIFORNIA,TIJUANA,230.0,COSTA,BAJA CALIFORNIA,TIJUANA,BAJA CALIFORNIA,2,BAJA CALIFORNIA,4,TIJUANA,TIJUANA,"500 - 1,000"
2026-10-07,MDA,BCA,07MIS-230,4,670.39,668.11,2.28,0.0,07MIS-230,Maniobras Parque Industrial Sur,BAJA CALIFORNIA,TIJUANA,230.0,COSTA,BAJA CALIFORNIA,TIJUANA,BAJA CALIFORNIA,2,BAJA CALIFORNIA,4,TIJUANA,TIJUANA,"500 - 1,000"
2026-10-07,MDA,BCA,07MIS-230,5,671.97,669.64,2.33,0.0,07MIS-230,Maniobras Parque Industrial Sur,BAJA CALIFORNIA,TIJUANA,230.0,COSTA,BAJA CALIFORNIA,TIJUANA,BAJA CALIFORNIA,2,BAJA CALIFORNIA,4,TIJUANA,TIJUANA,"500 - 1,000"
2026-10-07,MDA,BCA,07MIS-230,6,653.14,650.89,2.25,0.0,07MIS-230,Maniobras Parque Industrial Sur,BAJA CALIFORNIA,TIJUANA,230.0,COSTA,BAJA CALIFORNIA,TIJUANA,BAJA CALIFORNIA,2,BAJA CALIFORNIA,4,TIJUANA,TIJUANA,"500 - 1,000"
2026-10-07,MDA,BCA,07MIS-230,7,746.52,744.05,2.47,0.0,07MIS-230,Maniobras Parque Industrial Sur,BAJA CALIFORNIA,TIJUANA,230.0,COSTA,BAJA CALIFORNIA,TIJUANA,BAJA CALIFORNIA,2,BAJA CALIFORNIA,4,TIJUANA,TIJUANA,"500 - 1,000"
2026-10-07,MDA,BCA,07MIS-230,8,766.73,764.19,2.54,0.0,07MIS-230,Maniobras Parque Industrial Sur,BAJA CALIFORNIA,TIJUANA,230.0,COSTA,BAJA CALIFORNIA,TIJUANA,BAJA CALIFORNIA,2,BAJA CALIFORNIA,4,TIJUANA,TIJUANA,"500 - 1,000"
2026-10-07,MDA,BCA,07MIS-230,9,1199.39,1195.72,3.67,0.0,07MIS-230,Maniobras Parque Industrial Sur,BAJA CALIFORNIA,TIJUANA,230.0,COSTA,BAJA CALIFORNIA,TIJUANA,BAJA CALIFORNIA,2,BAJA CALIFORNIA,4,TIJUANA,TIJUANA,"1,000 - 2,000"
2026-10-07,MDA,BCA,07MIS-230,10,1096.65,1093.14,3.51,0.0,07MIS-230,Maniobras Parque Industrial Sur,BAJA CALIFORNIA,TIJUANA,230.0,COSTA,BAJA CALIFORNIA,TIJUANA,BAJA CALIFORNIA,2,BAJA CALIFORNIA,4,TIJUANA,TIJUANA,"1,000 - 2,000"
2026-10-07,MDA,BCA,07MIS-230,11,1210.67,1207.07,3.6,0.0,07MIS-230,Maniobras Parque Industrial Sur,BAJA CALIFORNIA,TIJUANA,230.0,COSTA,BAJA CALIFORNIA,TIJUANA,BAJA CALIFORNIA,2,BAJA CALIFORNIA,4,TIJUANA,TIJUANA,"1,000 - 2,000"
2026-10-07,MDA,BCA,07MIS-230,12,1236.08,1232.59,3.49,0.0,07MIS-230,Maniobras Parque Industrial Sur,BAJA CALIFORNIA,TIJUANA,230.0,COSTA,BAJA CALIFORNIA,TIJUANA,BAJA CALIFORNIA,2,BAJA CALIFORNIA,4,TIJUANA,TIJUANA,"1,000 - 2,000"
2026-10-07,MDA,BCA,07MIS-230,13,1199.96,1196.63,3.33,0.0,07MIS-230,Maniobras Parque Industrial Sur,BAJA CALIFORNIA,TIJUANA,230.0,COSTA,BAJA CALIFORNIA,TIJUANA,BAJA CALIFORNIA,2,BAJA CALIFORNIA,4,TIJUANA,TIJUANA,"1,000 - 2,000"
2026-10-07,MDA,BCA,07MIS-230,14,1238.71,1235.33,3.38,0.0,07MIS-230,Maniobras Parque Industrial Sur,BAJA CALIFORNIA,TIJUANA,230.0,COSTA,BAJA CALIFORNIA,TIJUANA,BAJA CALIFORNIA,2,BAJA CALIFORNIA,4,TIJUANA,TIJUANA,"1,000 - 2,000"
2026-10-07,MDA,BCA,07MIS-230,15,1500.75,1497.11,3.64,0.0,07MIS-230,Maniobras Parque Industrial Sur,BAJA CALIFORNIA,TIJUANA,230.0,COSTA,BAJA CALIFORNIA,TIJUANA,BAJA CALIFORNIA,2,BAJA CALIFORNIA,4,TIJUANA,TIJUANA,"1,000 - 2,000"
2026-10-07,MDA,BCA,07MIS-230,16,1497.32,1493.21,4.11,0.0,07MIS-230,Maniobras Parque Industrial Sur,BAJA CALIFORNIA,TIJUANA,230.0,COSTA,BAJA CALIFORNIA,TIJUANA,BAJA CALIFORNIA,2,BAJA CALIFORNIA,4,TIJUANA,TIJUANA,"1,000 - 2,000"
2026-10-07,MDA,BCA,07MIS-230,17,1658.1,1653.66,4.45,0.0,07MIS-230,Maniobras Parque Industrial Sur,BAJA CALIFORNIA,TIJUANA,230.0,COSTA,BAJA CALIFORNIA,TIJUANA,BAJA CALIFORNIA,2,BAJA CALIFORNIA,4,TIJUANA,TIJUANA,"1,000 - 2,000"
2026-10-07,MDA,BCA,07MIS-230,18,3505.9,3495.89,10.01,0.0,07MIS-230,Maniobras Parque Industrial Sur,BAJA CALIFORNIA,TIJUANA,230.0,COSTA,BAJA CALIFORNIA,TIJUANA,BAJA CALIFORNIA,2,BAJA CALIFORNIA,4,TIJUANA,TIJUANA,"2,000 - 5,000"
2026-10-07,MDA,BCA,07MIS-230,19,3827.16,3815.54,11.62,0.0,07MIS-230,Maniobras Parque Industrial Sur,BAJA CALIFORNIA,TIJUANA,230.0,COSTA,BAJA CALIFORNIA,TIJUANA,BAJA CALIFORNIA,2,BAJA CALIFORNIA,4,TIJUANA,TIJUANA,"2,000 - 5,000"
2026-10-07,MDA,BCA,07MIS-230,20,3559.66,3549.1,10.56,0.0,07MIS-230,Maniobras Parque Industrial Sur,BAJA CALIFORNIA,TIJUANA,230.0,COSTA,BAJA CALIFORNIA,TIJUANA,BAJA CALIFORNIA,2,BAJA CALIFORNIA,4,TIJUANA,TIJUANA,"2,000 - 5,000"
2026-10-07,MDA,BCA,07MIS-230,21,2782.74,2774.55,8.19,0.0,07MIS-230,Maniobras Parque Industrial Sur,BAJA CALIFORNIA,TIJUANA,230.0,COSTA,BAJA CALIFORNIA,TIJUANA,BAJA CALIFORNIA,2,BAJA CALIFORNIA,4,TIJUANA,TIJUANA,"2,000 - 5,000"
2026-10-07,MDA,BCA,07MIS-230,22,2540.29,2532.25,8.04,0.0,07MIS-230,Maniobras Parque Industrial Sur,BAJA CALIFORNIA,TIJUANA,230.0,COSTA,BAJA CALIFORNIA,TIJUANA,BAJA CALIFORNIA,2,BAJA CALIFORNIA,4,TIJUANA,TIJUANA,"2,000 - 5,000"
2026-10-07,MDA,BCA,07MIS-230,23,1898.15,1891.38,6.78,0.0,07MIS-230,Maniobras Parque Industrial Sur,BAJA CALIFORNIA,TIJUANA,230.0,COSTA,BAJA CALIFORNIA,TIJUANA,BAJA CALIFORNIA,2,BAJA CALIFORNIA,4,TIJUANA,TIJUANA,"1,000 - 2,000"
2026-10-07,MDA,BCA,07MIS-230,24,1260.34,1255.72,4.62,0.0,07MIS-230,Maniobras Parque Industrial Sur,BAJA CALIFORNIA,TIJUANA,230.0,COSTA,BAJA CALIFORNIA,TIJUANA,BAJA CALIFORNIA,2,BAJA CALIFORNIA,4,TIJUANA,TIJUANA,"1,000 - 2,000"
2026-10-07,MDA,BCA,07MND-115,1,1799.23,1767.84,31.4,0.0,07MND-115,Maneadero,BAJA CALIFORNIA,ENSENADA,115.0,COSTA,BAJA CALIFORNIA,ENSENADA,BAJA CALIFORNIA,2,BAJA CALIFORNIA,1,ENSENADA,ENSENADA,"1,000 - 2,000"
2026-10-07,MDA,BCA,07MND-115,2,1174.09,1154.64,19.45,0.0,07MND-115,Maneadero,BAJA CALIFORNIA,ENSENADA,115.0,COSTA,BAJA CALIFORNIA,ENSENADA,BAJA CALIFORNIA,2,BAJA CALIFORNIA,1,ENSENADA,ENSENADA,"1,000 - 2,000"
2026-10-07,MDA,BCA,07MND-115,3,772.84,758.91,13.93,0.0,07MND-115,Maneadero,BAJA CALIFORNIA,ENSENADA,115.0,COSTA,BAJA CALIFORNIA,ENSENADA,BAJA CALIFORNIA,2,BAJA CALIFORNIA,1,ENSENADA,ENSENADA,"500 - 1,000"
2026-10-07,MDA,BCA,07MND-115,4,680.23,668.11,12.12,0.0,07MND-115,Maneadero,BAJA CALIFORNIA,ENSENADA,115.0,COSTA,BAJA CALIFORNIA,ENSENADA,BAJA CALIFORNIA,2,BAJA CALIFORNIA,1,ENSENADA,ENSENADA,"500 - 1,000"
2026-10-07,MDA,BCA,07MND-115,5,681.64,669.64,12.0,0.0,07MND-115,Maneadero,BAJA CALIFORNIA,ENSENADA,115.0,COSTA,BAJA CALIFORNIA,ENSENADA,BAJA CALIFORNIA,2,BAJA CALIFORNIA,1,ENSENADA,ENSENADA,"500 - 1,000"
2026-10-07,MDA,BCA,07MND-115,6,662.65,650.89,11.75,0.0,07MND-115,Maneadero,BAJA CALIFORNIA,ENSENADA,115.0,COSTA,BAJA CALIFORNIA,ENSENADA,BAJA CALIFORNIA,2,BAJA CALIFORNIA,1,ENSENADA,ENSENADA,"500 - 1,000"
2026-10-07,MDA,BCA,07MND-115,7,758.21,744.05,14.16,0.0,07MND-115,Maneadero,BAJA CALIFORNIA,ENSENADA,115.0,COSTA,BAJA CALIFORNIA,ENSENADA,BAJA CALIFORNIA,2,BAJA CALIFORNIA,1,ENSENADA,ENSENADA,"500 - 1,000"
2026-10-07,MDA,BCA,07MND-115,8,779.31,764.19,15.12,0.0,07MND-115,Maneadero,BAJA CALIFORNIA,ENSENADA,115.0,COSTA,BAJA CALIFORNIA,ENSENADA,BAJA CALIFORNIA,2,BAJA CALIFORNIA,1,ENSENADA,ENSENADA,"500 - 1,000"
2026-10-07,MDA,BCA,07MND-115,9,1221.96,1195.72,26.24,0.0,07MND-115,Maneadero,BAJA CALIFORNIA,ENSENADA,115.0,COSTA,BAJA CALIFORNIA,ENSENADA,BAJA CALIFORNIA,2,BAJA CALIFORNIA,1,ENSENADA,ENSENADA,"1,000 - 2,000"
2026-10-07,MDA,BCA,07MND-115,10,1115.46,1093.14,22.33,0.0,07MND-115,Maneadero,BAJA CALIFORNIA,ENSENADA,115.0,COSTA,BAJA CALIFORNIA,ENSENADA,BAJA CALIFORNIA,2,BAJA CALIFORNIA,1,ENSENADA,ENSENADA,"1,000 - 2,000"
2026-10-07,MDA,BCA,07MND-115,11,1232.5,1207.07,25.43,0.0,07MND-115,Maneadero,BAJA CALIFORNIA,ENSENADA,115.0,COSTA,BAJA CALIFORNIA,ENSENADA,BAJA CALIFORNIA,2,BAJA CALIFORNIA,1,ENSENADA,ENSENADA,"1,000 - 2,000"
2026-10-07,MDA,BCA,07MND-115,12,7654.16,1232.59,27.0,6394.57,07MND-115,Maneadero,BAJA CALIFORNIA,ENSENADA,115.0,COSTA,BAJA CALIFORNIA,ENSENADA,BAJA CALIFORNIA,2,BAJA CALIFORNIA,1,ENSENADA,ENSENADA,"5,000 - 10,000"
2026-10-07,MDA,BCA,07MND-115,13,9297.59,1196.63,26.37,8074.6,07MND-115,Maneadero,BAJA CALIFORNIA,ENSENADA,115.0,COSTA,BAJA CALIFORNIA,ENSENADA,BAJA CALIFORNIA,2,BAJA CALIFORNIA,1,ENSENADA,ENSENADA,"5,000 - 10,000"
2026-10-07,MDA,BCA,07MND-115,14,10007.85,1235.33,27.17,8745.35,07MND-115,Maneadero,BAJA CALIFORNIA,ENSENADA,115.0,COSTA,BAJA CALIFORNIA,ENSENADA,BAJA CALIFORNIA,2,BAJA CALIFORNIA,1,ENSENADA,ENSENADA,"10,000 o más"
2026-10-07,MDA,BCA,07MND-115,15,7630.27,1497.11,37.14,6096.02,07MND-115,Maneadero,BAJA CALIFORNIA,ENSENADA,115.0,COSTA,BAJA CALIFORNIA,ENSENADA,BAJA CALIFORNIA,2,BAJA CALIFORNIA,1,ENSENADA,ENSENADA,"5,000 - 10,000"
2026-10-07,MDA,BCA,07MND-115,16,9219.07,1493.21,35.36,7690.49,07MND-115,Maneadero,BAJA CALIFORNIA,ENSENADA,115.0,COSTA,BAJA CALIFORNIA,ENSENADA,BAJA CALIFORNIA,2,BAJA CALIFORNIA,1,ENSENADA,ENSENADA,"5,000 - 10,000"
2026-10-07,MDA,BCA,07MND-115,17,10736.39,1653.66,39.13,9043.6,07MND-115,Maneadero,BAJA CALIFORNIA,ENSENADA,115.0,COSTA,BAJA CALIFORNIA,ENSENADA,BAJA CALIFORNIA,2,BAJA CALIFORNIA,1,ENSENADA,ENSENADA,"10,000 o más"
2026-10-07,MDA,BCA,07MND-115,18,10890.81,3495.89,82.85,7312.07,07MND-115,Maneadero,BAJA CALIFORNIA,ENSENADA,115.0,COSTA,BAJA CALIFORNIA,ENSENADA,BAJA CALIFORNIA,2,BAJA CALIFORNIA,1,ENSENADA,ENSENADA,"10,000 o más"
2026-10-07,MDA,BCA,07MND-115,19,9844.58,3815.54,87.81,5941.22,07MND-115,Maneadero,BAJA CALIFORNIA,ENSENADA,115.0,COSTA,BAJA CALIFORNIA,ENSENADA,BAJA CALIFORNIA,2,BAJA CALIFORNIA,1,ENSENADA,ENSENADA,"5,000 - 10,000"
2026-10-07,MDA,BCA,07MND-115,20,10248.59,3549.1,79.46,6620.03,07MND-115,Maneadero,BAJA CALIFORNIA,ENSENADA,115.0,COSTA,BAJA CALIFORNIA,ENSENADA,BAJA CALIFORNIA,2,BAJA CALIFORNIA,1,ENSENADA,ENSENADA,"10,000 o más"
2026-10-07,MDA,BCA,07MND-115,21,9133.25,2774.55,61.62,6297.08,07MND-115,Maneadero,BAJA CALIFORNIA,ENSENADA,115.0,COSTA,BAJA CALIFORNIA,ENSENADA,BAJA CALIFORNIA,2,BAJA CALIFORNIA,1,ENSENADA,ENSENADA,"5,000 - 10,000"
2026-10-07,MDA,BCA,07MND-115,22,10571.1,2532.25,53.49,7985.35,07MND-115,Maneadero,BAJA CALIFORNIA,ENSENADA,115.0,COSTA,BAJA CALIFORNIA,ENSENADA,BAJA CALIFORNIA,2,BAJA CALIFORNIA,1,ENSENADA,ENSENADA,"10,000 o más"
2026-10-07,MDA,BCA,07MND-115,23,1929.34,1891.38,37.96,0.0,07MND-115,Maneadero,BAJA CALIFORNIA,ENSENADA,115.0,COSTA,BAJA CALIFORNIA,ENSENADA,BAJA CALIFORNIA,2,BAJA CALIFORNIA,1,ENSENADA,ENSENADA,"1,000 - 2,000"
2026-10-07,MDA,BCA,07MND-115,24,1280.5,1255.72,24.79,0.0,07MND-115,Maneadero,BAJA CALIFORNIA,ENSENADA,115.0,COSTA,BAJA CALIFORNIA,ENSENADA,BAJA CALIFORNIA,2,BAJA CALIFORNIA,1,ENSENADA,ENSENADA,"1,000 - 2,000"
2026-10-07,MDA,BCA,07MOE-161,1,1763.77,1767.84,-4.06,0.0,07MOE-161,Mexican Oriente,BAJA CALIFORNIA,MEXICALI,161.0,VALLE,BAJA CALIFORNIA,MEXICALI,BAJA CALIFORNIA,2,BAJA CALIFORNIA,2,MEXICALI,MEXICALI,"1,000 - 2,000"
2026-10-07,MDA,BCA,07MOE-161,2,1151.42,1154.64,-3.22,0.0,07MOE-161,Mexican Oriente,BAJA CALIFORNIA,MEXICALI,161.0,VALLE,BAJA CALIFORNIA,MEXICALI,BAJA CALIFORNIA,2,BAJA CALIFORNIA,2,MEXICALI,MEXICALI,"1,000 - 2,000"
2026-10-07,MDA,BCA,07MOE-161,3,755.61,758.91,-3.3,0.0,07MOE-161,Mexican Oriente,BAJA CALIFORNIA,MEXICALI,161.0,VALLE,BAJA CALIFORNIA,MEXICALI,BAJA CALIFORNIA,2,BAJA CALIFORNIA,2,MEXICALI,MEXICALI,"500 - 1,000"
2026-10-07,MDA,BCA,07MOE-161,4,665.6,668.11,-2.52,0.0,07MOE-161,Mexican Oriente,BAJA CALIFORNIA,MEXICALI,161.0,VALLE,BAJA CALIFORNIA,MEXICALI,BAJA CALIFORNIA,2,BAJA CALIFORNIA,2,MEXICALI,MEXICALI,"500 - 1,000"
2026-10-07,MDA,BCA,07MOE-161,5,668.02,669.64,-1.62,0.0,07MOE-161,Mexican Oriente,BAJA CALIFORNIA,MEXICALI,161.0,VALLE,BAJA CALIFORNIA,MEXICALI,BAJA CALIFORNIA,2,BAJA CALIFORNIA,2,MEXICALI,MEXICALI,"500 - 1,000"
2026-10-07,MDA,BCA,07MOE-161,6,649.02,650.89,-1.87,0.0,07MOE-161,Mexican Oriente,BAJA CALIFORNIA,MEXICALI,161.0,VALLE,BAJA CALIFORNIA,MEXICALI,BAJA CALIFORNIA,2,BAJA CALIFORNIA,2,MEXICALI,MEXICALI,"500 - 1,000"
2026-10-07,MDA,BCA,07MOE-161,7,739.29,744.05,-4.76,0.0,07MOE-161,Mexican Oriente,BAJA CALIFORNIA,MEXICALI,161.0,VALLE,BAJA CALIFORNIA,MEXICALI,BAJA CALIFORNIA,2,BAJA CALIFORNIA,2,MEXICALI,MEXICALI,"500 - 1,000"
2026-10-07,MDA,BCA,07MOE-161,8,757.1,764.19,-7.09,0.0,07MOE-161,Mexican Oriente,BAJA CALIFORNIA,MEXICALI,161.0,VALLE,BAJA CALIFORNIA,MEXICALI,BAJA CALIFORNIA,2,BAJA CALIFORNIA,2,MEXICALI,MEXICALI,"500 - 1,000"
2026-10-07,MDA,BCA,07MOE-161,9,1173.11,1195.72,-22.6,0.0,07MOE-161,Mexican Oriente,BAJA CALIFORNIA,MEXICALI,161.0,VALLE,BAJA CALIFORNIA,MEXICALI,BAJA CALIFORNIA,2,BAJA CALIFORNIA,2,MEXICALI,MEXICALI,"1,000 - 2,000"
2026-10-07,MDA,BCA,07MOE-161,10,1069.52,1093.14,-23.62,0.0,07MOE-161,Mexican Oriente,BAJA CALIFORNIA,MEXICALI,161.0,VALLE,BAJA CALIFORNIA,MEXICALI,BAJA CALIFORNIA,2,BAJA CALIFORNIA,2,MEXICALI,MEXICALI,"1,000 - 2,000"
2026-10-07,MDA,BCA,07MOE-161,11,1187.65,1207.07,-19.43,0.0,07MOE-161,Mexican Oriente,BAJA CALIFORNIA,MEXICALI,161.0,VALLE,BAJA CALIFORNIA,MEXICALI,BAJA CALIFORNIA,2,BAJA CALIFORNIA,2,MEXICALI,MEXICALI,"1,000 - 2,000"
2026-10-07,MDA,BCA,07MOE-161,12,1212.01,1232.59,-20.58,0.0,07MOE-161,Mexican Oriente,BAJA CALIFORNIA,MEXICALI,161.0,VALLE,BAJA CALIFORNIA,MEXICALI,BAJA CALIFORNIA,2,BAJA CALIFORNIA,2,MEXICALI,MEXICALI,"1,000 - 2,000"
2026-10-07,MDA,BCA,07MOE-161,13,1171.99,1196.63,-24.64,0.0,07MOE-161,Mexican Oriente,BAJA CALIFORNIA,MEXICALI,161.0,VALLE,BAJA CALIFORNIA,MEXICALI,BAJA CALIFORNIA,2,BAJA CALIFORNIA,2,MEXICALI,MEXICALI,"1,000 - 2,000"
2026-10-07,MDA,BCA,07MOE-161,14,1211.24,1235.33,-24.08,0.0,07MOE-161,Mexican Oriente,BAJA CALIFORNIA,MEXICALI,161.0,VALLE,BAJA CALIFORNIA,MEXICALI,BAJA CALIFORNIA,2,BAJA CALIFORNIA,2,MEXICALI,MEXICALI,"1,000 - 2,000"
2026-10-07,MDA,BCA,07MOE-161,15,1473.73,1497.11,-23.38,0.0,07MOE-161,Mexican Oriente,BAJA CALIFORNIA,MEXICALI,161.0,VALLE,BAJA CALIFORNIA,MEXICALI,BAJA CALIFORNIA,2,BAJA CALIFORNIA,2,MEXICALI,MEXICALI,"1,000 - 2,000"
2026-10-07,MDA,BCA,07MOE-161,16,1467.85,1493.21,-25.36,0.0,07MOE-161,Mexican Oriente,BAJA CALIFORNIA,MEXICALI,161.0,VALLE,BAJA CALIFORNIA,MEXICALI,BAJA CALIFORNIA,2,BAJA CALIFORNIA,2,MEXICALI,MEXICALI,"1,000 - 2,000"
2026-10-07,MDA,BCA,07MOE-161,17,1641.77,1653.66,-11.88,0.0,07MOE-161,Mexican Oriente,BAJA CALIFORNIA,MEXICALI,161.0,VALLE,BAJA CALIFORNIA,MEXICALI,BAJA CALIFORNIA,2,BAJA CALIFORNIA,2,MEXICALI,MEXICALI,"1,000 - 2,000"
2026-10-07,MDA,BCA,07MOE-161,18,3476.8,3495.89,-19.09,0.0,07MOE-161,Mexican Oriente,BAJA CALIFORNIA,MEXICALI,161.0,VALLE,BAJA CALIFORNIA,MEXICALI,BAJA CALIFORNIA,2,BAJA CALIFORNIA,2,MEXICALI,MEXICALI,"2,000 - 5,000"
2026-10-07,MDA,BCA,07MOE-161,19,3804.4,3815.54,-11.14,0.0,07MOE-161,Mexican Oriente,BAJA CALIFORNIA,MEXICALI,161.0,VALLE,BAJA CALIFORNIA,MEXICALI,BAJA CALIFORNIA,2,BAJA CALIFORNIA,2,MEXICALI,MEXICALI,"2,000 - 5,000"
2026-10-07,MDA,BCA,07MOE-161,20,3536.41,3549.1,-12.69,0.0,07MOE-161,Mexican Oriente,BAJA CALIFORNIA,MEXICALI,161.0,VALLE,BAJA CALIFORNIA,MEXICALI,BAJA CALIFORNIA,2,BAJA CALIFORNIA,2,MEXICALI,MEXICALI,"2,000 - 5,000"
2026-10-07,MDA,BCA,07MOE-161,21,2763.06,2774.55,-11.49,0.0,07MOE-161,Mexican Oriente,BAJA CALIFORNIA,MEXICALI,161.0,VALLE,BAJA CALIFORNIA,MEXICALI,BAJA CALIFORNIA,2,BAJA CALIFORNIA,2,MEXICALI,MEXICALI,"2,000 - 5,000"
2026-10-07,MDA,BCA,07MOE-161,22,2522.71,2532.25,-9.55,0.0,07MOE-161,Mexican Oriente,BAJA CALIFORNIA,MEXICALI,161.0,VALLE,BAJA CALIFORNIA,MEXICALI,BAJA CALIFORNIA,2,BAJA CALIFORNIA,2,MEXICALI,MEXICALI,"2,000 - 5,000"
2026-10-07,MDA,BCA,07MOE-161,23,1882.58,1891.38,-8.79,0.0,07MOE-161,Mexican Oriente,BAJA CALIFORNIA,MEXICALI,161.0,VALLE,BAJA CALIFORNIA,MEXICALI,BAJA CALIFORNIA,2,BAJA CALIFORNIA,2,MEXICALI,MEXICALI,"1,000 - 2,000"
2026-10-07,MDA,BCA,07MOE-161,24,1247.74,1255.72,-7.98,0.0,07MOE-161,Mexican Oriente,BAJA CALIFORNIA,MEXICALI,161.0,VALLE,BAJA CALIFORNIA,MEXICALI,BAJA CALIFORNIA,2,BAJA CALIFORNIA,2,MEXICALI,MEXICALI,"1,000 - 2,000"
2026-10-07,MDA,BCA,07MSN-115,1,1784.88,1767.84,17.05,0.0,07MSN-115,Mision,BAJA CALIFORNIA,TIJUANA,115.0,COSTA,BAJA CALIFORNIA,TIJUANA,BAJA CALIFORNIA,2,BAJA CALIFORNIA,1,ENSENADA,ENSENADA,"1,000 - 2,000"
2026-10-07,MDA,BCA,07MSN-115,2,1165.21,1154.64,10.58,0.0,07MSN-115,Mision,BAJA CALIFORNIA,TIJUANA,115.0,COSTA,BAJA CALIFORNIA,TIJUANA,BAJA CALIFORNIA,2,BAJA CALIFORNIA,1,ENSENADA,ENSENADA,"1,000 - 2,000"
2026-10-07,MDA,BCA,07MSN-115,3,766.43,758.91,7.53,0.0,07MSN-115,Mision,BAJA CALIFORNIA,TIJUANA,115.0,COSTA,BAJA CALIFORNIA,TIJUANA,BAJA CALIFORNIA,2,BAJA CALIFORNIA,1,ENSENADA,ENSENADA,"500 - 1,000"
2026-10-07,MDA,BCA,07MSN-115,4,674.67,668.11,6.56,0.0,07MSN-115,Mision,BAJA CALIFORNIA,TIJUANA,115.0,COSTA,BAJA CALIFORNIA,TIJUANA,BAJA CALIFORNIA,2,BAJA CALIFORNIA,1,ENSENADA,ENSENADA,"500 - 1,000"
2026-10-07,MDA,BCA,07MSN-115,5,676.14,669.64,6.5,0.0,07MSN-115,Mision,BAJA CALIFORNIA,TIJUANA,115.0,COSTA,BAJA CALIFORNIA,TIJUANA,BAJA CALIFORNIA,2,BAJA CALIFORNIA,1,ENSENADA,ENSENADA,"500 - 1,000"
2026-10-07,MDA,BCA,07MSN-115,6,657.24,650.89,6.35,0.0,07MSN-115,Mision,BAJA CALIFORNIA,TIJUANA,115.0,COSTA,BAJA CALIFORNIA,TIJUANA,BAJA CALIFORNIA,2,BAJA CALIFORNIA,1,ENSENADA,ENSENADA,"500 - 1,000"
2026-10-07,MDA,BCA,07MSN-115,7,751.62,744.05,7.56,0.0,07MSN-115,Mision,BAJA CALIFORNIA,TIJUANA,115.0,COSTA,BAJA CALIFORNIA,TIJUANA,BAJA CALIFORNIA,2,BAJA CALIFORNIA,1,ENSENADA,ENSENADA,"500 - 1,000"
2026-10-07,MDA,BCA,07MSN-115,8,772.09,764.19,7.9,0.0,07MSN-115,Mision,BAJA CALIFORNIA,TIJUANA,115.0,COSTA,BAJA CALIFORNIA,TIJUANA,BAJA CALIFORNIA,2,BAJA CALIFORNIA,1,ENSENADA,ENSENADA,"500 - 1,000"
2026-10-07,MDA,BCA,07MSN-115,9,1209.23,1195.72,13.52,0.0,07MSN-115,Mision,BAJA CALIFORNIA,TIJUANA,115.0,COSTA,BAJA CALIFORNIA,TIJUANA,BAJA CALIFORNIA,2,BAJA CALIFORNIA,1,ENSENADA,ENSENADA,"1,000 - 2,000"
2026-10-07,MDA,BCA,07MSN-115,10,1104.66,1093.14,11.53,0.0,07MSN-115,Mision,BAJA CALIFORNIA,TIJUANA,115.0,COSTA,BAJA CALIFORNIA,TIJUANA,BAJA CALIFORNIA,2,BAJA CALIFORNIA,1,ENSENADA,ENSENADA,"1,000 - 2,000"
2026-10-07,MDA,BCA,07MSN-115,11,1220.22,1207.07,13.15,0.0,07MSN-115,Mision,BAJA CALIFORNIA,TIJUANA,115.0,COSTA,BAJA CALIFORNIA,TIJUANA,BAJA CALIFORNIA,2,BAJA CALIFORNIA,1,ENSENADA,ENSENADA,"1,000 - 2,000"
2026-10-07,MDA,BCA,07MSN-115,12,7640.96,1232.59,13.8,6394.57,07MSN-115,Mision,BAJA CALIFORNIA,TIJUANA,115.0,COSTA,BAJA CALIFORNIA,TIJUANA,BAJA CALIFORNIA,2,BAJA CALIFORNIA,1,ENSENADA,ENSENADA,"5,000 - 10,000"
2026-10-07,MDA,BCA,07MSN-115,13,9284.71,1196.63,13.49,8074.6,07MSN-115,Mision,BAJA CALIFORNIA,TIJUANA,115.0,COSTA,BAJA CALIFORNIA,TIJUANA,BAJA CALIFORNIA,2,BAJA CALIFORNIA,1,ENSENADA,ENSENADA,"5,000 - 10,000"
2026-10-07,MDA,BCA,07MSN-115,14,9994.63,1235.33,13.95,8745.35,07MSN-115,Mision,BAJA CALIFORNIA,TIJUANA,115.0,COSTA,BAJA CALIFORNIA,TIJUANA,BAJA CALIFORNIA,2,BAJA CALIFORNIA,1,ENSENADA,ENSENADA,"5,000 - 10,000"
2026-10-07,MDA,BCA,07MSN-115,15,7611.85,1497.11,18.71,6096.02,07MSN-115,Mision,BAJA CALIFORNIA,TIJUANA,115.0,COSTA,BAJA CALIFORNIA,TIJUANA,BAJA CALIFORNIA,2,BAJA CALIFORNIA,1,ENSENADA,ENSENADA,"5,000 - 10,000"
2026-10-07,MDA,BCA,07MSN-115,16,9201.53,1493.21,17.83,7690.49,07MSN-115,Mision,BAJA CALIFORNIA,TIJUANA,115.0,COSTA,BAJA CALIFORNIA,TIJUANA,BAJA CALIFORNIA,2,BAJA CALIFORNIA,1,ENSENADA,ENSENADA,"5,000 - 10,000"
2026-10-07,MDA,BCA,07MSN-115,17,10717.24,1653.66,19.99,9043.6,07MSN-115,Mision,BAJA CALIFORNIA,TIJUANA,115.0,COSTA,BAJA CALIFORNIA,TIJUANA,BAJA CALIFORNIA,2,BAJA CALIFORNIA,1,ENSENADA,ENSENADA,"10,000 o más"
2026-10-07,MDA,BCA,07MSN-115,18,10850.33,3495.89,42.38,7312.07,07MSN-115,Mision,BAJA CALIFORNIA,TIJUANA,115.0,COSTA,BAJA CALIFORNIA,TIJUANA,BAJA CALIFORNIA,2,BAJA CALIFORNIA,1,ENSENADA,ENSENADA,"10,000 o más"
2026-10-07,MDA,BCA,07MSN-115,19,9802.68,3815.54,45.91,5941.22,07MSN-115,Mision,BAJA CALIFORNIA,TIJUANA,115.0,COSTA,BAJA CALIFORNIA,TIJUANA,BAJA CALIFORNIA,2,BAJA CALIFORNIA,1,ENSENADA,ENSENADA,"5,000 - 10,000"
2026-10-07,MDA,BCA,07MSN-115,20,10212.63,3549.1,43.49,6620.03,07MSN-115,Mision,BAJA CALIFORNIA,TIJUANA,115.0,COSTA,BAJA CALIFORNIA,TIJUANA,BAJA CALIFORNIA,2,BAJA CALIFORNIA,1,ENSENADA,ENSENADA,"10,000 o más"
2026-10-07,MDA,BCA,07MSN-115,21,9105.78,2774.55,34.16,6297.08,07MSN-115,Mision,BAJA CALIFORNIA,TIJUANA,115.0,COSTA,BAJA CALIFORNIA,TIJUANA,BAJA CALIFORNIA,2,BAJA CALIFORNIA,1,ENSENADA,ENSENADA,"5,000 - 10,000"
2026-10-07,MDA,BCA,07MSN-115,22,10546.44,2532.25,28.83,7985.35,07MSN-115,Mision,BAJA CALIFORNIA,TIJUANA,115.0,COSTA,BAJA CALIFORNIA,TIJUANA,BAJA CALIFORNIA,2,BAJA CALIFORNIA,1,ENSENADA,ENSENADA,"10,000 o más"
2026-10-07,MDA,BCA,07MSN-115,23,1911.51,1891.38,20.13,0.0,07MSN-115,Mision,BAJA CALIFORNIA,TIJUANA,115.0,COSTA,BAJA CALIFORNIA,TIJUANA,BAJA CALIFORNIA,2,BAJA CALIFORNIA,1,ENSENADA,ENSENADA,"1,000 - 2,000"
2026-10-07,MDA,BCA,07MSN-115,24,1268.99,1255.72,13.28,0.0,07MSN-115,Mision,BAJA CALIFORNIA,TIJUANA,115.0,COSTA,BAJA CALIFORNIA,TIJUANA,BAJA CALIFORNIA,2,BAJA CALIFORNIA,1,ENSENADA,ENSENADA,"1,000 - 2,000"
2026-10-07,MDA,BCA,07MXC-69,1,1805.23,1767.84,37.4,0.0,07MXC-69,Mexico,BAJA CALIFORNIA,TIJUANA,69.0,COSTA,BAJA CALIFORNIA,TIJUANA,BAJA CALIFORNIA,2,BAJA CALIFORNIA,4,TIJUANA,TIJUANA,"1,000 - 2,000"
2026-10-07,MDA,BCA,07MXC-69,2,1178.07,1154.64,23.43,0.0,07MXC-69,Mexico,BAJA CALIFORNIA,TIJUANA,69.0,COSTA,BAJA CALIFORNIA,TIJUANA,BAJA CALIFORNIA,2,BAJA CALIFORNIA,4,TIJUANA,TIJUANA,"1,000 - 2,000"
2026-10-07,MDA,BCA,07MXC-69,3,773.49,758.91,14.59,0.0,07MXC-69,Mexico,BAJA CALIFORNIA,TIJUANA,69.0,COSTA,BAJA CALIFORNIA,TIJUANA,BAJA CALIFORNIA,2,BAJA CALIFORNIA,4,TIJUANA,TIJUANA,"500 - 1,000"
2026-10-07,MDA,BCA,07MXC-69,4,680.57,668.11,12.46,0.0,07MXC-69,Mexico,BAJA CALIFORNIA,TIJUANA,69.0,COSTA,BAJA CALIFORNIA,TIJUANA,BAJA CALIFORNIA,2,BAJA CALIFORNIA,4,TIJUANA,TIJUANA,"500 - 1,000"
2026-10-07,MDA,BCA,07MXC-69,5,682.02,669.64,12.38,0.0,07MXC-69,Mexico,BAJA CALIFORNIA,TIJUANA,69.0,COSTA,BAJA CALIFORNIA,TIJUANA,BAJA CALIFORNIA,2,BAJA CALIFORNIA,4,TIJUANA,TIJUANA,"500 - 1,000"
2026-10-07,MDA,BCA,07MXC-69,6,662.9,650.89,12.01,0.0,07MXC-69,Mexico,BAJA CALIFORNIA,TIJUANA,69.0,COSTA,BAJA CALIFORNIA,TIJUANA,BAJA CALIFORNIA,2,BAJA CALIFORNIA,4,TIJUANA,TIJUANA,"500 - 1,000"
2026-10-07,MDA,BCA,07MXC-69,7,758.45,744.05,14.4,0.0,07MXC-69,Mexico,BAJA CALIFORNIA,TIJUANA,69.0,COSTA,BAJA CALIFORNIA,TIJUANA,BAJA CALIFORNIA,2,BAJA CALIFORNIA,4,TIJUANA,TIJUANA,"500 - 1,000"
2026-10-07,MDA,BCA,07MXC-69,8,779.98,764.19,15.79,0.0,07MXC-69,Mexico,BAJA CALIFORNIA,TIJUANA,69.0,COSTA,BAJA CALIFORNIA,TIJUANA,BAJA CALIFORNIA,2,BAJA CALIFORNIA,4,TIJUANA,TIJUANA,"500 - 1,000"
2026-10-07,MDA,BCA,07MXC-69,9,1222.09,1195.72,26.38,0.0,07MXC-69,Mexico,BAJA CALIFORNIA,TIJUANA,69.0,COSTA,BAJA CALIFORNIA,TIJUANA,BAJA CALIFORNIA,2,BAJA CALIFORNIA,4,TIJUANA,TIJUANA,"1,000 - 2,000"
2026-10-07,MDA,BCA,07MXC-69,10,1119.12,1093.14,25.98,0.0,07MXC-69,Mexico,BAJA CALIFORNIA,TIJUANA,69.0,COSTA,BAJA CALIFORNIA,TIJUANA,BAJA CALIFORNIA,2,BAJA CALIFORNIA,4,TIJUANA,TIJUANA,"1,000 - 2,000"
2026-10-07,MDA,BCA,07MXC-69,11,1237.28,1207.07,30.2,0.0,07MXC-69,Mexico,BAJA CALIFORNIA,TIJUANA,69.0,COSTA,BAJA CALIFORNIA,TIJUANA,BAJA CALIFORNIA,2,BAJA CALIFORNIA,4,TIJUANA,TIJUANA,"1,000 - 2,000"
2026-10-07,MDA,BCA,07MXC-69,12,1264.23,1232.59,31.64,0.0,07MXC-69,Mexico,BAJA CALIFORNIA,TIJUANA,69.0,COSTA,BAJA CALIFORNIA,TIJUANA,BAJA CALIFORNIA,2,BAJA CALIFORNIA,4,TIJUANA,TIJUANA,"1,000 - 2,000"
2026-10-07,MDA,BCA,07MXC-69,13,1227.78,1196.63,31.15,0.0,07MXC-69,Mexico,BAJA CALIFORNIA,TIJUANA,69.0,COSTA,BAJA CALIFORNIA,TIJUANA,BAJA CALIFORNIA,2,BAJA CALIFORNIA,4,TIJUANA,TIJUANA,"1,000 - 2,000"
2026-10-07,MDA,BCA,07MXC-69,14,1267.86,1235.33,32.53,0.0,07MXC-69,Mexico,BAJA CALIFORNIA,TIJUANA,69.0,COSTA,BAJA CALIFORNIA,TIJUANA,BAJA CALIFORNIA,2,BAJA CALIFORNIA,4,TIJUANA,TIJUANA,"1,000 - 2,000"
2026-10-07,MDA,BCA,07MXC-69,15,1536.67,1497.11,39.56,0.0,07MXC-69,Mexico,BAJA CALIFORNIA,TIJUANA,69.0,COSTA,BAJA CALIFORNIA,TIJUANA,BAJA CALIFORNIA,2,BAJA CALIFORNIA,4,TIJUANA,TIJUANA,"1,000 - 2,000"
2026-10-07,MDA,BCA,07MXC-69,16,1532.7,1493.21,39.49,0.0,07MXC-69,Mexico,BAJA CALIFORNIA,TIJUANA,69.0,COSTA,BAJA CALIFORNIA,TIJUANA,BAJA CALIFORNIA,2,BAJA CALIFORNIA,4,TIJUANA,TIJUANA,"1,000 - 2,000"
2026-10-07,MDA,BCA,07MXC-69,17,1697.49,1653.66,43.83,0.0,07MXC-69,Mexico,BAJA CALIFORNIA,TIJUANA,69.0,COSTA,BAJA CALIFORNIA,TIJUANA,BAJA CALIFORNIA,2,BAJA CALIFORNIA,4,TIJUANA,TIJUANA,"1,000 - 2,000"
2026-10-07,MDA,BCA,07MXC-69,18,3586.94,3495.89,91.05,0.0,07MXC-69,Mexico,BAJA CALIFORNIA,TIJUANA,69.0,COSTA,BAJA CALIFORNIA,TIJUANA,BAJA CALIFORNIA,2,BAJA CALIFORNIA,4,TIJUANA,TIJUANA,"2,000 - 5,000"
2026-10-07,MDA,BCA,07MXC-69,19,3912.7,3815.54,97.15,0.0,07MXC-69,Mexico,BAJA CALIFORNIA,TIJUANA,69.0,COSTA,BAJA CALIFORNIA,TIJUANA,BAJA CALIFORNIA,2,BAJA CALIFORNIA,4,TIJUANA,TIJUANA,"2,000 - 5,000"
2026-10-07,MDA,BCA,07MXC-69,20,3638.83,3549.1,89.73,0.0,07MXC-69,Mexico,BAJA CALIFORNIA,TIJUANA,69.0,COSTA,BAJA CALIFORNIA,TIJUANA,BAJA CALIFORNIA,2,BAJA CALIFORNIA,4,TIJUANA,TIJUANA,"2,000 - 5,000"
2026-10-07,MDA,BCA,07MXC-69,21,2843.05,2774.55,68.5,0.0,07MXC-69,Mexico,BAJA CALIFORNIA,TIJUANA,69.0,COSTA,BAJA CALIFORNIA,TIJUANA,BAJA CALIFORNIA,2,BAJA CALIFORNIA,4,TIJUANA,TIJUANA,"2,000 - 5,000"
2026-10-07,MDA,BCA,07MXC-69,22,2592.98,2532.25,60.73,0.0,07MXC-69,Mexico,BAJA CALIFORNIA,TIJUANA,69.0,COSTA,BAJA CALIFORNIA,TIJUANA,BAJA CALIFORNIA,2,BAJA CALIFORNIA,4,TIJUANA,TIJUANA,"2,000 - 5,000"
2026-10-07,MDA,BCA,07MXC-69,23,1934.9,1891.38,43.52,0.0,07MXC-69,Mexico,BAJA CALIFORNIA,TIJUANA,69.0,COSTA,BAJA CALIFORNIA,TIJUANA,BAJA CALIFORNIA,2,BAJA CALIFORNIA,4,TIJUANA,TIJUANA,"1,000 - 2,000"
2026-10-07,MDA,BCA,07MXC-69,24,1282.96,1255.72,27.24,0.0,07MXC-69,Mexico,BAJA CALIFORNIA,TIJUANA,69.0,COSTA,BAJA CALIFORNIA,TIJUANA,BAJA CALIFORNIA,2,BAJA CALIFORNIA,4,TIJUANA,TIJUANA,"1,000 - 2,000"
2026-10-07,MDA,BCA,07MXI-161,1,1762.06,1767.84,-5.78,0.0,07MXI-161,Mexicali Dos,BAJA CALIFORNIA,MEXICALI,161.0,VALLE,BAJA CALIFORNIA,MEXICALI,BAJA CALIFORNIA,2,BAJA CALIFORNIA,2,MEXICALI,MEXICALI,"1,000 - 2,000"
2026-10-07,MDA,BCA,07MXI-161,2,1150.19,1154.64,-4.45,0.0,07MXI-161,Mexicali Dos,BAJA CALIFORNIA,MEXICALI,161.0,VALLE,BAJA CALIFORNIA,MEXICALI,BAJA CALIFORNIA,2,BAJA CALIFORNIA,2,MEXICALI,MEXICALI,"1,000 - 2,000"
2026-10-07,MDA,BCA,07MXI-161,3,754.72,758.91,-4.19,0.0,07MXI-161,Mexicali Dos,BAJA CALIFORNIA,MEXICALI,161.0,VALLE,BAJA CALIFORNIA,MEXICALI,BAJA CALIFORNIA,2,BAJA CALIFORNIA,2,MEXICALI,MEXICALI,"500 - 1,000"
2026-10-07,MDA,BCA,07MXI-161,4,664.89,668.11,-3.22,0.0,07MXI-161,Mexicali Dos,BAJA CALIFORNIA,MEXICALI,161.0,VALLE,BAJA CALIFORNIA,MEXICALI,BAJA CALIFORNIA,2,BAJA CALIFORNIA,2,MEXICALI,MEXICALI,"500 - 1,000"
2026-10-07,MDA,BCA,07MXI-161,5,667.07,669.64,-2.58,0.0,07MXI-161,Mexicali Dos,BAJA CALIFORNIA,MEXICALI,161.0,VALLE,BAJA CALIFORNIA,MEXICALI,BAJA CALIFORNIA,2,BAJA CALIFORNIA,2,MEXICALI,MEXICALI,"500 - 1,000"
2026-10-07,MDA,BCA,07MXI-161,6,648.11,650.89,-2.78,0.0,07MXI-161,Mexicali Dos,BAJA CALIFORNIA,MEXICALI,161.0,VALLE,BAJA CALIFORNIA,MEXICALI,BAJA CALIFORNIA,2,BAJA CALIFORNIA,2,MEXICALI,MEXICALI,"500 - 1,000"
2026-10-07,MDA,BCA,07MXI-161,7,738.33,744.05,-5.73,0.0,07MXI-161,Mexicali Dos,BAJA CALIFORNIA,MEXICALI,161.0,VALLE,BAJA CALIFORNIA,MEXICALI,BAJA CALIFORNIA,2,BAJA CALIFORNIA,2,MEXICALI,MEXICALI,"500 - 1,000"
2026-10-07,MDA,BCA,07MXI-161,8,756.11,764.19,-8.08,0.0,07MXI-161,Mexicali Dos,BAJA CALIFORNIA,MEXICALI,161.0,VALLE,BAJA CALIFORNIA,MEXICALI,BAJA CALIFORNIA,2,BAJA CALIFORNIA,2,MEXICALI,MEXICALI,"500 - 1,000"
2026-10-07,MDA,BCA,07MXI-161,9,1171.38,1195.72,-24.34,0.0,07MXI-161,Mexicali Dos,BAJA CALIFORNIA,MEXICALI,161.0,VALLE,BAJA CALIFORNIA,MEXICALI,BAJA CALIFORNIA,2,BAJA CALIFORNIA,2,MEXICALI,MEXICALI,"1,000 - 2,000"
2026-10-07,MDA,BCA,07MXI-161,10,1068.8,1093.14,-24.34,0.0,07MXI-161,Mexicali Dos,BAJA CALIFORNIA,MEXICALI,161.0,VALLE,BAJA CALIFORNIA,MEXICALI,BAJA CALIFORNIA,2,BAJA CALIFORNIA,2,MEXICALI,MEXICALI,"1,000 - 2,000"
2026-10-07,MDA,BCA,07MXI-161,11,1186.4,1207.07,-20.68,0.0,07MXI-161,Mexicali Dos,BAJA CALIFORNIA,MEXICALI,161.0,VALLE,BAJA CALIFORNIA,MEXICALI,BAJA CALIFORNIA,2,BAJA CALIFORNIA,2,MEXICALI,MEXICALI,"1,000 - 2,000"
2026-10-07,MDA,BCA,07MXI-161,12,1210.23,1232.59,-22.36,0.0,07MXI-161,Mexicali Dos,BAJA CALIFORNIA,MEXICALI,161.0,VALLE,BAJA CALIFORNIA,MEXICALI,BAJA CALIFORNIA,2,BAJA CALIFORNIA,2,MEXICALI,MEXICALI,"1,000 - 2,000"
2026-10-07,MDA,BCA,07MXI-161,13,1170.11,1196.63,-26.52,0.0,07MXI-161,Mexicali Dos,BAJA CALIFORNIA,MEXICALI,161.0,VALLE,BAJA CALIFORNIA,MEXICALI,BAJA CALIFORNIA,2,BAJA CALIFORNIA,2,MEXICALI,MEXICALI,"1,000 - 2,000"
2026-10-07,MDA,BCA,07MXI-161,14,1208.75,1235.33,-26.58,0.0,07MXI-161,Mexicali Dos,BAJA CALIFORNIA,MEXICALI,161.0,VALLE,BAJA CALIFORNIA,MEXICALI,BAJA CALIFORNIA,2,BAJA CALIFORNIA,2,MEXICALI,MEXICALI,"1,000 - 2,000"
2026-10-07,MDA,BCA,07MXI-161,15,1469.62,1497.11,-27.49,0.0,07MXI-161,Mexicali Dos,BAJA CALIFORNIA,MEXICALI,161.0,VALLE,BAJA CALIFORNIA,MEXICALI,BAJA CALIFORNIA,2,BAJA CALIFORNIA,2,MEXICALI,MEXICALI,"1,000 - 2,000"
2026-10-07,MDA,BCA,07MXI-161,16,1464.05,1493.21,-29.17,0.0,07MXI-161,Mexicali Dos,BAJA CALIFORNIA,MEXICALI,161.0,VALLE,BAJA CALIFORNIA,MEXICALI,BAJA CALIFORNIA,2,BAJA CALIFORNIA,2,MEXICALI,MEXICALI,"1,000 - 2,000"
2026-10-07,MDA,BCA,07MXI-161,17,1637.28,1653.66,-16.38,0.0,07MXI-161,Mexicali Dos,BAJA CALIFORNIA,MEXICALI,161.0,VALLE,BAJA CALIFORNIA,MEXICALI,BAJA CALIFORNIA,2,BAJA CALIFORNIA,2,MEXICALI,MEXICALI,"1,000 - 2,000"
2026-10-07,MDA,BCA,07MXI-161,18,3469.71,3495.89,-26.18,0.0,07MXI-161,Mexicali Dos,BAJA CALIFORNIA,MEXICALI,161.0,VALLE,BAJA CALIFORNIA,MEXICALI,BAJA CALIFORNIA,2,BAJA CALIFORNIA,2,MEXICALI,MEXICALI,"2,000 - 5,000"
2026-10-07,MDA,BCA,07MXI-161,19,3797.02,3815.54,-18.53,0.0,07MXI-161,Mexicali Dos,BAJA CALIFORNIA,MEXICALI,161.0,VALLE,BAJA CALIFORNIA,MEXICALI,BAJA CALIFORNIA,2,BAJA CALIFORNIA,2,MEXICALI,MEXICALI,"2,000 - 5,000"
2026-10-07,MDA,BCA,07MXI-161,20,3530.01,3549.1,-19.09,0.0,07MXI-161,Mexicali Dos,BAJA CALIFORNIA,MEXICALI,161.0,VALLE,BAJA CALIFORNIA,MEXICALI,BAJA CALIFORNIA,2,BAJA CALIFORNIA,2,MEXICALI,MEXICALI,"2,000 - 5,000"
2026-10-07,MDA,BCA,07MXI-161,21,2757.73,2774.55,-16.82,0.0,07MXI-161,Mexicali Dos,BAJA CALIFORNIA,MEXICALI,161.0,VALLE,BAJA CALIFORNIA,MEXICALI,BAJA CALIFORNIA,2,BAJA CALIFORNIA,2,MEXICALI,MEXICALI,"2,000 - 5,000"
2026-10-07,MDA,BCA,07MXI-161,22,2518.62,2532.25,-13.63,0.0,07MXI-161,Mexicali Dos,BAJA CALIFORNIA,MEXICALI,161.0,VALLE,BAJA CALIFORNIA,MEXICALI,BAJA CALIFORNIA,2,BAJA CALIFORNIA,2,MEXICALI,MEXICALI,"2,000 - 5,000"
2026-10-07,MDA,BCA,07MXI-161,23,1880.16,1891.38,-11.22,0.0,07MXI-161,Mexicali Dos,BAJA CALIFORNIA,MEXICALI,161.0,VALLE,BAJA CALIFORNIA,MEXICALI,BAJA CALIFORNIA,2,BAJA CALIFORNIA,2,MEXICALI,MEXICALI,"1,000 - 2,000"
2026-10-07,MDA,BCA,07MXI-161,24,1246.13,1255.72,-9.58,0.0,07MXI-161,Mexicali Dos,BAJA CALIFORNIA,MEXICALI,161.0,VALLE,BAJA CALIFORNIA,MEXICALI,BAJA CALIFORNIA,2,BAJA CALIFORNIA,2,MEXICALI,MEXICALI,"1,000 - 2,000"
2026-10-07,MDA,BCA,07MXI-230,1,1763.34,1767.84,-4.5,0.0,07MXI-230,Mexicali Dos,BAJA CALIFORNIA,MEXICALI,230.0,VALLE,BAJA CALIFORNIA,MEXICALI,BAJA CALIFORNIA,2,BAJA CALIFORNIA,2,MEXICALI,MEXICALI,"1,000 - 2,000"
2026-10-07,MDA,BCA,07MXI-230,2,1150.82,1154.64,-3.82,0.0,07MXI-230,Mexicali Dos,BAJA CALIFORNIA,MEXICALI,230.0,VALLE,BAJA CALIFORNIA,MEXICALI,BAJA CALIFORNIA,2,BAJA CALIFORNIA,2,MEXICALI,MEXICALI,"1,000 - 2,000"
2026-10-07,MDA,BCA,07MXI-230,3,755.07,758.91,-3.84,0.0,07MXI-230,Mexicali Dos,BAJA CALIFORNIA,MEXICALI,230.0,VALLE,BAJA CALIFORNIA,MEXICALI,BAJA CALIFORNIA,2,BAJA CALIFORNIA,2,MEXICALI,MEXICALI,"500 - 1,000"
2026-10-07,MDA,BCA,07MXI-230,4,665.19,668.11,-2.92,0.0,07MXI-230,Mexicali Dos,BAJA CALIFORNIA,MEXICALI,230.0,VALLE,BAJA CALIFORNIA,MEXICALI,BAJA CALIFORNIA,2,BAJA CALIFORNIA,2,MEXICALI,MEXICALI,"500 - 1,000"
2026-10-07,MDA,BCA,07MXI-230,5,667.3,669.64,-2.34,0.0,07MXI-230,Mexicali Dos,BAJA CALIFORNIA,MEXICALI,230.0,VALLE,BAJA CALIFORNIA,MEXICALI,BAJA CALIFORNIA,2,BAJA CALIFORNIA,2,MEXICALI,MEXICALI,"500 - 1,000"
2026-10-07,MDA,BCA,07MXI-230,6,648.33,650.89,-2.56,0.0,07MXI-230,Mexicali Dos,BAJA CALIFORNIA,MEXICALI,230.0,VALLE,BAJA CALIFORNIA,MEXICALI,BAJA CALIFORNIA,2,BAJA CALIFORNIA,2,MEXICALI,MEXICALI,"500 - 1,000"
2026-10-07,MDA,BCA,07MXI-230,7,738.56,744.05,-5.49,0.0,07MXI-230,Mexicali Dos,BAJA CALIFORNIA,MEXICALI,230.0,VALLE,BAJA CALIFORNIA,MEXICALI,BAJA CALIFORNIA,2,BAJA CALIFORNIA,2,MEXICALI,MEXICALI,"500 - 1,000"
2026-10-07,MDA,BCA,07MXI-230,8,756.19,764.19,-8.0,0.0,07MXI-230,Mexicali Dos,BAJA CALIFORNIA,MEXICALI,230.0,VALLE,BAJA CALIFORNIA,MEXICALI,BAJA CALIFORNIA,2,BAJA CALIFORNIA,2,MEXICALI,MEXICALI,"500 - 1,000"
2026-10-07,MDA,BCA,07MXI-230,9,1171.44,1195.72,-24.28,0.0,07MXI-230,Mexicali Dos,BAJA CALIFORNIA,MEXICALI,230.0,VALLE,BAJA CALIFORNIA,MEXICALI,BAJA CALIFORNIA,2,BAJA CALIFORNIA,2,MEXICALI,MEXICALI,"1,000 - 2,000"
2026-10-07,MDA,BCA,07MXI-230,10,1069.04,1093.14,-24.1,0.0,07MXI-230,Mexicali Dos,BAJA CALIFORNIA,MEXICALI,230.0,VALLE,BAJA CALIFORNIA,MEXICALI,BAJA CALIFORNIA,2,BAJA CALIFORNIA,2,MEXICALI,MEXICALI,"1,000 - 2,000"
2026-10-07,MDA,BCA,07MXI-230,11,1186.68,1207.07,-20.39,0.0,07MXI-230,Mexicali Dos,BAJA CALIFORNIA,MEXICALI,230.0,VALLE,BAJA CALIFORNIA,MEXICALI,BAJA CALIFORNIA,2,BAJA CALIFORNIA,2,MEXICALI,MEXICALI,"1,000 - 2,000"
2026-10-07,MDA,BCA,07MXI-230,12,1210.71,1232.59,-21.88,0.0,07MXI-230,Mexicali Dos,BAJA CALIFORNIA,MEXICALI,230.0,VALLE,BAJA CALIFORNIA,MEXICALI,BAJA CALIFORNIA,2,BAJA CALIFORNIA,2,MEXICALI,MEXICALI,"1,000 - 2,000"
2026-10-07,MDA,BCA,07MXI-230,13,1169.7,1196.63,-26.93,0.0,07MXI-230,Mexicali Dos,BAJA CALIFORNIA,MEXICALI,230.0,VALLE,BAJA CALIFORNIA,MEXICALI,BAJA CALIFORNIA,2,BAJA CALIFORNIA,2,MEXICALI,MEXICALI,"1,000 - 2,000"
2026-10-07,MDA,BCA,07MXI-230,14,1207.94,1235.33,-27.38,0.0,07MXI-230,Mexicali Dos,BAJA CALIFORNIA,MEXICALI,230.0,VALLE,BAJA CALIFORNIA,MEXICALI,BAJA CALIFORNIA,2,BAJA CALIFORNIA,2,MEXICALI,MEXICALI,"1,000 - 2,000"
2026-10-07,MDA,BCA,07MXI-230,15,1468.54,1497.11,-28.58,0.0,07MXI-230,Mexicali Dos,BAJA CALIFORNIA,MEXICALI,230.0,VALLE,BAJA CALIFORNIA,MEXICALI,BAJA CALIFORNIA,2,BAJA CALIFORNIA,2,MEXICALI,MEXICALI,"1,000 - 2,000"
2026-10-07,MDA,BCA,07MXI-230,16,1462.87,1493.21,-30.34,0.0,07MXI-230,Mexicali Dos,BAJA CALIFORNIA,MEXICALI,230.0,VALLE,BAJA CALIFORNIA,MEXICALI,BAJA CALIFORNIA,2,BAJA CALIFORNIA,2,MEXICALI,MEXICALI,"1,000 - 2,000"
2026-10-07,MDA,BCA,07MXI-230,17,1635.98,1653.66,-17.68,0.0,07MXI-230,Mexicali Dos,BAJA CALIFORNIA,MEXICALI,230.0,VALLE,BAJA CALIFORNIA,MEXICALI,BAJA CALIFORNIA,2,BAJA CALIFORNIA,2,MEXICALI,MEXICALI,"1,000 - 2,000"
2026-10-07,MDA,BCA,07MXI-230,18,3468.08,3495.89,-27.81,0.0,07MXI-230,Mexicali Dos,BAJA CALIFORNIA,MEXICALI,230.0,VALLE,BAJA CALIFORNIA,MEXICALI,BAJA CALIFORNIA,2,BAJA CALIFORNIA,2,MEXICALI,MEXICALI,"2,000 - 5,000"
2026-10-07,MDA,BCA,07MXI-230,19,3795.43,3815.54,-20.11,0.0,07MXI-230,Mexicali Dos,BAJA CALIFORNIA,MEXICALI,230.0,VALLE,BAJA CALIFORNIA,MEXICALI,BAJA CALIFORNIA,2,BAJA CALIFORNIA,2,MEXICALI,MEXICALI,"2,000 - 5,000"
2026-10-07,MDA,BCA,07MXI-230,20,3528.78,3549.1,-20.32,0.0,07MXI-230,Mexicali Dos,BAJA CALIFORNIA,MEXICALI,230.0,VALLE,BAJA CALIFORNIA,MEXICALI,BAJA CALIFORNIA,2,BAJA CALIFORNIA,2,MEXICALI,MEXICALI,"2,000 - 5,000"
2026-10-07,MDA,BCA,07MXI-230,21,2757.28,2774.55,-17.27,0.0,07MXI-230,Mexicali Dos,BAJA CALIFORNIA,MEXICALI,230.0,VALLE,BAJA CALIFORNIA,MEXICALI,BAJA CALIFORNIA,2,BAJA CALIFORNIA,2,MEXICALI,MEXICALI,"2,000 - 5,000"
2026-10-07,MDA,BCA,07MXI-230,22,2518.46,2532.25,-13.79,0.0,07MXI-230,Mexicali Dos,BAJA CALIFORNIA,MEXICALI,230.0,VALLE,BAJA CALIFORNIA,MEXICALI,BAJA CALIFORNIA,2,BAJA CALIFORNIA,2,MEXICALI,MEXICALI,"2,000 - 5,000"
2026-10-07,MDA,BCA,07MXI-230,23,1879.89,1891.38,-11.49,0.0,07MXI-230,Mexicali Dos,BAJA CALIFORNIA,MEXICALI,230.0,VALLE,BAJA CALIFORNIA,MEXICALI,BAJA CALIFORNIA,2,BAJA CALIFORNIA,2,MEXICALI,MEXICALI,"1,000 - 2,000"
2026-10-07,MDA,BCA,07MXI-230,24,1245.91,1255.72,-9.81,0.0,07MXI-230,Mexicali Dos,BAJA CALIFORNIA,MEXICALI,230.0,VALLE,BAJA CALIFORNIA,MEXICALI,BAJA CALIFORNIA,2,BAJA CALIFORNIA,2,MEXICALI,MEXICALI,"1,000 - 2,000"
2026-10-07,MDA,BCA,07NEL-69,1,1798.19,1767.84,30.35,0.0,07NEL-69,Nellcor,BAJA CALIFORNIA,TIJUANA,69.0,COSTA,BAJA CALIFORNIA,TIJUANA,BAJA CALIFORNIA,2,BAJA CALIFORNIA,4,TIJUANA,TIJUANA,"1,000 - 2,000"
2026-10-07,MDA,BCA,07NEL-69,2,1173.82,1154.64,19.19,0.0,07NEL-69,Nellcor,BAJA CALIFORNIA,TIJUANA,69.0,COSTA,BAJA CALIFORNIA,TIJUANA,BAJA CALIFORNIA,2,BAJA CALIFORNIA,4,TIJUANA,TIJUANA,"1,000 - 2,000"
2026-10-07,MDA,BCA,07NEL-69,3,770.78,758.91,11.88,0.0,07NEL-69,Nellcor,BAJA CALIFORNIA,TIJUANA,69.0,COSTA,BAJA CALIFORNIA,TIJUANA,BAJA CALIFORNIA,2,BAJA CALIFORNIA,4,TIJUANA,TIJUANA,"500 - 1,000"
2026-10-07,MDA,BCA,07NEL-69,4,678.33,668.11,10.22,0.0,07NEL-69,Nellcor,BAJA CALIFORNIA,TIJUANA,69.0,COSTA,BAJA CALIFORNIA,TIJUANA,BAJA CALIFORNIA,2,BAJA CALIFORNIA,4,TIJUANA,TIJUANA,"500 - 1,000"
2026-10-07,MDA,BCA,07NEL-69,5,679.83,669.64,10.19,0.0,07NEL-69,Nellcor,BAJA CALIFORNIA,TIJUANA,69.0,COSTA,BAJA CALIFORNIA,TIJUANA,BAJA CALIFORNIA,2,BAJA CALIFORNIA,4,TIJUANA,TIJUANA,"500 - 1,000"
2026-10-07,MDA,BCA,07NEL-69,6,660.83,650.89,9.94,0.0,07NEL-69,Nellcor,BAJA CALIFORNIA,TIJUANA,69.0,COSTA,BAJA CALIFORNIA,TIJUANA,BAJA CALIFORNIA,2,BAJA CALIFORNIA,4,TIJUANA,TIJUANA,"500 - 1,000"
2026-10-07,MDA,BCA,07NEL-69,7,755.82,744.05,11.77,0.0,07NEL-69,Nellcor,BAJA CALIFORNIA,TIJUANA,69.0,COSTA,BAJA CALIFORNIA,TIJUANA,BAJA CALIFORNIA,2,BAJA CALIFORNIA,4,TIJUANA,TIJUANA,"500 - 1,000"
2026-10-07,MDA,BCA,07NEL-69,8,777.02,764.19,12.84,0.0,07NEL-69,Nellcor,BAJA CALIFORNIA,TIJUANA,69.0,COSTA,BAJA CALIFORNIA,TIJUANA,BAJA CALIFORNIA,2,BAJA CALIFORNIA,4,TIJUANA,TIJUANA,"500 - 1,000"
2026-10-07,MDA,BCA,07NEL-69,9,1216.34,1195.72,20.63,0.0,07NEL-69,Nellcor,BAJA CALIFORNIA,TIJUANA,69.0,COSTA,BAJA CALIFORNIA,TIJUANA,BAJA CALIFORNIA,2,BAJA CALIFORNIA,4,TIJUANA,TIJUANA,"1,000 - 2,000"
2026-10-07,MDA,BCA,07NEL-69,10,1113.04,1093.14,19.91,0.0,07NEL-69,Nellcor,BAJA CALIFORNIA,TIJUANA,69.0,COSTA,BAJA CALIFORNIA,TIJUANA,BAJA CALIFORNIA,2,BAJA CALIFORNIA,4,TIJUANA,TIJUANA,"1,000 - 2,000"
2026-10-07,MDA,BCA,07NEL-69,11,1229.83,1207.07,22.76,0.0,07NEL-69,Nellcor,BAJA CALIFORNIA,TIJUANA,69.0,COSTA,BAJA CALIFORNIA,TIJUANA,BAJA CALIFORNIA,2,BAJA CALIFORNIA,4,TIJUANA,TIJUANA,"1,000 - 2,000"
2026-10-07,MDA,BCA,07NEL-69,12,1256.3,1232.59,23.71,0.0,07NEL-69,Nellcor,BAJA CALIFORNIA,TIJUANA,69.0,COSTA,BAJA CALIFORNIA,TIJUANA,BAJA CALIFORNIA,2,BAJA CALIFORNIA,4,TIJUANA,TIJUANA,"1,000 - 2,000"
2026-10-07,MDA,BCA,07NEL-69,13,1219.9,1196.63,23.27,0.0,07NEL-69,Nellcor,BAJA CALIFORNIA,TIJUANA,69.0,COSTA,BAJA CALIFORNIA,TIJUANA,BAJA CALIFORNIA,2,BAJA CALIFORNIA,4,TIJUANA,TIJUANA,"1,000 - 2,000"
2026-10-07,MDA,BCA,07NEL-69,14,1259.8,1235.33,24.47,0.0,07NEL-69,Nellcor,BAJA CALIFORNIA,TIJUANA,69.0,COSTA,BAJA CALIFORNIA,TIJUANA,BAJA CALIFORNIA,2,BAJA CALIFORNIA,4,TIJUANA,TIJUANA,"1,000 - 2,000"
2026-10-07,MDA,BCA,07NEL-69,15,1526.87,1497.11,29.76,0.0,07NEL-69,Nellcor,BAJA CALIFORNIA,TIJUANA,69.0,COSTA,BAJA CALIFORNIA,TIJUANA,BAJA CALIFORNIA,2,BAJA CALIFORNIA,4,TIJUANA,TIJUANA,"1,000 - 2,000"
2026-10-07,MDA,BCA,07NEL-69,16,1523.44,1493.21,30.22,0.0,07NEL-69,Nellcor,BAJA CALIFORNIA,TIJUANA,69.0,COSTA,BAJA CALIFORNIA,TIJUANA,BAJA CALIFORNIA,2,BAJA CALIFORNIA,4,TIJUANA,TIJUANA,"1,000 - 2,000"
2026-10-07,MDA,BCA,07NEL-69,17,1686.74,1653.66,33.08,0.0,07NEL-69,Nellcor,BAJA CALIFORNIA,TIJUANA,69.0,COSTA,BAJA CALIFORNIA,TIJUANA,BAJA CALIFORNIA,2,BAJA CALIFORNIA,4,TIJUANA,TIJUANA,"1,000 - 2,000"
2026-10-07,MDA,BCA,07NEL-69,18,3564.31,3495.89,68.43,0.0,07NEL-69,Nellcor,BAJA CALIFORNIA,TIJUANA,69.0,COSTA,BAJA CALIFORNIA,TIJUANA,BAJA CALIFORNIA,2,BAJA CALIFORNIA,4,TIJUANA,TIJUANA,"2,000 - 5,000"
2026-10-07,MDA,BCA,07NEL-69,19,3889.0,3815.54,73.46,0.0,07NEL-69,Nellcor,BAJA CALIFORNIA,TIJUANA,69.0,COSTA,BAJA CALIFORNIA,TIJUANA,BAJA CALIFORNIA,2,BAJA CALIFORNIA,4,TIJUANA,TIJUANA,"2,000 - 5,000"
2026-10-07,MDA,BCA,07NEL-69,20,3617.03,3549.1,67.93,0.0,07NEL-69,Nellcor,BAJA CALIFORNIA,TIJUANA,69.0,COSTA,BAJA CALIFORNIA,TIJUANA,BAJA CALIFORNIA,2,BAJA CALIFORNIA,4,TIJUANA,TIJUANA,"2,000 - 5,000"
2026-10-07,MDA,BCA,07NEL-69,21,2826.99,2774.55,52.44,0.0,07NEL-69,Nellcor,BAJA CALIFORNIA,TIJUANA,69.0,COSTA,BAJA CALIFORNIA,TIJUANA,BAJA CALIFORNIA,2,BAJA CALIFORNIA,4,TIJUANA,TIJUANA,"2,000 - 5,000"
2026-10-07,MDA,BCA,07NEL-69,22,2579.81,2532.25,47.55,0.0,07NEL-69,Nellcor,BAJA CALIFORNIA,TIJUANA,69.0,COSTA,BAJA CALIFORNIA,TIJUANA,BAJA CALIFORNIA,2,BAJA CALIFORNIA,4,TIJUANA,TIJUANA,"2,000 - 5,000"
2026-10-07,MDA,BCA,07NEL-69,23,1926.46,1891.38,35.08,0.0,07NEL-69,Nellcor,BAJA CALIFORNIA,TIJUANA,69.0,COSTA,BAJA CALIFORNIA,TIJUANA,BAJA CALIFORNIA,2,BAJA CALIFORNIA,4,TIJUANA,TIJUANA,"1,000 - 2,000"
2026-10-07,MDA,BCA,07NEL-69,24,1277.86,1255.72,22.14,0.0,07NEL-69,Nellcor,BAJA CALIFORNIA,TIJUANA,69.0,COSTA,BAJA CALIFORNIA,TIJUANA,BAJA CALIFORNIA,2,BAJA CALIFORNIA,4,TIJUANA,TIJUANA,"1,000 - 2,000"
2026-10-07,MDA,BCA,07NZI-161,1,1763.48,1767.84,-4.35,0.0,07NZI-161,Nacozari,BAJA CALIFORNIA,MEXICALI,161.0,VALLE,BAJA CALIFORNIA,MEXICALI,BAJA CALIFORNIA,2,BAJA CALIFORNIA,2,MEXICALI,MEXICALI,"1,000 - 2,000"
2026-10-07,MDA,BCA,07NZI-161,2,1151.18,1154.64,-3.45,0.0,07NZI-161,Nacozari,BAJA CALIFORNIA,MEXICALI,161.0,VALLE,BAJA CALIFORNIA,MEXICALI,BAJA CALIFORNIA,2,BAJA CALIFORNIA,2,MEXICALI,MEXICALI,"1,000 - 2,000"
2026-10-07,MDA,BCA,07NZI-161,3,755.39,758.91,-3.52,0.0,07NZI-161,Nacozari,BAJA CALIFORNIA,MEXICALI,161.0,VALLE,BAJA CALIFORNIA,MEXICALI,BAJA CALIFORNIA,2,BAJA CALIFORNIA,2,MEXICALI,MEXICALI,"500 - 1,000"
2026-10-07,MDA,BCA,07NZI-161,4,665.44,668.11,-2.67,0.0,07NZI-161,Nacozari,BAJA CALIFORNIA,MEXICALI,161.0,VALLE,BAJA CALIFORNIA,MEXICALI,BAJA CALIFORNIA,2,BAJA CALIFORNIA,2,MEXICALI,MEXICALI,"500 - 1,000"
2026-10-07,MDA,BCA,07NZI-161,5,667.69,669.64,-1.95,0.0,07NZI-161,Nacozari,BAJA CALIFORNIA,MEXICALI,161.0,VALLE,BAJA CALIFORNIA,MEXICALI,BAJA CALIFORNIA,2,BAJA CALIFORNIA,2,MEXICALI,MEXICALI,"500 - 1,000"
2026-10-07,MDA,BCA,07NZI-161,6,648.71,650.89,-2.19,0.0,07NZI-161,Nacozari,BAJA CALIFORNIA,MEXICALI,161.0,VALLE,BAJA CALIFORNIA,MEXICALI,BAJA CALIFORNIA,2,BAJA CALIFORNIA,2,MEXICALI,MEXICALI,"500 - 1,000"
2026-10-07,MDA,BCA,07NZI-161,7,738.97,744.05,-5.08,0.0,07NZI-161,Nacozari,BAJA CALIFORNIA,MEXICALI,161.0,VALLE,BAJA CALIFORNIA,MEXICALI,BAJA CALIFORNIA,2,BAJA CALIFORNIA,2,MEXICALI,MEXICALI,"500 - 1,000"
2026-10-07,MDA,BCA,07NZI-161,8,756.83,764.19,-7.36,0.0,07NZI-161,Nacozari,BAJA CALIFORNIA,MEXICALI,161.0,VALLE,BAJA CALIFORNIA,MEXICALI,BAJA CALIFORNIA,2,BAJA CALIFORNIA,2,MEXICALI,MEXICALI,"500 - 1,000"
2026-10-07,MDA,BCA,07NZI-161,9,1172.61,1195.72,-23.1,0.0,07NZI-161,Nacozari,BAJA CALIFORNIA,MEXICALI,161.0,VALLE,BAJA CALIFORNIA,MEXICALI,BAJA CALIFORNIA,2,BAJA CALIFORNIA,2,MEXICALI,MEXICALI,"1,000 - 2,000"
2026-10-07,MDA,BCA,07NZI-161,10,1069.68,1093.14,-23.46,0.0,07NZI-161,Nacozari,BAJA CALIFORNIA,MEXICALI,161.0,VALLE,BAJA CALIFORNIA,MEXICALI,BAJA CALIFORNIA,2,BAJA CALIFORNIA,2,MEXICALI,MEXICALI,"1,000 - 2,000"
2026-10-07,MDA,BCA,07NZI-161,11,1187.58,1207.07,-19.49,0.0,07NZI-161,Nacozari,BAJA CALIFORNIA,MEXICALI,161.0,VALLE,BAJA CALIFORNIA,MEXICALI,BAJA CALIFORNIA,2,BAJA CALIFORNIA,2,MEXICALI,MEXICALI,"1,000 - 2,000"
2026-10-07,MDA,BCA,07NZI-161,12,1211.6,1232.59,-20.99,0.0,07NZI-161,Nacozari,BAJA CALIFORNIA,MEXICALI,161.0,VALLE,BAJA CALIFORNIA,MEXICALI,BAJA CALIFORNIA,2,BAJA CALIFORNIA,2,MEXICALI,MEXICALI,"1,000 - 2,000"
2026-10-07,MDA,BCA,07NZI-161,13,1171.69,1196.63,-24.93,0.0,07NZI-161,Nacozari,BAJA CALIFORNIA,MEXICALI,161.0,VALLE,BAJA CALIFORNIA,MEXICALI,BAJA CALIFORNIA,2,BAJA CALIFORNIA,2,MEXICALI,MEXICALI,"1,000 - 2,000"
2026-10-07,MDA,BCA,07NZI-161,14,1210.7,1235.33,-24.63,0.0,07NZI-161,Nacozari,BAJA CALIFORNIA,MEXICALI,161.0,VALLE,BAJA CALIFORNIA,MEXICALI,BAJA CALIFORNIA,2,BAJA CALIFORNIA,2,MEXICALI,MEXICALI,"1,000 - 2,000"
2026-10-07,MDA,BCA,07NZI-161,15,1472.37,1497.11,-24.74,0.0,07NZI-161,Nacozari,BAJA CALIFORNIA,MEXICALI,161.0,VALLE,BAJA CALIFORNIA,MEXICALI,BAJA CALIFORNIA,2,BAJA CALIFORNIA,2,MEXICALI,MEXICALI,"1,000 - 2,000"
2026-10-07,MDA,BCA,07NZI-161,16,1466.82,1493.21,-26.39,0.0,07NZI-161,Nacozari,BAJA CALIFORNIA,MEXICALI,161.0,VALLE,BAJA CALIFORNIA,MEXICALI,BAJA CALIFORNIA,2,BAJA CALIFORNIA,2,MEXICALI,MEXICALI,"1,000 - 2,000"
2026-10-07,MDA,BCA,07NZI-161,17,1640.46,1653.66,-13.2,0.0,07NZI-161,Nacozari,BAJA CALIFORNIA,MEXICALI,161.0,VALLE,BAJA CALIFORNIA,MEXICALI,BAJA CALIFORNIA,2,BAJA CALIFORNIA,2,MEXICALI,MEXICALI,"1,000 - 2,000"
2026-10-07,MDA,BCA,07NZI-161,18,3475.32,3495.89,-20.57,0.0,07NZI-161,Nacozari,BAJA CALIFORNIA,MEXICALI,161.0,VALLE,BAJA CALIFORNIA,MEXICALI,BAJA CALIFORNIA,2,BAJA CALIFORNIA,2,MEXICALI,MEXICALI,"2,000 - 5,000"
2026-10-07,MDA,BCA,07NZI-161,19,3802.87,3815.54,-12.68,0.0,07NZI-161,Nacozari,BAJA CALIFORNIA,MEXICALI,161.0,VALLE,BAJA CALIFORNIA,MEXICALI,BAJA CALIFORNIA,2,BAJA CALIFORNIA,2,MEXICALI,MEXICALI,"2,000 - 5,000"
2026-10-07,MDA,BCA,07NZI-161,20,3535.16,3549.1,-13.95,0.0,07NZI-161,Nacozari,BAJA CALIFORNIA,MEXICALI,161.0,VALLE,BAJA CALIFORNIA,MEXICALI,BAJA CALIFORNIA,2,BAJA CALIFORNIA,2,MEXICALI,MEXICALI,"2,000 - 5,000"
2026-10-07,MDA,BCA,07NZI-161,21,2761.63,2774.55,-12.92,0.0,07NZI-161,Nacozari,BAJA CALIFORNIA,MEXICALI,161.0,VALLE,BAJA CALIFORNIA,MEXICALI,BAJA CALIFORNIA,2,BAJA CALIFORNIA,2,MEXICALI,MEXICALI,"2,000 - 5,000"
2026-10-07,MDA,BCA,07NZI-161,22,2521.8,2532.25,-10.46,0.0,07NZI-161,Nacozari,BAJA CALIFORNIA,MEXICALI,161.0,VALLE,BAJA CALIFORNIA,MEXICALI,BAJA CALIFORNIA,2,BAJA CALIFORNIA,2,MEXICALI,MEXICALI,"2,000 - 5,000"
2026-10-07,MDA,BCA,07NZI-161,23,1882.3,1891.38,-9.08,0.0,07NZI-161,Nacozari,BAJA CALIFORNIA,MEXICALI,161.0,VALLE,BAJA CALIFORNIA,MEXICALI,BAJA CALIFORNIA,2,BAJA CALIFORNIA,2,MEXICALI,MEXICALI,"1,000 - 2,000"
2026-10-07,MDA,BCA,07NZI-161,24,1247.52,1255.72,-8.2,0.0,07NZI-161,Nacozari,BAJA CALIFORNIA,MEXICALI,161.0,VALLE,BAJA CALIFORNIA,MEXICALI,BAJA CALIFORNIA,2,BAJA CALIFORNIA,2,MEXICALI,MEXICALI,"1,000 - 2,000"
2026-10-07,MDA,BCA,07OMS-230,1,1775.61,1767.84,7.78,0.0,07OMS-230,Otay Mesa,No Aplica,No Aplica,230.0,No Aplica,No Aplica,No Aplica,No Aplica,No Aplica,No Aplica,No Aplica,No Aplica,No Aplica,"1,000 - 2,000"
2026-10-07,MDA,BCA,07OMS-230,2,1160.08,1154.64,5.45,0.0,07OMS-230,Otay Mesa,No Aplica,No Aplica,230.0,No Aplica,No Aplica,No Aplica,No Aplica,No Aplica,No Aplica,No Aplica,No Aplica,No Aplica,"1,000 - 2,000"
2026-10-07,MDA,BCA,07OMS-230,3,762.11,758.91,3.2,0.0,07OMS-230,Otay Mesa,No Aplica,No Aplica,230.0,No Aplica,No Aplica,No Aplica,No Aplica,No Aplica,No Aplica,No Aplica,No Aplica,No Aplica,"500 - 1,000"
2026-10-07,MDA,BCA,07OMS-230,4,670.96,668.11,2.85,0.0,07OMS-230,Otay Mesa,No Aplica,No Aplica,230.0,No Aplica,No Aplica,No Aplica,No Aplica,No Aplica,No Aplica,No Aplica,No Aplica,No Aplica,"500 - 1,000"
2026-10-07,MDA,BCA,07OMS-230,5,672.55,669.64,2.92,0.0,07OMS-230,Otay Mesa,No Aplica,No Aplica,230.0,No Aplica,No Aplica,No Aplica,No Aplica,No Aplica,No Aplica,No Aplica,No Aplica,No Aplica,"500 - 1,000"
2026-10-07,MDA,BCA,07OMS-230,6,653.69,650.89,2.8,0.0,07OMS-230,Otay Mesa,No Aplica,No Aplica,230.0,No Aplica,No Aplica,No Aplica,No Aplica,No Aplica,No Aplica,No Aplica,No Aplica,No Aplica,"500 - 1,000"
2026-10-07,MDA,BCA,07OMS-230,7,747.06,744.05,3.01,0.0,07OMS-230,Otay Mesa,No Aplica,No Aplica,230.0,No Aplica,No Aplica,No Aplica,No Aplica,No Aplica,No Aplica,No Aplica,No Aplica,No Aplica,"500 - 1,000"
2026-10-07,MDA,BCA,07OMS-230,8,767.27,764.19,3.08,0.0,07OMS-230,Otay Mesa,No Aplica,No Aplica,230.0,No Aplica,No Aplica,No Aplica,No Aplica,No Aplica,No Aplica,No Aplica,No Aplica,No Aplica,"500 - 1,000"
2026-10-07,MDA,BCA,07OMS-230,9,1200.0,1195.72,4.29,0.0,07OMS-230,Otay Mesa,No Aplica,No Aplica,230.0,No Aplica,No Aplica,No Aplica,No Aplica,No Aplica,No Aplica,No Aplica,No Aplica,No Aplica,"1,000 - 2,000"
2026-10-07,MDA,BCA,07OMS-230,10,1097.33,1093.14,4.19,0.0,07OMS-230,Otay Mesa,No Aplica,No Aplica,230.0,No Aplica,No Aplica,No Aplica,No Aplica,No Aplica,No Aplica,No Aplica,No Aplica,No Aplica,"1,000 - 2,000"
2026-10-07,MDA,BCA,07OMS-230,11,1210.72,1207.07,3.65,0.0,07OMS-230,Otay Mesa,No Aplica,No Aplica,230.0,No Aplica,No Aplica,No Aplica,No Aplica,No Aplica,No Aplica,No Aplica,No Aplica,No Aplica,"1,000 - 2,000"
2026-10-07,MDA,BCA,07OMS-230,12,1236.02,1232.59,3.43,0.0,07OMS-230,Otay Mesa,No Aplica,No Aplica,230.0,No Aplica,No Aplica,No Aplica,No Aplica,No Aplica,No Aplica,No Aplica,No Aplica,No Aplica,"1,000 - 2,000"
2026-10-07,MDA,BCA,07OMS-230,13,1200.0,1196.63,3.37,0.0,07OMS-230,Otay Mesa,No Aplica,No Aplica,230.0,No Aplica,No Aplica,No Aplica,No Aplica,No Aplica,No Aplica,No Aplica,No Aplica,No Aplica,"1,000 - 2,000"
2026-10-07,MDA,BCA,07OMS-230,14,1238.61,1235.33,3.28,0.0,07OMS-230,Otay Mesa,No Aplica,No Aplica,230.0,No Aplica,No Aplica,No Aplica,No Aplica,No Aplica,No Aplica,No Aplica,No Aplica,No Aplica,"1,000 - 2,000"
2026-10-07,MDA,BCA,07OMS-230,15,1500.0,1497.11,2.89,0.0,07OMS-230,Otay Mesa,No Aplica,No Aplica,230.0,No Aplica,No Aplica,No Aplica,No Aplica,No Aplica,No Aplica,No Aplica,No Aplica,No Aplica,"1,000 - 2,000"
2026-10-07,MDA,BCA,07OMS-230,16,1497.11,1493.21,3.9,0.0,07OMS-230,Otay Mesa,No Aplica,No Aplica,230.0,No Aplica,No Aplica,No Aplica,No Aplica,No Aplica,No Aplica,No Aplica,No Aplica,No Aplica,"1,000 - 2,000"
2026-10-07,MDA,BCA,07OMS-230,17,1657.72,1653.66,4.06,0.0,07OMS-230,Otay Mesa,No Aplica,No Aplica,230.0,No Aplica,No Aplica,No Aplica,No Aplica,No Aplica,No Aplica,No Aplica,No Aplica,No Aplica,"1,000 - 2,000"
2026-10-07,MDA,BCA,07OMS-230,18,3505.47,3495.89,9.58,0.0,07OMS-230,Otay Mesa,No Aplica,No Aplica,230.0,No Aplica,No Aplica,No Aplica,No Aplica,No Aplica,No Aplica,No Aplica,No Aplica,No Aplica,"2,000 - 5,000"
2026-10-07,MDA,BCA,07OMS-230,19,3826.85,3815.54,11.31,0.0,07OMS-230,Otay Mesa,No Aplica,No Aplica,230.0,No Aplica,No Aplica,No Aplica,No Aplica,No Aplica,No Aplica,No Aplica,No Aplica,No Aplica,"2,000 - 5,000"
2026-10-07,MDA,BCA,07OMS-230,20,3559.3,3549.1,10.2,0.0,07OMS-230,Otay Mesa,No Aplica,No Aplica,230.0,No Aplica,No Aplica,No Aplica,No Aplica,No Aplica,No Aplica,No Aplica,No Aplica,No Aplica,"2,000 - 5,000"
2026-10-07,MDA,BCA,07OMS-230,21,2782.68,2774.55,8.13,0.0,07OMS-230,Otay Mesa,No Aplica,No Aplica,230.0,No Aplica,No Aplica,No Aplica,No Aplica,No Aplica,No Aplica,No Aplica,No Aplica,No Aplica,"2,000 - 5,000"
2026-10-07,MDA,BCA,07OMS-230,22,2540.74,2532.25,8.49,0.0,07OMS-230,Otay Mesa,No Aplica,No Aplica,230.0,No Aplica,No Aplica,No Aplica,No Aplica,No Aplica,No Aplica,No Aplica,No Aplica,No Aplica,"2,000 - 5,000"
2026-10-07,MDA,BCA,07OMS-230,23,1899.36,1891.38,7.99,0.0,07OMS-230,Otay Mesa,No Aplica,No Aplica,230.0,No Aplica,No Aplica,No Aplica,No Aplica,No Aplica,No Aplica,No Aplica,No Aplica,No Aplica,"1,000 - 2,000"
2026-10-07,MDA,BCA,07OMS-230,24,1261.53,1255.72,5.81,0.0,07OMS-230,Otay Mesa,No Aplica,No Aplica,230.0,No Aplica,No Aplica,No Aplica,No Aplica,No Aplica,No Aplica,No Aplica,No Aplica,No Aplica,"1,000 - 2,000"
2026-10-07,MDA,BCA,07ONG-69,1,1825.74,1767.84,57.91,0.0,07ONG-69,Ojos Negros,BAJA CALIFORNIA,ENSENADA,69.0,COSTA,BAJA CALIFORNIA,ENSENADA,BAJA CALIFORNIA,2,BAJA CALIFORNIA,1,ENSENADA,ENSENADA,"1,000 - 2,000"
2026-10-07,MDA,BCA,07ONG-69,2,1191.17,1154.64,36.53,0.0,07ONG-69,Ojos Negros,BAJA CALIFORNIA,ENSENADA,69.0,COSTA,BAJA CALIFORNIA,ENSENADA,BAJA CALIFORNIA,2,BAJA CALIFORNIA,1,ENSENADA,ENSENADA,"1,000 - 2,000"
2026-10-07,MDA,BCA,07ONG-69,3,784.34,758.91,25.44,0.0,07ONG-69,Ojos Negros,BAJA CALIFORNIA,ENSENADA,69.0,COSTA,BAJA CALIFORNIA,ENSENADA,BAJA CALIFORNIA,2,BAJA CALIFORNIA,1,ENSENADA,ENSENADA,"500 - 1,000"
2026-10-07,MDA,BCA,07ONG-69,4,690.48,668.11,22.37,0.0,07ONG-69,Ojos Negros,BAJA CALIFORNIA,ENSENADA,69.0,COSTA,BAJA CALIFORNIA,ENSENADA,BAJA CALIFORNIA,2,BAJA CALIFORNIA,1,ENSENADA,ENSENADA,"500 - 1,000"
2026-10-07,MDA,BCA,07ONG-69,5,691.64,669.64,22.0,0.0,07ONG-69,Ojos Negros,BAJA CALIFORNIA,ENSENADA,69.0,COSTA,BAJA CALIFORNIA,ENSENADA,BAJA CALIFORNIA,2,BAJA CALIFORNIA,1,ENSENADA,ENSENADA,"500 - 1,000"
2026-10-07,MDA,BCA,07ONG-69,6,673.18,650.89,22.29,0.0,07ONG-69,Ojos Negros,BAJA CALIFORNIA,ENSENADA,69.0,COSTA,BAJA CALIFORNIA,ENSENADA,BAJA CALIFORNIA,2,BAJA CALIFORNIA,1,ENSENADA,ENSENADA,"500 - 1,000"
2026-10-07,MDA,BCA,07ONG-69,7,770.7,744.05,26.64,0.0,07ONG-69,Ojos Negros,BAJA CALIFORNIA,ENSENADA,69.0,COSTA,BAJA CALIFORNIA,ENSENADA,BAJA CALIFORNIA,2,BAJA CALIFORNIA,1,ENSENADA,ENSENADA,"500 - 1,000"
2026-10-07,MDA,BCA,07ONG-69,8,793.45,764.19,29.26,0.0,07ONG-69,Ojos Negros,BAJA CALIFORNIA,ENSENADA,69.0,COSTA,BAJA CALIFORNIA,ENSENADA,BAJA CALIFORNIA,2,BAJA CALIFORNIA,1,ENSENADA,ENSENADA,"500 - 1,000"
2026-10-07,MDA,BCA,07ONG-69,9,1246.25,1195.72,50.54,0.0,07ONG-69,Ojos Negros,BAJA CALIFORNIA,ENSENADA,69.0,COSTA,BAJA CALIFORNIA,ENSENADA,BAJA CALIFORNIA,2,BAJA CALIFORNIA,1,ENSENADA,ENSENADA,"1,000 - 2,000"
2026-10-07,MDA,BCA,07ONG-69,10,1137.24,1093.14,44.1,0.0,07ONG-69,Ojos Negros,BAJA CALIFORNIA,ENSENADA,69.0,COSTA,BAJA CALIFORNIA,ENSENADA,BAJA CALIFORNIA,2,BAJA CALIFORNIA,1,ENSENADA,ENSENADA,"1,000 - 2,000"
2026-10-07,MDA,BCA,07ONG-69,11,1257.32,1207.07,50.25,0.0,07ONG-69,Ojos Negros,BAJA CALIFORNIA,ENSENADA,69.0,COSTA,BAJA CALIFORNIA,ENSENADA,BAJA CALIFORNIA,2,BAJA CALIFORNIA,1,ENSENADA,ENSENADA,"1,000 - 2,000"
2026-10-07,MDA,BCA,07ONG-69,12,7680.35,1232.59,53.2,6394.57,07ONG-69,Ojos Negros,BAJA CALIFORNIA,ENSENADA,69.0,COSTA,BAJA CALIFORNIA,ENSENADA,BAJA CALIFORNIA,2,BAJA CALIFORNIA,1,ENSENADA,ENSENADA,"5,000 - 10,000"
2026-10-07,MDA,BCA,07ONG-69,13,9323.44,1196.63,52.22,8074.6,07ONG-69,Ojos Negros,BAJA CALIFORNIA,ENSENADA,69.0,COSTA,BAJA CALIFORNIA,ENSENADA,BAJA CALIFORNIA,2,BAJA CALIFORNIA,1,ENSENADA,ENSENADA,"5,000 - 10,000"
2026-10-07,MDA,BCA,07ONG-69,14,10034.58,1235.33,53.9,8745.35,07ONG-69,Ojos Negros,BAJA CALIFORNIA,ENSENADA,69.0,COSTA,BAJA CALIFORNIA,ENSENADA,BAJA CALIFORNIA,2,BAJA CALIFORNIA,1,ENSENADA,ENSENADA,"10,000 o más"
2026-10-07,MDA,BCA,07ONG-69,15,7664.65,1497.11,71.52,6096.02,07ONG-69,Ojos Negros,BAJA CALIFORNIA,ENSENADA,69.0,COSTA,BAJA CALIFORNIA,ENSENADA,BAJA CALIFORNIA,2,BAJA CALIFORNIA,1,ENSENADA,ENSENADA,"5,000 - 10,000"
2026-10-07,MDA,BCA,07ONG-69,16,9252.94,1493.21,69.24,7690.49,07ONG-69,Ojos Negros,BAJA CALIFORNIA,ENSENADA,69.0,COSTA,BAJA CALIFORNIA,ENSENADA,BAJA CALIFORNIA,2,BAJA CALIFORNIA,1,ENSENADA,ENSENADA,"5,000 - 10,000"
2026-10-07,MDA,BCA,07ONG-69,17,10774.5,1653.66,77.25,9043.6,07ONG-69,Ojos Negros,BAJA CALIFORNIA,ENSENADA,69.0,COSTA,BAJA CALIFORNIA,ENSENADA,BAJA CALIFORNIA,2,BAJA CALIFORNIA,1,ENSENADA,ENSENADA,"10,000 o más"
2026-10-07,MDA,BCA,07ONG-69,18,10971.61,3495.89,163.65,7312.07,07ONG-69,Ojos Negros,BAJA CALIFORNIA,ENSENADA,69.0,COSTA,BAJA CALIFORNIA,ENSENADA,BAJA CALIFORNIA,2,BAJA CALIFORNIA,1,ENSENADA,ENSENADA,"10,000 o más"
2026-10-07,MDA,BCA,07ONG-69,19,9929.72,3815.54,172.95,5941.22,07ONG-69,Ojos Negros,BAJA CALIFORNIA,ENSENADA,69.0,COSTA,BAJA CALIFORNIA,ENSENADA,BAJA CALIFORNIA,2,BAJA CALIFORNIA,1,ENSENADA,ENSENADA,"5,000 - 10,000"
2026-10-07,MDA,BCA,07ONG-69,20,10326.8,3549.1,157.66,6620.03,07ONG-69,Ojos Negros,BAJA CALIFORNIA,ENSENADA,69.0,COSTA,BAJA CALIFORNIA,ENSENADA,BAJA CALIFORNIA,2,BAJA CALIFORNIA,1,ENSENADA,ENSENADA,"10,000 o más"
2026-10-07,MDA,BCA,07ONG-69,21,9194.37,2774.55,122.74,6297.08,07ONG-69,Ojos Negros,BAJA CALIFORNIA,ENSENADA,69.0,COSTA,BAJA CALIFORNIA,ENSENADA,BAJA CALIFORNIA,2,BAJA CALIFORNIA,1,ENSENADA,ENSENADA,"5,000 - 10,000"
2026-10-07,MDA,BCA,07ONG-69,22,10620.37,2532.25,102.77,7985.35,07ONG-69,Ojos Negros,BAJA CALIFORNIA,ENSENADA,69.0,COSTA,BAJA CALIFORNIA,ENSENADA,BAJA CALIFORNIA,2,BAJA CALIFORNIA,1,ENSENADA,ENSENADA,"10,000 o más"
2026-10-07,MDA,BCA,07ONG-69,23,1962.96,1891.38,71.59,0.0,07ONG-69,Ojos Negros,BAJA CALIFORNIA,ENSENADA,69.0,COSTA,BAJA CALIFORNIA,ENSENADA,BAJA CALIFORNIA,2,BAJA CALIFORNIA,1,ENSENADA,ENSENADA,"1,000 - 2,000"
2026-10-07,MDA,BCA,07ONG-69,24,1302.3,1255.72,46.58,0.0,07ONG-69,Ojos Negros,BAJA CALIFORNIA,ENSENADA,69.0,COSTA,BAJA CALIFORNIA,ENSENADA,BAJA CALIFORNIA,2,BAJA CALIFORNIA,1,ENSENADA,ENSENADA,"1,000 - 2,000"
2026-10-07,MDA,BCA,07OZA-230,1,1761.16,1767.84,-6.68,0.0,07OZA-230,Orizaba,BAJA CALIFORNIA,MEXICALI,230.0,VALLE,BAJA CALIFORNIA,MEXICALI,BAJA CALIFORNIA,2,BAJA CALIFORNIA,2,MEXICALI,MEXICALI,"1,000 - 2,000"
2026-10-07,MDA,BCA,07OZA-230,2,1149.65,1154.64,-4.99,0.0,07OZA-230,Orizaba,BAJA CALIFORNIA,MEXICALI,230.0,VALLE,BAJA CALIFORNIA,MEXICALI,BAJA CALIFORNIA,2,BAJA CALIFORNIA,2,MEXICALI,MEXICALI,"1,000 - 2,000"
2026-10-07,MDA,BCA,07OZA-230,3,754.35,758.91,-4.56,0.0,07OZA-230,Orizaba,BAJA CALIFORNIA,MEXICALI,230.0,VALLE,BAJA CALIFORNIA,MEXICALI,BAJA CALIFORNIA,2,BAJA CALIFORNIA,2,MEXICALI,MEXICALI,"500 - 1,000"
2026-10-07,MDA,BCA,07OZA-230,4,664.6,668.11,-3.51,0.0,07OZA-230,Orizaba,BAJA CALIFORNIA,MEXICALI,230.0,VALLE,BAJA CALIFORNIA,MEXICALI,BAJA CALIFORNIA,2,BAJA CALIFORNIA,2,MEXICALI,MEXICALI,"500 - 1,000"
2026-10-07,MDA,BCA,07OZA-230,5,666.66,669.64,-2.99,0.0,07OZA-230,Orizaba,BAJA CALIFORNIA,MEXICALI,230.0,VALLE,BAJA CALIFORNIA,MEXICALI,BAJA CALIFORNIA,2,BAJA CALIFORNIA,2,MEXICALI,MEXICALI,"500 - 1,000"
2026-10-07,MDA,BCA,07OZA-230,6,647.71,650.89,-3.19,0.0,07OZA-230,Orizaba,BAJA CALIFORNIA,MEXICALI,230.0,VALLE,BAJA CALIFORNIA,MEXICALI,BAJA CALIFORNIA,2,BAJA CALIFORNIA,2,MEXICALI,MEXICALI,"500 - 1,000"
2026-10-07,MDA,BCA,07OZA-230,7,737.92,744.05,-6.13,0.0,07OZA-230,Orizaba,BAJA CALIFORNIA,MEXICALI,230.0,VALLE,BAJA CALIFORNIA,MEXICALI,BAJA CALIFORNIA,2,BAJA CALIFORNIA,2,MEXICALI,MEXICALI,"500 - 1,000"
2026-10-07,MDA,BCA,07OZA-230,8,755.67,764.19,-8.52,0.0,07OZA-230,Orizaba,BAJA CALIFORNIA,MEXICALI,230.0,VALLE,BAJA CALIFORNIA,MEXICALI,BAJA CALIFORNIA,2,BAJA CALIFORNIA,2,MEXICALI,MEXICALI,"500 - 1,000"
2026-10-07,MDA,BCA,07OZA-230,9,1170.65,1195.72,-25.07,0.0,07OZA-230,Orizaba,BAJA CALIFORNIA,MEXICALI,230.0,VALLE,BAJA CALIFORNIA,MEXICALI,BAJA CALIFORNIA,2,BAJA CALIFORNIA,2,MEXICALI,MEXICALI,"1,000 - 2,000"
2026-10-07,MDA,BCA,07OZA-230,10,1068.47,1093.14,-24.67,0.0,07OZA-230,Orizaba,BAJA CALIFORNIA,MEXICALI,230.0,VALLE,BAJA CALIFORNIA,MEXICALI,BAJA CALIFORNIA,2,BAJA CALIFORNIA,2,MEXICALI,MEXICALI,"1,000 - 2,000"
2026-10-07,MDA,BCA,07OZA-230,11,1185.65,1207.07,-21.43,0.0,07OZA-230,Orizaba,BAJA CALIFORNIA,MEXICALI,230.0,VALLE,BAJA CALIFORNIA,MEXICALI,BAJA CALIFORNIA,2,BAJA CALIFORNIA,2,MEXICALI,MEXICALI,"1,000 - 2,000"
2026-10-07,MDA,BCA,07OZA-230,12,1209.12,1232.59,-23.47,0.0,07OZA-230,Orizaba,BAJA CALIFORNIA,MEXICALI,230.0,VALLE,BAJA CALIFORNIA,MEXICALI,BAJA CALIFORNIA,2,BAJA CALIFORNIA,2,MEXICALI,MEXICALI,"1,000 - 2,000"
2026-10-07,MDA,BCA,07OZA-230,13,1169.51,1196.63,-27.12,0.0,07OZA-230,Orizaba,BAJA CALIFORNIA,MEXICALI,230.0,VALLE,BAJA CALIFORNIA,MEXICALI,BAJA CALIFORNIA,2,BAJA CALIFORNIA,2,MEXICALI,MEXICALI,"1,000 - 2,000"
2026-10-07,MDA,BCA,07OZA-230,14,1207.99,1235.33,-27.33,0.0,07OZA-230,Orizaba,BAJA CALIFORNIA,MEXICALI,230.0,VALLE,BAJA CALIFORNIA,MEXICALI,BAJA CALIFORNIA,2,BAJA CALIFORNIA,2,MEXICALI,MEXICALI,"1,000 - 2,000"
2026-10-07,MDA,BCA,07OZA-230,15,1468.11,1497.11,-29.0,0.0,07OZA-230,Orizaba,BAJA CALIFORNIA,MEXICALI,230.0,VALLE,BAJA CALIFORNIA,MEXICALI,BAJA CALIFORNIA,2,BAJA CALIFORNIA,2,MEXICALI,MEXICALI,"1,000 - 2,000"
2026-10-07,MDA,BCA,07OZA-230,16,1462.91,1493.21,-30.3,0.0,07OZA-230,Orizaba,BAJA CALIFORNIA,MEXICALI,230.0,VALLE,BAJA CALIFORNIA,MEXICALI,BAJA CALIFORNIA,2,BAJA CALIFORNIA,2,MEXICALI,MEXICALI,"1,000 - 2,000"
2026-10-07,MDA,BCA,07OZA-230,17,1635.86,1653.66,-17.8,0.0,07OZA-230,Orizaba,BAJA CALIFORNIA,MEXICALI,230.0,VALLE,BAJA CALIFORNIA,MEXICALI,BAJA CALIFORNIA,2,BAJA CALIFORNIA,2,MEXICALI,MEXICALI,"1,000 - 2,000"
2026-10-07,MDA,BCA,07OZA-230,18,3467.93,3495.89,-27.96,0.0,07OZA-230,Orizaba,BAJA CALIFORNIA,MEXICALI,230.0,VALLE,BAJA CALIFORNIA,MEXICALI,BAJA CALIFORNIA,2,BAJA CALIFORNIA,2,MEXICALI,MEXICALI,"2,000 - 5,000"
2026-10-07,MDA,BCA,07OZA-230,19,3795.18,3815.54,-20.36,0.0,07OZA-230,Orizaba,BAJA CALIFORNIA,MEXICALI,230.0,VALLE,BAJA CALIFORNIA,MEXICALI,BAJA CALIFORNIA,2,BAJA CALIFORNIA,2,MEXICALI,MEXICALI,"2,000 - 5,000"
2026-10-07,MDA,BCA,07OZA-230,20,3528.65,3549.1,-20.46,0.0,07OZA-230,Orizaba,BAJA CALIFORNIA,MEXICALI,230.0,VALLE,BAJA CALIFORNIA,MEXICALI,BAJA CALIFORNIA,2,BAJA CALIFORNIA,2,MEXICALI,MEXICALI,"2,000 - 5,000"
2026-10-07,MDA,BCA,07OZA-230,21,2756.62,2774.55,-17.93,0.0,07OZA-230,Orizaba,BAJA CALIFORNIA,MEXICALI,230.0,VALLE,BAJA CALIFORNIA,MEXICALI,BAJA CALIFORNIA,2,BAJA CALIFORNIA,2,MEXICALI,MEXICALI,"2,000 - 5,000"
2026-10-07,MDA,BCA,07OZA-230,22,2517.92,2532.25,-14.34,0.0,07OZA-230,Orizaba,BAJA CALIFORNIA,MEXICALI,230.0,VALLE,BAJA CALIFORNIA,MEXICALI,BAJA CALIFORNIA,2,BAJA CALIFORNIA,2,MEXICALI,MEXICALI,"2,000 - 5,000"
2026-10-07,MDA,BCA,07OZA-230,23,1879.94,1891.38,-11.44,0.0,07OZA-230,Orizaba,BAJA CALIFORNIA,MEXICALI,230.0,VALLE,BAJA CALIFORNIA,MEXICALI,BAJA CALIFORNIA,2,BAJA CALIFORNIA,2,MEXICALI,MEXICALI,"1,000 - 2,000"
2026-10-07,MDA,BCA,07OZA-230,24,1246.01,1255.72,-9.71,0.0,07OZA-230,Orizaba,BAJA CALIFORNIA,MEXICALI,230.0,VALLE,BAJA CALIFORNIA,MEXICALI,BAJA CALIFORNIA,2,BAJA CALIFORNIA,2,MEXICALI,MEXICALI,"1,000 - 2,000"
2026-10-07,MDA,BCA,07PAF-69,1,1778.1,1767.84,10.27,0.0,07PAF-69,Pacifico,BAJA CALIFORNIA,TIJUANA,69.0,COSTA,BAJA CALIFORNIA,TIJUANA,BAJA CALIFORNIA,2,BAJA CALIFORNIA,4,TIJUANA,TIJUANA,"1,000 - 2,000"
2026-10-07,MDA,BCA,07PAF-69,2,1161.16,1154.64,6.53,0.0,07PAF-69,Pacifico,BAJA CALIFORNIA,TIJUANA,69.0,COSTA,BAJA CALIFORNIA,TIJUANA,BAJA CALIFORNIA,2,BAJA CALIFORNIA,4,TIJUANA,TIJUANA,"1,000 - 2,000"
2026-10-07,MDA,BCA,07PAF-69,3,762.95,758.91,4.04,0.0,07PAF-69,Pacifico,BAJA CALIFORNIA,TIJUANA,69.0,COSTA,BAJA CALIFORNIA,TIJUANA,BAJA CALIFORNIA,2,BAJA CALIFORNIA,4,TIJUANA,TIJUANA,"500 - 1,000"
2026-10-07,MDA,BCA,07PAF-69,4,671.61,668.11,3.5,0.0,07PAF-69,Pacifico,BAJA CALIFORNIA,TIJUANA,69.0,COSTA,BAJA CALIFORNIA,TIJUANA,BAJA CALIFORNIA,2,BAJA CALIFORNIA,4,TIJUANA,TIJUANA,"500 - 1,000"
2026-10-07,MDA,BCA,07PAF-69,5,673.12,669.64,3.48,0.0,07PAF-69,Pacifico,BAJA CALIFORNIA,TIJUANA,69.0,COSTA,BAJA CALIFORNIA,TIJUANA,BAJA CALIFORNIA,2,BAJA CALIFORNIA,4,TIJUANA,TIJUANA,"500 - 1,000"
2026-10-07,MDA,BCA,07PAF-69,6,654.25,650.89,3.36,0.0,07PAF-69,Pacifico,BAJA CALIFORNIA,TIJUANA,69.0,COSTA,BAJA CALIFORNIA,TIJUANA,BAJA CALIFORNIA,2,BAJA CALIFORNIA,4,TIJUANA,TIJUANA,"500 - 1,000"
2026-10-07,MDA,BCA,07PAF-69,7,748.03,744.05,3.98,0.0,07PAF-69,Pacifico,BAJA CALIFORNIA,TIJUANA,69.0,COSTA,BAJA CALIFORNIA,TIJUANA,BAJA CALIFORNIA,2,BAJA CALIFORNIA,4,TIJUANA,TIJUANA,"500 - 1,000"
2026-10-07,MDA,BCA,07PAF-69,8,768.55,764.19,4.36,0.0,07PAF-69,Pacifico,BAJA CALIFORNIA,TIJUANA,69.0,COSTA,BAJA CALIFORNIA,TIJUANA,BAJA CALIFORNIA,2,BAJA CALIFORNIA,4,TIJUANA,TIJUANA,"500 - 1,000"
2026-10-07,MDA,BCA,07PAF-69,9,1202.67,1195.72,6.96,0.0,07PAF-69,Pacifico,BAJA CALIFORNIA,TIJUANA,69.0,COSTA,BAJA CALIFORNIA,TIJUANA,BAJA CALIFORNIA,2,BAJA CALIFORNIA,4,TIJUANA,TIJUANA,"1,000 - 2,000"
2026-10-07,MDA,BCA,07PAF-69,10,1099.8,1093.14,6.66,0.0,07PAF-69,Pacifico,BAJA CALIFORNIA,TIJUANA,69.0,COSTA,BAJA CALIFORNIA,TIJUANA,BAJA CALIFORNIA,2,BAJA CALIFORNIA,4,TIJUANA,TIJUANA,"1,000 - 2,000"
2026-10-07,MDA,BCA,07PAF-69,11,1214.53,1207.07,7.46,0.0,07PAF-69,Pacifico,BAJA CALIFORNIA,TIJUANA,69.0,COSTA,BAJA CALIFORNIA,TIJUANA,BAJA CALIFORNIA,2,BAJA CALIFORNIA,4,TIJUANA,TIJUANA,"1,000 - 2,000"
2026-10-07,MDA,BCA,07PAF-69,12,1240.23,1232.59,7.65,0.0,07PAF-69,Pacifico,BAJA CALIFORNIA,TIJUANA,69.0,COSTA,BAJA CALIFORNIA,TIJUANA,BAJA CALIFORNIA,2,BAJA CALIFORNIA,4,TIJUANA,TIJUANA,"1,000 - 2,000"
2026-10-07,MDA,BCA,07PAF-69,13,1204.12,1196.63,7.49,0.0,07PAF-69,Pacifico,BAJA CALIFORNIA,TIJUANA,69.0,COSTA,BAJA CALIFORNIA,TIJUANA,BAJA CALIFORNIA,2,BAJA CALIFORNIA,4,TIJUANA,TIJUANA,"1,000 - 2,000"
2026-10-07,MDA,BCA,07PAF-69,14,1243.11,1235.33,7.79,0.0,07PAF-69,Pacifico,BAJA CALIFORNIA,TIJUANA,69.0,COSTA,BAJA CALIFORNIA,TIJUANA,BAJA CALIFORNIA,2,BAJA CALIFORNIA,4,TIJUANA,TIJUANA,"1,000 - 2,000"
2026-10-07,MDA,BCA,07PAF-69,15,1506.39,1497.11,9.28,0.0,07PAF-69,Pacifico,BAJA CALIFORNIA,TIJUANA,69.0,COSTA,BAJA CALIFORNIA,TIJUANA,BAJA CALIFORNIA,2,BAJA CALIFORNIA,4,TIJUANA,TIJUANA,"1,000 - 2,000"
2026-10-07,MDA,BCA,07PAF-69,16,1502.69,1493.21,9.48,0.0,07PAF-69,Pacifico,BAJA CALIFORNIA,TIJUANA,69.0,COSTA,BAJA CALIFORNIA,TIJUANA,BAJA CALIFORNIA,2,BAJA CALIFORNIA,4,TIJUANA,TIJUANA,"1,000 - 2,000"
2026-10-07,MDA,BCA,07PAF-69,17,1664.04,1653.66,10.38,0.0,07PAF-69,Pacifico,BAJA CALIFORNIA,TIJUANA,69.0,COSTA,BAJA CALIFORNIA,TIJUANA,BAJA CALIFORNIA,2,BAJA CALIFORNIA,4,TIJUANA,TIJUANA,"1,000 - 2,000"
2026-10-07,MDA,BCA,07PAF-69,18,3517.58,3495.89,21.69,0.0,07PAF-69,Pacifico,BAJA CALIFORNIA,TIJUANA,69.0,COSTA,BAJA CALIFORNIA,TIJUANA,BAJA CALIFORNIA,2,BAJA CALIFORNIA,4,TIJUANA,TIJUANA,"2,000 - 5,000"
2026-10-07,MDA,BCA,07PAF-69,19,3839.14,3815.54,23.59,0.0,07PAF-69,Pacifico,BAJA CALIFORNIA,TIJUANA,69.0,COSTA,BAJA CALIFORNIA,TIJUANA,BAJA CALIFORNIA,2,BAJA CALIFORNIA,4,TIJUANA,TIJUANA,"2,000 - 5,000"
2026-10-07,MDA,BCA,07PAF-69,20,3571.14,3549.1,22.04,0.0,07PAF-69,Pacifico,BAJA CALIFORNIA,TIJUANA,69.0,COSTA,BAJA CALIFORNIA,TIJUANA,BAJA CALIFORNIA,2,BAJA CALIFORNIA,4,TIJUANA,TIJUANA,"2,000 - 5,000"
2026-10-07,MDA,BCA,07PAF-69,21,2791.71,2774.55,17.16,0.0,07PAF-69,Pacifico,BAJA CALIFORNIA,TIJUANA,69.0,COSTA,BAJA CALIFORNIA,TIJUANA,BAJA CALIFORNIA,2,BAJA CALIFORNIA,4,TIJUANA,TIJUANA,"2,000 - 5,000"
2026-10-07,MDA,BCA,07PAF-69,22,2548.0,2532.25,15.75,0.0,07PAF-69,Pacifico,BAJA CALIFORNIA,TIJUANA,69.0,COSTA,BAJA CALIFORNIA,TIJUANA,BAJA CALIFORNIA,2,BAJA CALIFORNIA,4,TIJUANA,TIJUANA,"2,000 - 5,000"
2026-10-07,MDA,BCA,07PAF-69,23,1903.13,1891.38,11.75,0.0,07PAF-69,Pacifico,BAJA CALIFORNIA,TIJUANA,69.0,COSTA,BAJA CALIFORNIA,TIJUANA,BAJA CALIFORNIA,2,BAJA CALIFORNIA,4,TIJUANA,TIJUANA,"1,000 - 2,000"
2026-10-07,MDA,BCA,07PAF-69,24,1263.25,1255.72,7.54,0.0,07PAF-69,Pacifico,BAJA CALIFORNIA,TIJUANA,69.0,COSTA,BAJA CALIFORNIA,TIJUANA,BAJA CALIFORNIA,2,BAJA CALIFORNIA,4,TIJUANA,TIJUANA,"1,000 - 2,000"
2026-10-07,MDA,BCA,07PAP-69,1,1774.88,1767.84,7.05,0.0,07PAP-69,Panamericana Potencia,BAJA CALIFORNIA,TIJUANA,69.0,COSTA,BAJA CALIFORNIA,TIJUANA,BAJA CALIFORNIA,2,BAJA CALIFORNIA,4,TIJUANA,TIJUANA,"1,000 - 2,000"
2026-10-07,MDA,BCA,07PAP-69,2,1159.19,1154.64,4.56,0.0,07PAP-69,Panamericana Potencia,BAJA CALIFORNIA,TIJUANA,69.0,COSTA,BAJA CALIFORNIA,TIJUANA,BAJA CALIFORNIA,2,BAJA CALIFORNIA,4,TIJUANA,TIJUANA,"1,000 - 2,000"
2026-10-07,MDA,BCA,07PAP-69,3,761.69,758.91,2.78,0.0,07PAP-69,Panamericana Potencia,BAJA CALIFORNIA,TIJUANA,69.0,COSTA,BAJA CALIFORNIA,TIJUANA,BAJA CALIFORNIA,2,BAJA CALIFORNIA,4,TIJUANA,TIJUANA,"500 - 1,000"
2026-10-07,MDA,BCA,07PAP-69,4,670.53,668.11,2.42,0.0,07PAP-69,Panamericana Potencia,BAJA CALIFORNIA,TIJUANA,69.0,COSTA,BAJA CALIFORNIA,TIJUANA,BAJA CALIFORNIA,2,BAJA CALIFORNIA,4,TIJUANA,TIJUANA,"500 - 1,000"
2026-10-07,MDA,BCA,07PAP-69,5,672.07,669.64,2.43,0.0,07PAP-69,Panamericana Potencia,BAJA CALIFORNIA,TIJUANA,69.0,COSTA,BAJA CALIFORNIA,TIJUANA,BAJA CALIFORNIA,2,BAJA CALIFORNIA,4,TIJUANA,TIJUANA,"500 - 1,000"
2026-10-07,MDA,BCA,07PAP-69,6,653.24,650.89,2.34,0.0,07PAP-69,Panamericana Potencia,BAJA CALIFORNIA,TIJUANA,69.0,COSTA,BAJA CALIFORNIA,TIJUANA,BAJA CALIFORNIA,2,BAJA CALIFORNIA,4,TIJUANA,TIJUANA,"500 - 1,000"
2026-10-07,MDA,BCA,07PAP-69,7,746.77,744.05,2.71,0.0,07PAP-69,Panamericana Potencia,BAJA CALIFORNIA,TIJUANA,69.0,COSTA,BAJA CALIFORNIA,TIJUANA,BAJA CALIFORNIA,2,BAJA CALIFORNIA,4,TIJUANA,TIJUANA,"500 - 1,000"
2026-10-07,MDA,BCA,07PAP-69,8,767.13,764.19,2.94,0.0,07PAP-69,Panamericana Potencia,BAJA CALIFORNIA,TIJUANA,69.0,COSTA,BAJA CALIFORNIA,TIJUANA,BAJA CALIFORNIA,2,BAJA CALIFORNIA,4,TIJUANA,TIJUANA,"500 - 1,000"
2026-10-07,MDA,BCA,07PAP-69,9,1200.3,1195.72,4.59,0.0,07PAP-69,Panamericana Potencia,BAJA CALIFORNIA,TIJUANA,69.0,COSTA,BAJA CALIFORNIA,TIJUANA,BAJA CALIFORNIA,2,BAJA CALIFORNIA,4,TIJUANA,TIJUANA,"1,000 - 2,000"
2026-10-07,MDA,BCA,07PAP-69,10,1097.57,1093.14,4.43,0.0,07PAP-69,Panamericana Potencia,BAJA CALIFORNIA,TIJUANA,69.0,COSTA,BAJA CALIFORNIA,TIJUANA,BAJA CALIFORNIA,2,BAJA CALIFORNIA,4,TIJUANA,TIJUANA,"1,000 - 2,000"
2026-10-07,MDA,BCA,07PAP-69,11,1211.95,1207.07,4.88,0.0,07PAP-69,Panamericana Potencia,BAJA CALIFORNIA,TIJUANA,69.0,COSTA,BAJA CALIFORNIA,TIJUANA,BAJA CALIFORNIA,2,BAJA CALIFORNIA,4,TIJUANA,TIJUANA,"1,000 - 2,000"
2026-10-07,MDA,BCA,07PAP-69,12,1237.54,1232.59,4.96,0.0,07PAP-69,Panamericana Potencia,BAJA CALIFORNIA,TIJUANA,69.0,COSTA,BAJA CALIFORNIA,TIJUANA,BAJA CALIFORNIA,2,BAJA CALIFORNIA,4,TIJUANA,TIJUANA,"1,000 - 2,000"
2026-10-07,MDA,BCA,07PAP-69,13,1201.47,1196.63,4.84,0.0,07PAP-69,Panamericana Potencia,BAJA CALIFORNIA,TIJUANA,69.0,COSTA,BAJA CALIFORNIA,TIJUANA,BAJA CALIFORNIA,2,BAJA CALIFORNIA,4,TIJUANA,TIJUANA,"1,000 - 2,000"
2026-10-07,MDA,BCA,07PAP-69,14,1240.33,1235.33,5.01,0.0,07PAP-69,Panamericana Potencia,BAJA CALIFORNIA,TIJUANA,69.0,COSTA,BAJA CALIFORNIA,TIJUANA,BAJA CALIFORNIA,2,BAJA CALIFORNIA,4,TIJUANA,TIJUANA,"1,000 - 2,000"
2026-10-07,MDA,BCA,07PAP-69,15,1502.95,1497.11,5.84,0.0,07PAP-69,Panamericana Potencia,BAJA CALIFORNIA,TIJUANA,69.0,COSTA,BAJA CALIFORNIA,TIJUANA,BAJA CALIFORNIA,2,BAJA CALIFORNIA,4,TIJUANA,TIJUANA,"1,000 - 2,000"
2026-10-07,MDA,BCA,07PAP-69,16,1499.28,1493.21,6.07,0.0,07PAP-69,Panamericana Potencia,BAJA CALIFORNIA,TIJUANA,69.0,COSTA,BAJA CALIFORNIA,TIJUANA,BAJA CALIFORNIA,2,BAJA CALIFORNIA,4,TIJUANA,TIJUANA,"1,000 - 2,000"
2026-10-07,MDA,BCA,07PAP-69,17,1660.32,1653.66,6.66,0.0,07PAP-69,Panamericana Potencia,BAJA CALIFORNIA,TIJUANA,69.0,COSTA,BAJA CALIFORNIA,TIJUANA,BAJA CALIFORNIA,2,BAJA CALIFORNIA,4,TIJUANA,TIJUANA,"1,000 - 2,000"
2026-10-07,MDA,BCA,07PAP-69,18,3510.06,3495.89,14.17,0.0,07PAP-69,Panamericana Potencia,BAJA CALIFORNIA,TIJUANA,69.0,COSTA,BAJA CALIFORNIA,TIJUANA,BAJA CALIFORNIA,2,BAJA CALIFORNIA,4,TIJUANA,TIJUANA,"2,000 - 5,000"
2026-10-07,MDA,BCA,07PAP-69,19,3831.1,3815.54,15.55,0.0,07PAP-69,Panamericana Potencia,BAJA CALIFORNIA,TIJUANA,69.0,COSTA,BAJA CALIFORNIA,TIJUANA,BAJA CALIFORNIA,2,BAJA CALIFORNIA,4,TIJUANA,TIJUANA,"2,000 - 5,000"
2026-10-07,MDA,BCA,07PAP-69,20,3563.4,3549.1,14.29,0.0,07PAP-69,Panamericana Potencia,BAJA CALIFORNIA,TIJUANA,69.0,COSTA,BAJA CALIFORNIA,TIJUANA,BAJA CALIFORNIA,2,BAJA CALIFORNIA,4,TIJUANA,TIJUANA,"2,000 - 5,000"
2026-10-07,MDA,BCA,07PAP-69,21,2785.66,2774.55,11.11,0.0,07PAP-69,Panamericana Potencia,BAJA CALIFORNIA,TIJUANA,69.0,COSTA,BAJA CALIFORNIA,TIJUANA,BAJA CALIFORNIA,2,BAJA CALIFORNIA,4,TIJUANA,TIJUANA,"2,000 - 5,000"
2026-10-07,MDA,BCA,07PAP-69,22,2542.58,2532.25,10.33,0.0,07PAP-69,Panamericana Potencia,BAJA CALIFORNIA,TIJUANA,69.0,COSTA,BAJA CALIFORNIA,TIJUANA,BAJA CALIFORNIA,2,BAJA CALIFORNIA,4,TIJUANA,TIJUANA,"2,000 - 5,000"
2026-10-07,MDA,BCA,07PAP-69,23,1899.29,1891.38,7.92,0.0,07PAP-69,Panamericana Potencia,BAJA CALIFORNIA,TIJUANA,69.0,COSTA,BAJA CALIFORNIA,TIJUANA,BAJA CALIFORNIA,2,BAJA CALIFORNIA,4,TIJUANA,TIJUANA,"1,000 - 2,000"
2026-10-07,MDA,BCA,07PAP-69,24,1260.86,1255.72,5.14,0.0,07PAP-69,Panamericana Potencia,BAJA CALIFORNIA,TIJUANA,69.0,COSTA,BAJA CALIFORNIA,TIJUANA,BAJA CALIFORNIA,2,BAJA CALIFORNIA,4,TIJUANA,TIJUANA,"1,000 - 2,000"
2026-10-07,MDA,BCA,07PID-230,1,1782.25,1767.84,14.42,0.0,07PID-230,Parque Industrial,BAJA CALIFORNIA,SANLUIS,230.0,VALLE,BAJA CALIFORNIA,SAN LUIS,BAJA CALIFORNIA,26,SONORA,55,SAN LUIS RIO COLORADO,SAN LUIS RIO COLORADO,"1,000 - 2,000"
2026-10-07,MDA,BCA,07PID-230,2,1162.45,1154.64,7.82,0.0,07PID-230,Parque Industrial,BAJA CALIFORNIA,SANLUIS,230.0,VALLE,BAJA CALIFORNIA,SAN LUIS,BAJA CALIFORNIA,26,SONORA,55,SAN LUIS RIO COLORADO,SAN LUIS RIO COLORADO,"1,000 - 2,000"
2026-10-07,MDA,BCA,07PID-230,3,762.28,758.91,3.38,0.0,07PID-230,Parque Industrial,BAJA CALIFORNIA,SANLUIS,230.0,VALLE,BAJA CALIFORNIA,SAN LUIS,BAJA CALIFORNIA,26,SONORA,55,SAN LUIS RIO COLORADO,SAN LUIS RIO COLORADO,"500 - 1,000"
2026-10-07,MDA,BCA,07PID-230,4,671.16,668.11,3.05,0.0,07PID-230,Parque Industrial,BAJA CALIFORNIA,SANLUIS,230.0,VALLE,BAJA CALIFORNIA,SAN LUIS,BAJA CALIFORNIA,26,SONORA,55,SAN LUIS RIO COLORADO,SAN LUIS RIO COLORADO,"500 - 1,000"
2026-10-07,MDA,BCA,07PID-230,5,673.17,669.64,3.53,0.0,07PID-230,Parque Industrial,BAJA CALIFORNIA,SANLUIS,230.0,VALLE,BAJA CALIFORNIA,SAN LUIS,BAJA CALIFORNIA,26,SONORA,55,SAN LUIS RIO COLORADO,SAN LUIS RIO COLORADO,"500 - 1,000"
2026-10-07,MDA,BCA,07PID-230,6,653.91,650.89,3.02,0.0,07PID-230,Parque Industrial,BAJA CALIFORNIA,SANLUIS,230.0,VALLE,BAJA CALIFORNIA,SAN LUIS,BAJA CALIFORNIA,26,SONORA,55,SAN LUIS RIO COLORADO,SAN LUIS RIO COLORADO,"500 - 1,000"
2026-10-07,MDA,BCA,07PID-230,7,744.74,744.05,0.69,0.0,07PID-230,Parque Industrial,BAJA CALIFORNIA,SANLUIS,230.0,VALLE,BAJA CALIFORNIA,SAN LUIS,BAJA CALIFORNIA,26,SONORA,55,SAN LUIS RIO COLORADO,SAN LUIS RIO COLORADO,"500 - 1,000"
2026-10-07,MDA,BCA,07PID-230,8,762.39,764.19,-1.8,0.0,07PID-230,Parque Industrial,BAJA CALIFORNIA,SANLUIS,230.0,VALLE,BAJA CALIFORNIA,SAN LUIS,BAJA CALIFORNIA,26,SONORA,55,SAN LUIS RIO COLORADO,SAN LUIS RIO COLORADO,"500 - 1,000"
2026-10-07,MDA,BCA,07PID-230,9,1181.65,1195.72,-14.07,0.0,07PID-230,Parque Industrial,BAJA CALIFORNIA,SANLUIS,230.0,VALLE,BAJA CALIFORNIA,SAN LUIS,BAJA CALIFORNIA,26,SONORA,55,SAN LUIS RIO COLORADO,SAN LUIS RIO COLORADO,"1,000 - 2,000"
2026-10-07,MDA,BCA,07PID-230,10,1079.18,1093.14,-13.96,0.0,07PID-230,Parque Industrial,BAJA CALIFORNIA,SANLUIS,230.0,VALLE,BAJA CALIFORNIA,SAN LUIS,BAJA CALIFORNIA,26,SONORA,55,SAN LUIS RIO COLORADO,SAN LUIS RIO COLORADO,"1,000 - 2,000"
2026-10-07,MDA,BCA,07PID-230,11,1199.44,1207.07,-7.63,0.0,07PID-230,Parque Industrial,BAJA CALIFORNIA,SANLUIS,230.0,VALLE,BAJA CALIFORNIA,SAN LUIS,BAJA CALIFORNIA,26,SONORA,55,SAN LUIS RIO COLORADO,SAN LUIS RIO COLORADO,"1,000 - 2,000"
2026-10-07,MDA,BCA,07PID-230,12,1225.4,1232.59,-7.19,0.0,07PID-230,Parque Industrial,BAJA CALIFORNIA,SANLUIS,230.0,VALLE,BAJA CALIFORNIA,SAN LUIS,BAJA CALIFORNIA,26,SONORA,55,SAN LUIS RIO COLORADO,SAN LUIS RIO COLORADO,"1,000 - 2,000"
2026-10-07,MDA,BCA,07PID-230,13,1185.35,1196.63,-11.28,0.0,07PID-230,Parque Industrial,BAJA CALIFORNIA,SANLUIS,230.0,VALLE,BAJA CALIFORNIA,SAN LUIS,BAJA CALIFORNIA,26,SONORA,55,SAN LUIS RIO COLORADO,SAN LUIS RIO COLORADO,"1,000 - 2,000"
2026-10-07,MDA,BCA,07PID-230,14,1225.36,1235.33,-9.97,0.0,07PID-230,Parque Industrial,BAJA CALIFORNIA,SANLUIS,230.0,VALLE,BAJA CALIFORNIA,SAN LUIS,BAJA CALIFORNIA,26,SONORA,55,SAN LUIS RIO COLORADO,SAN LUIS RIO COLORADO,"1,000 - 2,000"
2026-10-07,MDA,BCA,07PID-230,15,1491.49,1497.11,-5.62,0.0,07PID-230,Parque Industrial,BAJA CALIFORNIA,SANLUIS,230.0,VALLE,BAJA CALIFORNIA,SAN LUIS,BAJA CALIFORNIA,26,SONORA,55,SAN LUIS RIO COLORADO,SAN LUIS RIO COLORADO,"1,000 - 2,000"
2026-10-07,MDA,BCA,07PID-230,16,1485.88,1493.21,-7.33,0.0,07PID-230,Parque Industrial,BAJA CALIFORNIA,SANLUIS,230.0,VALLE,BAJA CALIFORNIA,SAN LUIS,BAJA CALIFORNIA,26,SONORA,55,SAN LUIS RIO COLORADO,SAN LUIS RIO COLORADO,"1,000 - 2,000"
2026-10-07,MDA,BCA,07PID-230,17,1662.13,1653.66,8.48,0.0,07PID-230,Parque Industrial,BAJA CALIFORNIA,SANLUIS,230.0,VALLE,BAJA CALIFORNIA,SAN LUIS,BAJA CALIFORNIA,26,SONORA,55,SAN LUIS RIO COLORADO,SAN LUIS RIO COLORADO,"1,000 - 2,000"
2026-10-07,MDA,BCA,07PID-230,18,3513.48,3495.89,17.59,0.0,07PID-230,Parque Industrial,BAJA CALIFORNIA,SANLUIS,230.0,VALLE,BAJA CALIFORNIA,SAN LUIS,BAJA CALIFORNIA,26,SONORA,55,SAN LUIS RIO COLORADO,SAN LUIS RIO COLORADO,"2,000 - 5,000"
2026-10-07,MDA,BCA,07PID-230,19,3852.54,3815.54,36.99,0.0,07PID-230,Parque Industrial,BAJA CALIFORNIA,SANLUIS,230.0,VALLE,BAJA CALIFORNIA,SAN LUIS,BAJA CALIFORNIA,26,SONORA,55,SAN LUIS RIO COLORADO,SAN LUIS RIO COLORADO,"2,000 - 5,000"
2026-10-07,MDA,BCA,07PID-230,20,3581.33,3549.1,32.23,0.0,07PID-230,Parque Industrial,BAJA CALIFORNIA,SANLUIS,230.0,VALLE,BAJA CALIFORNIA,SAN LUIS,BAJA CALIFORNIA,26,SONORA,55,SAN LUIS RIO COLORADO,SAN LUIS RIO COLORADO,"2,000 - 5,000"
2026-10-07,MDA,BCA,07PID-230,21,2798.96,2774.55,24.41,0.0,07PID-230,Parque Industrial,BAJA CALIFORNIA,SANLUIS,230.0,VALLE,BAJA CALIFORNIA,SAN LUIS,BAJA CALIFORNIA,26,SONORA,55,SAN LUIS RIO COLORADO,SAN LUIS RIO COLORADO,"2,000 - 5,000"
2026-10-07,MDA,BCA,07PID-230,22,2554.98,2532.25,22.73,0.0,07PID-230,Parque Industrial,BAJA CALIFORNIA,SANLUIS,230.0,VALLE,BAJA CALIFORNIA,SAN LUIS,BAJA CALIFORNIA,26,SONORA,55,SAN LUIS RIO COLORADO,SAN LUIS RIO COLORADO,"2,000 - 5,000"
2026-10-07,MDA,BCA,07PID-230,23,1905.17,1891.38,13.79,0.0,07PID-230,Parque Industrial,BAJA CALIFORNIA,SANLUIS,230.0,VALLE,BAJA CALIFORNIA,SAN LUIS,BAJA CALIFORNIA,26,SONORA,55,SAN LUIS RIO COLORADO,SAN LUIS RIO COLORADO,"1,000 - 2,000"
2026-10-07,MDA,BCA,07PID-230,24,1261.43,1255.72,5.71,0.0,07PID-230,Parque Industrial,BAJA CALIFORNIA,SANLUIS,230.0,VALLE,BAJA CALIFORNIA,SAN LUIS,BAJA CALIFORNIA,26,SONORA,55,SAN LUIS RIO COLORADO,SAN LUIS RIO COLORADO,"1,000 - 2,000"
2026-10-07,MDA,BCA,07PJZ-115,1,1772.5,1767.84,4.67,0.0,07PJZ-115,Presidente Juarez,BAJA CALIFORNIA,TIJUANA,115.0,COSTA,BAJA CALIFORNIA,TIJUANA,BAJA CALIFORNIA,2,BAJA CALIFORNIA,5,PLAYAS DE ROSARITO,TIJUANA,"1,000 - 2,000"
2026-10-07,MDA,BCA,07PJZ-115,2,1157.54,1154.64,2.9,0.0,07PJZ-115,Presidente Juarez,BAJA CALIFORNIA,TIJUANA,115.0,COSTA,BAJA CALIFORNIA,TIJUANA,BAJA CALIFORNIA,2,BAJA CALIFORNIA,5,PLAYAS DE ROSARITO,TIJUANA,"1,000 - 2,000"
2026-10-07,MDA,BCA,07PJZ-115,3,760.83,758.91,1.93,0.0,07PJZ-115,Presidente Juarez,BAJA CALIFORNIA,TIJUANA,115.0,COSTA,BAJA CALIFORNIA,TIJUANA,BAJA CALIFORNIA,2,BAJA CALIFORNIA,5,PLAYAS DE ROSARITO,TIJUANA,"500 - 1,000"
2026-10-07,MDA,BCA,07PJZ-115,4,669.76,668.11,1.65,0.0,07PJZ-115,Presidente Juarez,BAJA CALIFORNIA,TIJUANA,115.0,COSTA,BAJA CALIFORNIA,TIJUANA,BAJA CALIFORNIA,2,BAJA CALIFORNIA,5,PLAYAS DE ROSARITO,TIJUANA,"500 - 1,000"
2026-10-07,MDA,BCA,07PJZ-115,5,671.26,669.64,1.62,0.0,07PJZ-115,Presidente Juarez,BAJA CALIFORNIA,TIJUANA,115.0,COSTA,BAJA CALIFORNIA,TIJUANA,BAJA CALIFORNIA,2,BAJA CALIFORNIA,5,PLAYAS DE ROSARITO,TIJUANA,"500 - 1,000"
2026-10-07,MDA,BCA,07PJZ-115,6,652.49,650.89,1.59,0.0,07PJZ-115,Presidente Juarez,BAJA CALIFORNIA,TIJUANA,115.0,COSTA,BAJA CALIFORNIA,TIJUANA,BAJA CALIFORNIA,2,BAJA CALIFORNIA,5,PLAYAS DE ROSARITO,TIJUANA,"500 - 1,000"
2026-10-07,MDA,BCA,07PJZ-115,7,745.96,744.05,1.91,0.0,07PJZ-115,Presidente Juarez,BAJA CALIFORNIA,TIJUANA,115.0,COSTA,BAJA CALIFORNIA,TIJUANA,BAJA CALIFORNIA,2,BAJA CALIFORNIA,5,PLAYAS DE ROSARITO,TIJUANA,"500 - 1,000"
2026-10-07,MDA,BCA,07PJZ-115,8,766.23,764.19,2.04,0.0,07PJZ-115,Presidente Juarez,BAJA CALIFORNIA,TIJUANA,115.0,COSTA,BAJA CALIFORNIA,TIJUANA,BAJA CALIFORNIA,2,BAJA CALIFORNIA,5,PLAYAS DE ROSARITO,TIJUANA,"500 - 1,000"
2026-10-07,MDA,BCA,07PJZ-115,9,1199.15,1195.72,3.43,0.0,07PJZ-115,Presidente Juarez,BAJA CALIFORNIA,TIJUANA,115.0,COSTA,BAJA CALIFORNIA,TIJUANA,BAJA CALIFORNIA,2,BAJA CALIFORNIA,5,PLAYAS DE ROSARITO,TIJUANA,"1,000 - 2,000"
2026-10-07,MDA,BCA,07PJZ-115,10,1096.34,1093.14,3.2,0.0,07PJZ-115,Presidente Juarez,BAJA CALIFORNIA,TIJUANA,115.0,COSTA,BAJA CALIFORNIA,TIJUANA,BAJA CALIFORNIA,2,BAJA CALIFORNIA,5,PLAYAS DE ROSARITO,TIJUANA,"1,000 - 2,000"
2026-10-07,MDA,BCA,07PJZ-115,11,1210.74,1207.07,3.67,0.0,07PJZ-115,Presidente Juarez,BAJA CALIFORNIA,TIJUANA,115.0,COSTA,BAJA CALIFORNIA,TIJUANA,BAJA CALIFORNIA,2,BAJA CALIFORNIA,5,PLAYAS DE ROSARITO,TIJUANA,"1,000 - 2,000"
2026-10-07,MDA,BCA,07PJZ-115,12,1236.4,1232.59,3.81,0.0,07PJZ-115,Presidente Juarez,BAJA CALIFORNIA,TIJUANA,115.0,COSTA,BAJA CALIFORNIA,TIJUANA,BAJA CALIFORNIA,2,BAJA CALIFORNIA,5,PLAYAS DE ROSARITO,TIJUANA,"1,000 - 2,000"
2026-10-07,MDA,BCA,07PJZ-115,13,1200.37,1196.63,3.74,0.0,07PJZ-115,Presidente Juarez,BAJA CALIFORNIA,TIJUANA,115.0,COSTA,BAJA CALIFORNIA,TIJUANA,BAJA CALIFORNIA,2,BAJA CALIFORNIA,5,PLAYAS DE ROSARITO,TIJUANA,"1,000 - 2,000"
2026-10-07,MDA,BCA,07PJZ-115,14,1239.23,1235.33,3.9,0.0,07PJZ-115,Presidente Juarez,BAJA CALIFORNIA,TIJUANA,115.0,COSTA,BAJA CALIFORNIA,TIJUANA,BAJA CALIFORNIA,2,BAJA CALIFORNIA,5,PLAYAS DE ROSARITO,TIJUANA,"1,000 - 2,000"
2026-10-07,MDA,BCA,07PJZ-115,15,1501.12,1497.11,4.01,0.0,07PJZ-115,Presidente Juarez,BAJA CALIFORNIA,TIJUANA,115.0,COSTA,BAJA CALIFORNIA,TIJUANA,BAJA CALIFORNIA,2,BAJA CALIFORNIA,5,PLAYAS DE ROSARITO,TIJUANA,"1,000 - 2,000"
2026-10-07,MDA,BCA,07PJZ-115,16,1497.17,1493.21,3.95,0.0,07PJZ-115,Presidente Juarez,BAJA CALIFORNIA,TIJUANA,115.0,COSTA,BAJA CALIFORNIA,TIJUANA,BAJA CALIFORNIA,2,BAJA CALIFORNIA,5,PLAYAS DE ROSARITO,TIJUANA,"1,000 - 2,000"
2026-10-07,MDA,BCA,07PJZ-115,17,1658.09,1653.66,4.43,0.0,07PJZ-115,Presidente Juarez,BAJA CALIFORNIA,TIJUANA,115.0,COSTA,BAJA CALIFORNIA,TIJUANA,BAJA CALIFORNIA,2,BAJA CALIFORNIA,5,PLAYAS DE ROSARITO,TIJUANA,"1,000 - 2,000"
2026-10-07,MDA,BCA,07PJZ-115,18,3504.81,3495.89,8.92,0.0,07PJZ-115,Presidente Juarez,BAJA CALIFORNIA,TIJUANA,115.0,COSTA,BAJA CALIFORNIA,TIJUANA,BAJA CALIFORNIA,2,BAJA CALIFORNIA,5,PLAYAS DE ROSARITO,TIJUANA,"2,000 - 5,000"
2026-10-07,MDA,BCA,07PJZ-115,19,3825.24,3815.54,9.69,0.0,07PJZ-115,Presidente Juarez,BAJA CALIFORNIA,TIJUANA,115.0,COSTA,BAJA CALIFORNIA,TIJUANA,BAJA CALIFORNIA,2,BAJA CALIFORNIA,5,PLAYAS DE ROSARITO,TIJUANA,"2,000 - 5,000"
2026-10-07,MDA,BCA,07PJZ-115,20,3558.71,3549.1,9.61,0.0,07PJZ-115,Presidente Juarez,BAJA CALIFORNIA,TIJUANA,115.0,COSTA,BAJA CALIFORNIA,TIJUANA,BAJA CALIFORNIA,2,BAJA CALIFORNIA,5,PLAYAS DE ROSARITO,TIJUANA,"2,000 - 5,000"
2026-10-07,MDA,BCA,07PJZ-115,21,2782.09,2774.55,7.54,0.0,07PJZ-115,Presidente Juarez,BAJA CALIFORNIA,TIJUANA,115.0,COSTA,BAJA CALIFORNIA,TIJUANA,BAJA CALIFORNIA,2,BAJA CALIFORNIA,5,PLAYAS DE ROSARITO,TIJUANA,"2,000 - 5,000"
2026-10-07,MDA,BCA,07PJZ-115,22,2538.79,2532.25,6.54,0.0,07PJZ-115,Presidente Juarez,BAJA CALIFORNIA,TIJUANA,115.0,COSTA,BAJA CALIFORNIA,TIJUANA,BAJA CALIFORNIA,2,BAJA CALIFORNIA,5,PLAYAS DE ROSARITO,TIJUANA,"2,000 - 5,000"
2026-10-07,MDA,BCA,07PJZ-115,23,1895.87,1891.38,4.49,0.0,07PJZ-115,Presidente Juarez,BAJA CALIFORNIA,TIJUANA,115.0,COSTA,BAJA CALIFORNIA,TIJUANA,BAJA CALIFORNIA,2,BAJA CALIFORNIA,5,PLAYAS DE ROSARITO,TIJUANA,"1,000 - 2,000"
2026-10-07,MDA,BCA,07PJZ-115,24,1259.19,1255.72,3.47,0.0,07PJZ-115,Presidente Juarez,BAJA CALIFORNIA,TIJUANA,115.0,COSTA,BAJA CALIFORNIA,TIJUANA,BAJA CALIFORNIA,2,BAJA CALIFORNIA,5,PLAYAS DE ROSARITO,TIJUANA,"1,000 - 2,000"
2026-10-07,MDA,BCA,07PJZ-230,1,1767.84,1767.84,0.0,0.0,07PJZ-230,Presidente Juarez,BAJA CALIFORNIA,TIJUANA,230.0,COSTA,BAJA CALIFORNIA,TIJUANA,BAJA CALIFORNIA,2,BAJA CALIFORNIA,5,PLAYAS DE ROSARITO,TIJUANA,"1,000 - 2,000"
2026-10-07,MDA,BCA,07PJZ-230,2,1154.64,1154.64,0.0,0.0,07PJZ-230,Presidente Juarez,BAJA CALIFORNIA,TIJUANA,230.0,COSTA,BAJA CALIFORNIA,TIJUANA,BAJA CALIFORNIA,2,BAJA CALIFORNIA,5,PLAYAS DE ROSARITO,TIJUANA,"1,000 - 2,000"
2026-10-07,MDA,BCA,07PJZ-230,3,758.91,758.91,0.0,0.0,07PJZ-230,Presidente Juarez,BAJA CALIFORNIA,TIJUANA,230.0,COSTA,BAJA CALIFORNIA,TIJUANA,BAJA CALIFORNIA,2,BAJA CALIFORNIA,5,PLAYAS DE ROSARITO,TIJUANA,"500 - 1,000"
2026-10-07,MDA,BCA,07PJZ-230,4,668.11,668.11,0.0,0.0,07PJZ-230,Presidente Juarez,BAJA CALIFORNIA,TIJUANA,230.0,COSTA,BAJA CALIFORNIA,TIJUANA,BAJA CALIFORNIA,2,BAJA CALIFORNIA,5,PLAYAS DE ROSARITO,TIJUANA,"500 - 1,000"
2026-10-07,MDA,BCA,07PJZ-230,5,669.64,669.64,0.0,0.0,07PJZ-230,Presidente Juarez,BAJA CALIFORNIA,TIJUANA,230.0,COSTA,BAJA CALIFORNIA,TIJUANA,BAJA CALIFORNIA,2,BAJA CALIFORNIA,5,PLAYAS DE ROSARITO,TIJUANA,"500 - 1,000"
2026-10-07,MDA,BCA,07PJZ-230,6,650.89,650.89,0.0,0.0,07PJZ-230,Presidente Juarez,BAJA CALIFORNIA,TIJUANA,230.0,COSTA,BAJA CALIFORNIA,TIJUANA,BAJA CALIFORNIA,2,BAJA CALIFORNIA,5,PLAYAS DE ROSARITO,TIJUANA,"500 - 1,000"
2026-10-07,MDA,BCA,07PJZ-230,7,744.05,744.05,0.0,0.0,07PJZ-230,Presidente Juarez,BAJA CALIFORNIA,TIJUANA,230.0,COSTA,BAJA CALIFORNIA,TIJUANA,BAJA CALIFORNIA,2,BAJA CALIFORNIA,5,PLAYAS DE ROSARITO,TIJUANA,"500 - 1,000"
2026-10-07,MDA,BCA,07PJZ-230,8,764.19,764.19,0.0,0.0,07PJZ-230,Presidente Juarez,BAJA CALIFORNIA,TIJUANA,230.0,COSTA,BAJA CALIFORNIA,TIJUANA,BAJA CALIFORNIA,2,BAJA CALIFORNIA,5,PLAYAS DE ROSARITO,TIJUANA,"500 - 1,000"
2026-10-07,MDA,BCA,07PJZ-230,9,1195.72,1195.72,0.0,0.0,07PJZ-230,Presidente Juarez,BAJA CALIFORNIA,TIJUANA,230.0,COSTA,BAJA CALIFORNIA,TIJUANA,BAJA CALIFORNIA,2,BAJA CALIFORNIA,5,PLAYAS DE ROSARITO,TIJUANA,"1,000 - 2,000"
2026-10-07,MDA,BCA,07PJZ-230,10,1093.14,1093.14,0.0,0.0,07PJZ-230,Presidente Juarez,BAJA CALIFORNIA,TIJUANA,230.0,COSTA,BAJA CALIFORNIA,TIJUANA,BAJA CALIFORNIA,2,BAJA CALIFORNIA,5,PLAYAS DE ROSARITO,TIJUANA,"1,000 - 2,000"
2026-10-07,MDA,BCA,07PJZ-230,11,1207.07,1207.07,0.0,0.0,07PJZ-230,Presidente Juarez,BAJA CALIFORNIA,TIJUANA,230.0,COSTA,BAJA CALIFORNIA,TIJUANA,BAJA CALIFORNIA,2,BAJA CALIFORNIA,5,PLAYAS DE ROSARITO,TIJUANA,"1,000 - 2,000"
2026-10-07,MDA,BCA,07PJZ-230,12,1232.59,1232.59,0.0,0.0,07PJZ-230,Presidente Juarez,BAJA CALIFORNIA,TIJUANA,230.0,COSTA,BAJA CALIFORNIA,TIJUANA,BAJA CALIFORNIA,2,BAJA CALIFORNIA,5,PLAYAS DE ROSARITO,TIJUANA,"1,000 - 2,000"
2026-10-07,MDA,BCA,07PJZ-230,13,1196.63,1196.63,0.0,0.0,07PJZ-230,Presidente Juarez,BAJA CALIFORNIA,TIJUANA,230.0,COSTA,BAJA CALIFORNIA,TIJUANA,BAJA CALIFORNIA,2,BAJA CALIFORNIA,5,PLAYAS DE ROSARITO,TIJUANA,"1,000 - 2,000"
2026-10-07,MDA,BCA,07PJZ-230,14,1235.33,1235.33,0.0,0.0,07PJZ-230,Presidente Juarez,BAJA CALIFORNIA,TIJUANA,230.0,COSTA,BAJA CALIFORNIA,TIJUANA,BAJA CALIFORNIA,2,BAJA CALIFORNIA,5,PLAYAS DE ROSARITO,TIJUANA,"1,000 - 2,000"
2026-10-07,MDA,BCA,07PJZ-230,15,1497.11,1497.11,0.0,0.0,07PJZ-230,Presidente Juarez,BAJA CALIFORNIA,TIJUANA,230.0,COSTA,BAJA CALIFORNIA,TIJUANA,BAJA CALIFORNIA,2,BAJA CALIFORNIA,5,PLAYAS DE ROSARITO,TIJUANA,"1,000 - 2,000"
2026-10-07,MDA,BCA,07PJZ-230,16,1493.21,1493.21,0.0,0.0,07PJZ-230,Presidente Juarez,BAJA CALIFORNIA,TIJUANA,230.0,COSTA,BAJA CALIFORNIA,TIJUANA,BAJA CALIFORNIA,2,BAJA CALIFORNIA,5,PLAYAS DE ROSARITO,TIJUANA,"1,000 - 2,000"
2026-10-07,MDA,BCA,07PJZ-230,17,1653.66,1653.66,0.0,0.0,07PJZ-230,Presidente Juarez,BAJA CALIFORNIA,TIJUANA,230.0,COSTA,BAJA CALIFORNIA,TIJUANA,BAJA CALIFORNIA,2,BAJA CALIFORNIA,5,PLAYAS DE ROSARITO,TIJUANA,"1,000 - 2,000"
2026-10-07,MDA,BCA,07PJZ-230,18,3495.89,3495.89,0.0,0.0,07PJZ-230,Presidente Juarez,BAJA CALIFORNIA,TIJUANA,230.0,COSTA,BAJA CALIFORNIA,TIJUANA,BAJA CALIFORNIA,2,BAJA CALIFORNIA,5,PLAYAS DE ROSARITO,TIJUANA,"2,000 - 5,000"
2026-10-07,MDA,BCA,07PJZ-230,19,3815.54,3815.54,0.0,0.0,07PJZ-230,Presidente Juarez,BAJA CALIFORNIA,TIJUANA,230.0,COSTA,BAJA CALIFORNIA,TIJUANA,BAJA CALIFORNIA,2,BAJA CALIFORNIA,5,PLAYAS DE ROSARITO,TIJUANA,"2,000 - 5,000"
2026-10-07,MDA,BCA,07PJZ-230,20,3549.1,3549.1,0.0,0.0,07PJZ-230,Presidente Juarez,BAJA CALIFORNIA,TIJUANA,230.0,COSTA,BAJA CALIFORNIA,TIJUANA,BAJA CALIFORNIA,2,BAJA CALIFORNIA,5,PLAYAS DE ROSARITO,TIJUANA,"2,000 - 5,000"
2026-10-07,MDA,BCA,07PJZ-230,21,2774.55,2774.55,0.0,0.0,07PJZ-230,Presidente Juarez,BAJA CALIFORNIA,TIJUANA,230.0,COSTA,BAJA CALIFORNIA,TIJUANA,BAJA CALIFORNIA,2,BAJA CALIFORNIA,5,PLAYAS DE ROSARITO,TIJUANA,"2,000 - 5,000"
2026-10-07,MDA,BCA,07PJZ-230,22,2532.25,2532.25,0.0,0.0,07PJZ-230,Presidente Juarez,BAJA CALIFORNIA,TIJUANA,230.0,COSTA,BAJA CALIFORNIA,TIJUANA,BAJA CALIFORNIA,2,BAJA CALIFORNIA,5,PLAYAS DE ROSARITO,TIJUANA,"2,000 - 5,000"
2026-10-07,MDA,BCA,07PJZ-230,23,1891.38,1891.38,0.0,0.0,07PJZ-230,Presidente Juarez,BAJA CALIFORNIA,TIJUANA,230.0,COSTA,BAJA CALIFORNIA,TIJUANA,BAJA CALIFORNIA,2,BAJA CALIFORNIA,5,PLAYAS DE ROSARITO,TIJUANA,"1,000 - 2,000"
2026-10-07,MDA,BCA,07PJZ-230,24,1255.72,1255.72,0.0,0.0,07PJZ-230,Presidente Juarez,BAJA CALIFORNIA,TIJUANA,230.0,COSTA,BAJA CALIFORNIA,TIJUANA,BAJA CALIFORNIA,2,BAJA CALIFORNIA,5,PLAYAS DE ROSARITO,TIJUANA,"1,000 - 2,000"
2026-10-07,MDA,BCA,07PKD-161,1,1763.13,1767.84,-4.71,0.0,07PKD-161,Packard,BAJA CALIFORNIA,MEXICALI,161.0,VALLE,BAJA CALIFORNIA,MEXICALI,BAJA CALIFORNIA,2,BAJA CALIFORNIA,2,MEXICALI,MEXICALI,"1,000 - 2,000"
2026-10-07,MDA,BCA,07PKD-161,2,1150.88,1154.64,-3.75,0.0,07PKD-161,Packard,BAJA CALIFORNIA,MEXICALI,161.0,VALLE,BAJA CALIFORNIA,MEXICALI,BAJA CALIFORNIA,2,BAJA CALIFORNIA,2,MEXICALI,MEXICALI,"1,000 - 2,000"
2026-10-07,MDA,BCA,07PKD-161,3,755.18,758.91,-3.73,0.0,07PKD-161,Packard,BAJA CALIFORNIA,MEXICALI,161.0,VALLE,BAJA CALIFORNIA,MEXICALI,BAJA CALIFORNIA,2,BAJA CALIFORNIA,2,MEXICALI,MEXICALI,"500 - 1,000"
2026-10-07,MDA,BCA,07PKD-161,4,665.26,668.11,-2.85,0.0,07PKD-161,Packard,BAJA CALIFORNIA,MEXICALI,161.0,VALLE,BAJA CALIFORNIA,MEXICALI,BAJA CALIFORNIA,2,BAJA CALIFORNIA,2,MEXICALI,MEXICALI,"500 - 1,000"
2026-10-07,MDA,BCA,07PKD-161,5,667.49,669.64,-2.15,0.0,07PKD-161,Packard,BAJA CALIFORNIA,MEXICALI,161.0,VALLE,BAJA CALIFORNIA,MEXICALI,BAJA CALIFORNIA,2,BAJA CALIFORNIA,2,MEXICALI,MEXICALI,"500 - 1,000"
2026-10-07,MDA,BCA,07PKD-161,6,648.52,650.89,-2.38,0.0,07PKD-161,Packard,BAJA CALIFORNIA,MEXICALI,161.0,VALLE,BAJA CALIFORNIA,MEXICALI,BAJA CALIFORNIA,2,BAJA CALIFORNIA,2,MEXICALI,MEXICALI,"500 - 1,000"
2026-10-07,MDA,BCA,07PKD-161,7,738.77,744.05,-5.29,0.0,07PKD-161,Packard,BAJA CALIFORNIA,MEXICALI,161.0,VALLE,BAJA CALIFORNIA,MEXICALI,BAJA CALIFORNIA,2,BAJA CALIFORNIA,2,MEXICALI,MEXICALI,"500 - 1,000"
2026-10-07,MDA,BCA,07PKD-161,8,756.57,764.19,-7.62,0.0,07PKD-161,Packard,BAJA CALIFORNIA,MEXICALI,161.0,VALLE,BAJA CALIFORNIA,MEXICALI,BAJA CALIFORNIA,2,BAJA CALIFORNIA,2,MEXICALI,MEXICALI,"500 - 1,000"
2026-10-07,MDA,BCA,07PKD-161,9,1172.19,1195.72,-23.52,0.0,07PKD-161,Packard,BAJA CALIFORNIA,MEXICALI,161.0,VALLE,BAJA CALIFORNIA,MEXICALI,BAJA CALIFORNIA,2,BAJA CALIFORNIA,2,MEXICALI,MEXICALI,"1,000 - 2,000"
2026-10-07,MDA,BCA,07PKD-161,10,1069.37,1093.14,-23.77,0.0,07PKD-161,Packard,BAJA CALIFORNIA,MEXICALI,161.0,VALLE,BAJA CALIFORNIA,MEXICALI,BAJA CALIFORNIA,2,BAJA CALIFORNIA,2,MEXICALI,MEXICALI,"1,000 - 2,000"
2026-10-07,MDA,BCA,07PKD-161,11,1187.21,1207.07,-19.86,0.0,07PKD-161,Packard,BAJA CALIFORNIA,MEXICALI,161.0,VALLE,BAJA CALIFORNIA,MEXICALI,BAJA CALIFORNIA,2,BAJA CALIFORNIA,2,MEXICALI,MEXICALI,"1,000 - 2,000"
2026-10-07,MDA,BCA,07PKD-161,12,1211.25,1232.59,-21.34,0.0,07PKD-161,Packard,BAJA CALIFORNIA,MEXICALI,161.0,VALLE,BAJA CALIFORNIA,MEXICALI,BAJA CALIFORNIA,2,BAJA CALIFORNIA,2,MEXICALI,MEXICALI,"1,000 - 2,000"
2026-10-07,MDA,BCA,07PKD-161,13,1171.14,1196.63,-25.49,0.0,07PKD-161,Packard,BAJA CALIFORNIA,MEXICALI,161.0,VALLE,BAJA CALIFORNIA,MEXICALI,BAJA CALIFORNIA,2,BAJA CALIFORNIA,2,MEXICALI,MEXICALI,"1,000 - 2,000"
2026-10-07,MDA,BCA,07PKD-161,14,1210.0,1235.33,-25.32,0.0,07PKD-161,Packard,BAJA CALIFORNIA,MEXICALI,161.0,VALLE,BAJA CALIFORNIA,MEXICALI,BAJA CALIFORNIA,2,BAJA CALIFORNIA,2,MEXICALI,MEXICALI,"1,000 - 2,000"
2026-10-07,MDA,BCA,07PKD-161,15,1471.47,1497.11,-25.64,0.0,07PKD-161,Packard,BAJA CALIFORNIA,MEXICALI,161.0,VALLE,BAJA CALIFORNIA,MEXICALI,BAJA CALIFORNIA,2,BAJA CALIFORNIA,2,MEXICALI,MEXICALI,"1,000 - 2,000"
2026-10-07,MDA,BCA,07PKD-161,16,1465.85,1493.21,-27.36,0.0,07PKD-161,Packard,BAJA CALIFORNIA,MEXICALI,161.0,VALLE,BAJA CALIFORNIA,MEXICALI,BAJA CALIFORNIA,2,BAJA CALIFORNIA,2,MEXICALI,MEXICALI,"1,000 - 2,000"
2026-10-07,MDA,BCA,07PKD-161,17,1639.37,1653.66,-14.29,0.0,07PKD-161,Packard,BAJA CALIFORNIA,MEXICALI,161.0,VALLE,BAJA CALIFORNIA,MEXICALI,BAJA CALIFORNIA,2,BAJA CALIFORNIA,2,MEXICALI,MEXICALI,"1,000 - 2,000"
2026-10-07,MDA,BCA,07PKD-161,18,3473.44,3495.89,-22.45,0.0,07PKD-161,Packard,BAJA CALIFORNIA,MEXICALI,161.0,VALLE,BAJA CALIFORNIA,MEXICALI,BAJA CALIFORNIA,2,BAJA CALIFORNIA,2,MEXICALI,MEXICALI,"2,000 - 5,000"
2026-10-07,MDA,BCA,07PKD-161,19,3800.86,3815.54,-14.69,0.0,07PKD-161,Packard,BAJA CALIFORNIA,MEXICALI,161.0,VALLE,BAJA CALIFORNIA,MEXICALI,BAJA CALIFORNIA,2,BAJA CALIFORNIA,2,MEXICALI,MEXICALI,"2,000 - 5,000"
2026-10-07,MDA,BCA,07PKD-161,20,3533.38,3549.1,-15.73,0.0,07PKD-161,Packard,BAJA CALIFORNIA,MEXICALI,161.0,VALLE,BAJA CALIFORNIA,MEXICALI,BAJA CALIFORNIA,2,BAJA CALIFORNIA,2,MEXICALI,MEXICALI,"2,000 - 5,000"
2026-10-07,MDA,BCA,07PKD-161,21,2760.39,2774.55,-14.16,0.0,07PKD-161,Packard,BAJA CALIFORNIA,MEXICALI,161.0,VALLE,BAJA CALIFORNIA,MEXICALI,BAJA CALIFORNIA,2,BAJA CALIFORNIA,2,MEXICALI,MEXICALI,"2,000 - 5,000"
2026-10-07,MDA,BCA,07PKD-161,22,2520.76,2532.25,-11.49,0.0,07PKD-161,Packard,BAJA CALIFORNIA,MEXICALI,161.0,VALLE,BAJA CALIFORNIA,MEXICALI,BAJA CALIFORNIA,2,BAJA CALIFORNIA,2,MEXICALI,MEXICALI,"2,000 - 5,000"
2026-10-07,MDA,BCA,07PKD-161,23,1881.51,1891.38,-9.87,0.0,07PKD-161,Packard,BAJA CALIFORNIA,MEXICALI,161.0,VALLE,BAJA CALIFORNIA,MEXICALI,BAJA CALIFORNIA,2,BAJA CALIFORNIA,2,MEXICALI,MEXICALI,"1,000 - 2,000"
2026-10-07,MDA,BCA,07PKD-161,24,1246.98,1255.72,-8.74,0.0,07PKD-161,Packard,BAJA CALIFORNIA,MEXICALI,161.0,VALLE,BAJA CALIFORNIA,MEXICALI,BAJA CALIFORNIA,2,BAJA CALIFORNIA,2,MEXICALI,MEXICALI,"1,000 - 2,000"
2026-10-07,MDA,BCA,07PNM-115,1,1779.0,1767.84,11.16,0.0,07PNM-115,Panamericana,BAJA CALIFORNIA,TIJUANA,115.0,COSTA,BAJA CALIFORNIA,TIJUANA,BAJA CALIFORNIA,2,BAJA CALIFORNIA,4,TIJUANA,TIJUANA,"1,000 - 2,000"
2026-10-07,MDA,BCA,07PNM-115,2,1161.57,1154.64,6.94,0.0,07PNM-115,Panamericana,BAJA CALIFORNIA,TIJUANA,115.0,COSTA,BAJA CALIFORNIA,TIJUANA,BAJA CALIFORNIA,2,BAJA CALIFORNIA,4,TIJUANA,TIJUANA,"1,000 - 2,000"
2026-10-07,MDA,BCA,07PNM-115,3,763.33,758.91,4.42,0.0,07PNM-115,Panamericana,BAJA CALIFORNIA,TIJUANA,115.0,COSTA,BAJA CALIFORNIA,TIJUANA,BAJA CALIFORNIA,2,BAJA CALIFORNIA,4,TIJUANA,TIJUANA,"500 - 1,000"
2026-10-07,MDA,BCA,07PNM-115,4,671.92,668.11,3.81,0.0,07PNM-115,Panamericana,BAJA CALIFORNIA,TIJUANA,115.0,COSTA,BAJA CALIFORNIA,TIJUANA,BAJA CALIFORNIA,2,BAJA CALIFORNIA,4,TIJUANA,TIJUANA,"500 - 1,000"
2026-10-07,MDA,BCA,07PNM-115,5,673.4,669.64,3.76,0.0,07PNM-115,Panamericana,BAJA CALIFORNIA,TIJUANA,115.0,COSTA,BAJA CALIFORNIA,TIJUANA,BAJA CALIFORNIA,2,BAJA CALIFORNIA,4,TIJUANA,TIJUANA,"500 - 1,000"
2026-10-07,MDA,BCA,07PNM-115,6,654.58,650.89,3.68,0.0,07PNM-115,Panamericana,BAJA CALIFORNIA,TIJUANA,115.0,COSTA,BAJA CALIFORNIA,TIJUANA,BAJA CALIFORNIA,2,BAJA CALIFORNIA,4,TIJUANA,TIJUANA,"500 - 1,000"
2026-10-07,MDA,BCA,07PNM-115,7,748.49,744.05,4.43,0.0,07PNM-115,Panamericana,BAJA CALIFORNIA,TIJUANA,115.0,COSTA,BAJA CALIFORNIA,TIJUANA,BAJA CALIFORNIA,2,BAJA CALIFORNIA,4,TIJUANA,TIJUANA,"500 - 1,000"
2026-10-07,MDA,BCA,07PNM-115,8,768.96,764.19,4.77,0.0,07PNM-115,Panamericana,BAJA CALIFORNIA,TIJUANA,115.0,COSTA,BAJA CALIFORNIA,TIJUANA,BAJA CALIFORNIA,2,BAJA CALIFORNIA,4,TIJUANA,TIJUANA,"500 - 1,000"
2026-10-07,MDA,BCA,07PNM-115,9,1203.62,1195.72,7.9,0.0,07PNM-115,Panamericana,BAJA CALIFORNIA,TIJUANA,115.0,COSTA,BAJA CALIFORNIA,TIJUANA,BAJA CALIFORNIA,2,BAJA CALIFORNIA,4,TIJUANA,TIJUANA,"1,000 - 2,000"
2026-10-07,MDA,BCA,07PNM-115,10,1100.59,1093.14,7.45,0.0,07PNM-115,Panamericana,BAJA CALIFORNIA,TIJUANA,115.0,COSTA,BAJA CALIFORNIA,TIJUANA,BAJA CALIFORNIA,2,BAJA CALIFORNIA,4,TIJUANA,TIJUANA,"1,000 - 2,000"
2026-10-07,MDA,BCA,07PNM-115,11,1215.6,1207.07,8.52,0.0,07PNM-115,Panamericana,BAJA CALIFORNIA,TIJUANA,115.0,COSTA,BAJA CALIFORNIA,TIJUANA,BAJA CALIFORNIA,2,BAJA CALIFORNIA,4,TIJUANA,TIJUANA,"1,000 - 2,000"
2026-10-07,MDA,BCA,07PNM-115,12,1241.43,1232.59,8.85,0.0,07PNM-115,Panamericana,BAJA CALIFORNIA,TIJUANA,115.0,COSTA,BAJA CALIFORNIA,TIJUANA,BAJA CALIFORNIA,2,BAJA CALIFORNIA,4,TIJUANA,TIJUANA,"1,000 - 2,000"
2026-10-07,MDA,BCA,07PNM-115,13,1205.32,1196.63,8.69,0.0,07PNM-115,Panamericana,BAJA CALIFORNIA,TIJUANA,115.0,COSTA,BAJA CALIFORNIA,TIJUANA,BAJA CALIFORNIA,2,BAJA CALIFORNIA,4,TIJUANA,TIJUANA,"1,000 - 2,000"
2026-10-07,MDA,BCA,07PNM-115,14,1244.36,1235.33,9.03,0.0,07PNM-115,Panamericana,BAJA CALIFORNIA,TIJUANA,115.0,COSTA,BAJA CALIFORNIA,TIJUANA,BAJA CALIFORNIA,2,BAJA CALIFORNIA,4,TIJUANA,TIJUANA,"1,000 - 2,000"
2026-10-07,MDA,BCA,07PNM-115,15,1507.42,1497.11,10.31,0.0,07PNM-115,Panamericana,BAJA CALIFORNIA,TIJUANA,115.0,COSTA,BAJA CALIFORNIA,TIJUANA,BAJA CALIFORNIA,2,BAJA CALIFORNIA,4,TIJUANA,TIJUANA,"1,000 - 2,000"
2026-10-07,MDA,BCA,07PNM-115,16,1503.48,1493.21,10.27,0.0,07PNM-115,Panamericana,BAJA CALIFORNIA,TIJUANA,115.0,COSTA,BAJA CALIFORNIA,TIJUANA,BAJA CALIFORNIA,2,BAJA CALIFORNIA,4,TIJUANA,TIJUANA,"1,000 - 2,000"
2026-10-07,MDA,BCA,07PNM-115,17,1665.1,1653.66,11.44,0.0,07PNM-115,Panamericana,BAJA CALIFORNIA,TIJUANA,115.0,COSTA,BAJA CALIFORNIA,TIJUANA,BAJA CALIFORNIA,2,BAJA CALIFORNIA,4,TIJUANA,TIJUANA,"1,000 - 2,000"
2026-10-07,MDA,BCA,07PNM-115,18,3519.07,3495.89,23.18,0.0,07PNM-115,Panamericana,BAJA CALIFORNIA,TIJUANA,115.0,COSTA,BAJA CALIFORNIA,TIJUANA,BAJA CALIFORNIA,2,BAJA CALIFORNIA,4,TIJUANA,TIJUANA,"2,000 - 5,000"
2026-10-07,MDA,BCA,07PNM-115,19,3840.87,3815.54,25.33,0.0,07PNM-115,Panamericana,BAJA CALIFORNIA,TIJUANA,115.0,COSTA,BAJA CALIFORNIA,TIJUANA,BAJA CALIFORNIA,2,BAJA CALIFORNIA,4,TIJUANA,TIJUANA,"2,000 - 5,000"
2026-10-07,MDA,BCA,07PNM-115,20,3573.99,3549.1,24.88,0.0,07PNM-115,Panamericana,BAJA CALIFORNIA,TIJUANA,115.0,COSTA,BAJA CALIFORNIA,TIJUANA,BAJA CALIFORNIA,2,BAJA CALIFORNIA,4,TIJUANA,TIJUANA,"2,000 - 5,000"
2026-10-07,MDA,BCA,07PNM-115,21,2794.13,2774.55,19.59,0.0,07PNM-115,Panamericana,BAJA CALIFORNIA,TIJUANA,115.0,COSTA,BAJA CALIFORNIA,TIJUANA,BAJA CALIFORNIA,2,BAJA CALIFORNIA,4,TIJUANA,TIJUANA,"2,000 - 5,000"
2026-10-07,MDA,BCA,07PNM-115,22,2549.53,2532.25,17.28,0.0,07PNM-115,Panamericana,BAJA CALIFORNIA,TIJUANA,115.0,COSTA,BAJA CALIFORNIA,TIJUANA,BAJA CALIFORNIA,2,BAJA CALIFORNIA,4,TIJUANA,TIJUANA,"2,000 - 5,000"
2026-10-07,MDA,BCA,07PNM-115,23,1903.54,1891.38,12.17,0.0,07PNM-115,Panamericana,BAJA CALIFORNIA,TIJUANA,115.0,COSTA,BAJA CALIFORNIA,TIJUANA,BAJA CALIFORNIA,2,BAJA CALIFORNIA,4,TIJUANA,TIJUANA,"1,000 - 2,000"
2026-10-07,MDA,BCA,07PNM-115,24,1263.95,1255.72,8.23,0.0,07PNM-115,Panamericana,BAJA CALIFORNIA,TIJUANA,115.0,COSTA,BAJA CALIFORNIA,TIJUANA,BAJA CALIFORNIA,2,BAJA CALIFORNIA,4,TIJUANA,TIJUANA,"1,000 - 2,000"
2026-10-07,MDA,BCA,07PNU-115,1,1781.36,1767.84,13.52,0.0,07PNU-115,Puerto Nuevo,BAJA CALIFORNIA,TIJUANA,115.0,COSTA,BAJA CALIFORNIA,TIJUANA,BAJA CALIFORNIA,2,BAJA CALIFORNIA,5,PLAYAS DE ROSARITO,TIJUANA,"1,000 - 2,000"
2026-10-07,MDA,BCA,07PNU-115,2,1163.05,1154.64,8.41,0.0,07PNU-115,Puerto Nuevo,BAJA CALIFORNIA,TIJUANA,115.0,COSTA,BAJA CALIFORNIA,TIJUANA,BAJA CALIFORNIA,2,BAJA CALIFORNIA,5,PLAYAS DE ROSARITO,TIJUANA,"1,000 - 2,000"
2026-10-07,MDA,BCA,07PNU-115,3,764.72,758.91,5.82,0.0,07PNU-115,Puerto Nuevo,BAJA CALIFORNIA,TIJUANA,115.0,COSTA,BAJA CALIFORNIA,TIJUANA,BAJA CALIFORNIA,2,BAJA CALIFORNIA,5,PLAYAS DE ROSARITO,TIJUANA,"500 - 1,000"
2026-10-07,MDA,BCA,07PNU-115,4,673.16,668.11,5.05,0.0,07PNU-115,Puerto Nuevo,BAJA CALIFORNIA,TIJUANA,115.0,COSTA,BAJA CALIFORNIA,TIJUANA,BAJA CALIFORNIA,2,BAJA CALIFORNIA,5,PLAYAS DE ROSARITO,TIJUANA,"500 - 1,000"
2026-10-07,MDA,BCA,07PNU-115,5,674.65,669.64,5.01,0.0,07PNU-115,Puerto Nuevo,BAJA CALIFORNIA,TIJUANA,115.0,COSTA,BAJA CALIFORNIA,TIJUANA,BAJA CALIFORNIA,2,BAJA CALIFORNIA,5,PLAYAS DE ROSARITO,TIJUANA,"500 - 1,000"
2026-10-07,MDA,BCA,07PNU-115,6,655.78,650.89,4.88,0.0,07PNU-115,Puerto Nuevo,BAJA CALIFORNIA,TIJUANA,115.0,COSTA,BAJA CALIFORNIA,TIJUANA,BAJA CALIFORNIA,2,BAJA CALIFORNIA,5,PLAYAS DE ROSARITO,TIJUANA,"500 - 1,000"
2026-10-07,MDA,BCA,07PNU-115,7,749.86,744.05,5.81,0.0,07PNU-115,Puerto Nuevo,BAJA CALIFORNIA,TIJUANA,115.0,COSTA,BAJA CALIFORNIA,TIJUANA,BAJA CALIFORNIA,2,BAJA CALIFORNIA,5,PLAYAS DE ROSARITO,TIJUANA,"500 - 1,000"
2026-10-07,MDA,BCA,07PNU-115,8,770.28,764.19,6.09,0.0,07PNU-115,Puerto Nuevo,BAJA CALIFORNIA,TIJUANA,115.0,COSTA,BAJA CALIFORNIA,TIJUANA,BAJA CALIFORNIA,2,BAJA CALIFORNIA,5,PLAYAS DE ROSARITO,TIJUANA,"500 - 1,000"
2026-10-07,MDA,BCA,07PNU-115,9,1206.03,1195.72,10.31,0.0,07PNU-115,Puerto Nuevo,BAJA CALIFORNIA,TIJUANA,115.0,COSTA,BAJA CALIFORNIA,TIJUANA,BAJA CALIFORNIA,2,BAJA CALIFORNIA,5,PLAYAS DE ROSARITO,TIJUANA,"1,000 - 2,000"
2026-10-07,MDA,BCA,07PNU-115,10,1102.2,1093.14,9.06,0.0,07PNU-115,Puerto Nuevo,BAJA CALIFORNIA,TIJUANA,115.0,COSTA,BAJA CALIFORNIA,TIJUANA,BAJA CALIFORNIA,2,BAJA CALIFORNIA,5,PLAYAS DE ROSARITO,TIJUANA,"1,000 - 2,000"
2026-10-07,MDA,BCA,07PNU-115,11,1217.37,1207.07,10.29,0.0,07PNU-115,Puerto Nuevo,BAJA CALIFORNIA,TIJUANA,115.0,COSTA,BAJA CALIFORNIA,TIJUANA,BAJA CALIFORNIA,2,BAJA CALIFORNIA,5,PLAYAS DE ROSARITO,TIJUANA,"1,000 - 2,000"
2026-10-07,MDA,BCA,07PNU-115,12,7637.91,1232.59,10.75,6394.57,07PNU-115,Puerto Nuevo,BAJA CALIFORNIA,TIJUANA,115.0,COSTA,BAJA CALIFORNIA,TIJUANA,BAJA CALIFORNIA,2,BAJA CALIFORNIA,5,PLAYAS DE ROSARITO,TIJUANA,"5,000 - 10,000"
2026-10-07,MDA,BCA,07PNU-115,13,9281.74,1196.63,10.52,8074.6,07PNU-115,Puerto Nuevo,BAJA CALIFORNIA,TIJUANA,115.0,COSTA,BAJA CALIFORNIA,TIJUANA,BAJA CALIFORNIA,2,BAJA CALIFORNIA,5,PLAYAS DE ROSARITO,TIJUANA,"5,000 - 10,000"
2026-10-07,MDA,BCA,07PNU-115,14,9991.58,1235.33,10.9,8745.35,07PNU-115,Puerto Nuevo,BAJA CALIFORNIA,TIJUANA,115.0,COSTA,BAJA CALIFORNIA,TIJUANA,BAJA CALIFORNIA,2,BAJA CALIFORNIA,5,PLAYAS DE ROSARITO,TIJUANA,"5,000 - 10,000"
2026-10-07,MDA,BCA,07PNU-115,15,7606.96,1497.11,13.83,6096.02,07PNU-115,Puerto Nuevo,BAJA CALIFORNIA,TIJUANA,115.0,COSTA,BAJA CALIFORNIA,TIJUANA,BAJA CALIFORNIA,2,BAJA CALIFORNIA,5,PLAYAS DE ROSARITO,TIJUANA,"5,000 - 10,000"
2026-10-07,MDA,BCA,07PNU-115,16,9197.08,1493.21,13.38,7690.49,07PNU-115,Puerto Nuevo,BAJA CALIFORNIA,TIJUANA,115.0,COSTA,BAJA CALIFORNIA,TIJUANA,BAJA CALIFORNIA,2,BAJA CALIFORNIA,5,PLAYAS DE ROSARITO,TIJUANA,"5,000 - 10,000"
2026-10-07,MDA,BCA,07PNU-115,17,10712.31,1653.66,15.06,9043.6,07PNU-115,Puerto Nuevo,BAJA CALIFORNIA,TIJUANA,115.0,COSTA,BAJA CALIFORNIA,TIJUANA,BAJA CALIFORNIA,2,BAJA CALIFORNIA,5,PLAYAS DE ROSARITO,TIJUANA,"10,000 o más"
2026-10-07,MDA,BCA,07PNU-115,18,10839.65,3495.89,31.7,7312.07,07PNU-115,Puerto Nuevo,BAJA CALIFORNIA,TIJUANA,115.0,COSTA,BAJA CALIFORNIA,TIJUANA,BAJA CALIFORNIA,2,BAJA CALIFORNIA,5,PLAYAS DE ROSARITO,TIJUANA,"10,000 o más"
2026-10-07,MDA,BCA,07PNU-115,19,9791.28,3815.54,34.52,5941.22,07PNU-115,Puerto Nuevo,BAJA CALIFORNIA,TIJUANA,115.0,COSTA,BAJA CALIFORNIA,TIJUANA,BAJA CALIFORNIA,2,BAJA CALIFORNIA,5,PLAYAS DE ROSARITO,TIJUANA,"5,000 - 10,000"
2026-10-07,MDA,BCA,07PNU-115,20,10202.43,3549.1,33.29,6620.03,07PNU-115,Puerto Nuevo,BAJA CALIFORNIA,TIJUANA,115.0,COSTA,BAJA CALIFORNIA,TIJUANA,BAJA CALIFORNIA,2,BAJA CALIFORNIA,5,PLAYAS DE ROSARITO,TIJUANA,"10,000 o más"
2026-10-07,MDA,BCA,07PNU-115,21,9097.69,2774.55,26.06,6297.08,07PNU-115,Puerto Nuevo,BAJA CALIFORNIA,TIJUANA,115.0,COSTA,BAJA CALIFORNIA,TIJUANA,BAJA CALIFORNIA,2,BAJA CALIFORNIA,5,PLAYAS DE ROSARITO,TIJUANA,"5,000 - 10,000"
2026-10-07,MDA,BCA,07PNU-115,22,10539.77,2532.25,22.17,7985.35,07PNU-115,Puerto Nuevo,BAJA CALIFORNIA,TIJUANA,115.0,COSTA,BAJA CALIFORNIA,TIJUANA,BAJA CALIFORNIA,2,BAJA CALIFORNIA,5,PLAYAS DE ROSARITO,TIJUANA,"10,000 o más"
2026-10-07,MDA,BCA,07PNU-115,23,1906.85,1891.38,15.47,0.0,07PNU-115,Puerto Nuevo,BAJA CALIFORNIA,TIJUANA,115.0,COSTA,BAJA CALIFORNIA,TIJUANA,BAJA CALIFORNIA,2,BAJA CALIFORNIA,5,PLAYAS DE ROSARITO,TIJUANA,"1,000 - 2,000"
2026-10-07,MDA,BCA,07PNU-115,24,1266.07,1255.72,10.35,0.0,07PNU-115,Puerto Nuevo,BAJA CALIFORNIA,TIJUANA,115.0,COSTA,BAJA CALIFORNIA,TIJUANA,BAJA CALIFORNIA,2,BAJA CALIFORNIA,5,PLAYAS DE ROSARITO,TIJUANA,"1,000 - 2,000"
2026-10-07,MDA,BCA,07POP-115,1,1781.01,1767.84,13.18,0.0,07POP-115,Popotla,BAJA CALIFORNIA,TIJUANA,115.0,COSTA,BAJA CALIFORNIA,TIJUANA,BAJA CALIFORNIA,2,BAJA CALIFORNIA,5,PLAYAS DE ROSARITO,TIJUANA,"1,000 - 2,000"
2026-10-07,MDA,BCA,07POP-115,2,1162.82,1154.64,8.19,0.0,07POP-115,Popotla,BAJA CALIFORNIA,TIJUANA,115.0,COSTA,BAJA CALIFORNIA,TIJUANA,BAJA CALIFORNIA,2,BAJA CALIFORNIA,5,PLAYAS DE ROSARITO,TIJUANA,"1,000 - 2,000"
2026-10-07,MDA,BCA,07POP-115,3,764.37,758.91,5.46,0.0,07POP-115,Popotla,BAJA CALIFORNIA,TIJUANA,115.0,COSTA,BAJA CALIFORNIA,TIJUANA,BAJA CALIFORNIA,2,BAJA CALIFORNIA,5,PLAYAS DE ROSARITO,TIJUANA,"500 - 1,000"
2026-10-07,MDA,BCA,07POP-115,4,672.82,668.11,4.71,0.0,07POP-115,Popotla,BAJA CALIFORNIA,TIJUANA,115.0,COSTA,BAJA CALIFORNIA,TIJUANA,BAJA CALIFORNIA,2,BAJA CALIFORNIA,5,PLAYAS DE ROSARITO,TIJUANA,"500 - 1,000"
2026-10-07,MDA,BCA,07POP-115,5,674.29,669.64,4.65,0.0,07POP-115,Popotla,BAJA CALIFORNIA,TIJUANA,115.0,COSTA,BAJA CALIFORNIA,TIJUANA,BAJA CALIFORNIA,2,BAJA CALIFORNIA,5,PLAYAS DE ROSARITO,TIJUANA,"500 - 1,000"
2026-10-07,MDA,BCA,07POP-115,6,655.44,650.89,4.55,0.0,07POP-115,Popotla,BAJA CALIFORNIA,TIJUANA,115.0,COSTA,BAJA CALIFORNIA,TIJUANA,BAJA CALIFORNIA,2,BAJA CALIFORNIA,5,PLAYAS DE ROSARITO,TIJUANA,"500 - 1,000"
2026-10-07,MDA,BCA,07POP-115,7,749.46,744.05,5.4,0.0,07POP-115,Popotla,BAJA CALIFORNIA,TIJUANA,115.0,COSTA,BAJA CALIFORNIA,TIJUANA,BAJA CALIFORNIA,2,BAJA CALIFORNIA,5,PLAYAS DE ROSARITO,TIJUANA,"500 - 1,000"
2026-10-07,MDA,BCA,07POP-115,8,769.96,764.19,5.77,0.0,07POP-115,Popotla,BAJA CALIFORNIA,TIJUANA,115.0,COSTA,BAJA CALIFORNIA,TIJUANA,BAJA CALIFORNIA,2,BAJA CALIFORNIA,5,PLAYAS DE ROSARITO,TIJUANA,"500 - 1,000"
2026-10-07,MDA,BCA,07POP-115,9,1205.55,1195.72,9.83,0.0,07POP-115,Popotla,BAJA CALIFORNIA,TIJUANA,115.0,COSTA,BAJA CALIFORNIA,TIJUANA,BAJA CALIFORNIA,2,BAJA CALIFORNIA,5,PLAYAS DE ROSARITO,TIJUANA,"1,000 - 2,000"
2026-10-07,MDA,BCA,07POP-115,10,1102.13,1093.14,8.99,0.0,07POP-115,Popotla,BAJA CALIFORNIA,TIJUANA,115.0,COSTA,BAJA CALIFORNIA,TIJUANA,BAJA CALIFORNIA,2,BAJA CALIFORNIA,5,PLAYAS DE ROSARITO,TIJUANA,"1,000 - 2,000"
2026-10-07,MDA,BCA,07POP-115,11,1217.38,1207.07,10.31,0.0,07POP-115,Popotla,BAJA CALIFORNIA,TIJUANA,115.0,COSTA,BAJA CALIFORNIA,TIJUANA,BAJA CALIFORNIA,2,BAJA CALIFORNIA,5,PLAYAS DE ROSARITO,TIJUANA,"1,000 - 2,000"
2026-10-07,MDA,BCA,07POP-115,12,7637.92,1232.59,10.76,6394.57,07POP-115,Popotla,BAJA CALIFORNIA,TIJUANA,115.0,COSTA,BAJA CALIFORNIA,TIJUANA,BAJA CALIFORNIA,2,BAJA CALIFORNIA,5,PLAYAS DE ROSARITO,TIJUANA,"5,000 - 10,000"
2026-10-07,MDA,BCA,07POP-115,13,9281.76,1196.63,10.54,8074.6,07POP-115,Popotla,BAJA CALIFORNIA,TIJUANA,115.0,COSTA,BAJA CALIFORNIA,TIJUANA,BAJA CALIFORNIA,2,BAJA CALIFORNIA,5,PLAYAS DE ROSARITO,TIJUANA,"5,000 - 10,000"
2026-10-07,MDA,BCA,07POP-115,14,9991.67,1235.33,10.99,8745.35,07POP-115,Popotla,BAJA CALIFORNIA,TIJUANA,115.0,COSTA,BAJA CALIFORNIA,TIJUANA,BAJA CALIFORNIA,2,BAJA CALIFORNIA,5,PLAYAS DE ROSARITO,TIJUANA,"5,000 - 10,000"
2026-10-07,MDA,BCA,07POP-115,15,7606.53,1497.11,13.39,6096.02,07POP-115,Popotla,BAJA CALIFORNIA,TIJUANA,115.0,COSTA,BAJA CALIFORNIA,TIJUANA,BAJA CALIFORNIA,2,BAJA CALIFORNIA,5,PLAYAS DE ROSARITO,TIJUANA,"5,000 - 10,000"
2026-10-07,MDA,BCA,07POP-115,16,9196.79,1493.21,13.08,7690.49,07POP-115,Popotla,BAJA CALIFORNIA,TIJUANA,115.0,COSTA,BAJA CALIFORNIA,TIJUANA,BAJA CALIFORNIA,2,BAJA CALIFORNIA,5,PLAYAS DE ROSARITO,TIJUANA,"5,000 - 10,000"
2026-10-07,MDA,BCA,07POP-115,17,10711.82,1653.66,14.57,9043.6,07POP-115,Popotla,BAJA CALIFORNIA,TIJUANA,115.0,COSTA,BAJA CALIFORNIA,TIJUANA,BAJA CALIFORNIA,2,BAJA CALIFORNIA,5,PLAYAS DE ROSARITO,TIJUANA,"10,000 o más"
2026-10-07,MDA,BCA,07POP-115,18,10838.07,3495.89,30.12,7312.07,07POP-115,Popotla,BAJA CALIFORNIA,TIJUANA,115.0,COSTA,BAJA CALIFORNIA,TIJUANA,BAJA CALIFORNIA,2,BAJA CALIFORNIA,5,PLAYAS DE ROSARITO,TIJUANA,"10,000 o más"
2026-10-07,MDA,BCA,07POP-115,19,9789.37,3815.54,32.6,5941.22,07POP-115,Popotla,BAJA CALIFORNIA,TIJUANA,115.0,COSTA,BAJA CALIFORNIA,TIJUANA,BAJA CALIFORNIA,2,BAJA CALIFORNIA,5,PLAYAS DE ROSARITO,TIJUANA,"5,000 - 10,000"
2026-10-07,MDA,BCA,07POP-115,20,10200.73,3549.1,31.59,6620.03,07POP-115,Popotla,BAJA CALIFORNIA,TIJUANA,115.0,COSTA,BAJA CALIFORNIA,TIJUANA,BAJA CALIFORNIA,2,BAJA CALIFORNIA,5,PLAYAS DE ROSARITO,TIJUANA,"10,000 o más"
2026-10-07,MDA,BCA,07POP-115,21,9096.46,2774.55,24.84,6297.08,07POP-115,Popotla,BAJA CALIFORNIA,TIJUANA,115.0,COSTA,BAJA CALIFORNIA,TIJUANA,BAJA CALIFORNIA,2,BAJA CALIFORNIA,5,PLAYAS DE ROSARITO,TIJUANA,"5,000 - 10,000"
2026-10-07,MDA,BCA,07POP-115,22,10539.03,2532.25,21.42,7985.35,07POP-115,Popotla,BAJA CALIFORNIA,TIJUANA,115.0,COSTA,BAJA CALIFORNIA,TIJUANA,BAJA CALIFORNIA,2,BAJA CALIFORNIA,5,PLAYAS DE ROSARITO,TIJUANA,"10,000 o más"
2026-10-07,MDA,BCA,07POP-115,23,1906.4,1891.38,15.02,0.0,07POP-115,Popotla,BAJA CALIFORNIA,TIJUANA,115.0,COSTA,BAJA CALIFORNIA,TIJUANA,BAJA CALIFORNIA,2,BAJA CALIFORNIA,5,PLAYAS DE ROSARITO,TIJUANA,"1,000 - 2,000"
2026-10-07,MDA,BCA,07POP-115,24,1265.74,1255.72,10.03,0.0,07POP-115,Popotla,BAJA CALIFORNIA,TIJUANA,115.0,COSTA,BAJA CALIFORNIA,TIJUANA,BAJA CALIFORNIA,2,BAJA CALIFORNIA,5,PLAYAS DE ROSARITO,TIJUANA,"1,000 - 2,000"
2026-10-07,MDA,BCA,07RII-69,1,1802.6,1767.84,34.76,0.0,07RII-69,Rio,BAJA CALIFORNIA,TIJUANA,69.0,COSTA,BAJA CALIFORNIA,TIJUANA,BAJA CALIFORNIA,2,BAJA CALIFORNIA,4,TIJUANA,TIJUANA,"1,000 - 2,000"
2026-10-07,MDA,BCA,07RII-69,2,1176.46,1154.64,21.83,0.0,07RII-69,Rio,BAJA CALIFORNIA,TIJUANA,69.0,COSTA,BAJA CALIFORNIA,TIJUANA,BAJA CALIFORNIA,2,BAJA CALIFORNIA,4,TIJUANA,TIJUANA,"1,000 - 2,000"
2026-10-07,MDA,BCA,07RII-69,3,772.5,758.91,13.59,0.0,07RII-69,Rio,BAJA CALIFORNIA,TIJUANA,69.0,COSTA,BAJA CALIFORNIA,TIJUANA,BAJA CALIFORNIA,2,BAJA CALIFORNIA,4,TIJUANA,TIJUANA,"500 - 1,000"
2026-10-07,MDA,BCA,07RII-69,4,679.72,668.11,11.61,0.0,07RII-69,Rio,BAJA CALIFORNIA,TIJUANA,69.0,COSTA,BAJA CALIFORNIA,TIJUANA,BAJA CALIFORNIA,2,BAJA CALIFORNIA,4,TIJUANA,TIJUANA,"500 - 1,000"
2026-10-07,MDA,BCA,07RII-69,5,681.18,669.64,11.54,0.0,07RII-69,Rio,BAJA CALIFORNIA,TIJUANA,69.0,COSTA,BAJA CALIFORNIA,TIJUANA,BAJA CALIFORNIA,2,BAJA CALIFORNIA,4,TIJUANA,TIJUANA,"500 - 1,000"
2026-10-07,MDA,BCA,07RII-69,6,662.11,650.89,11.22,0.0,07RII-69,Rio,BAJA CALIFORNIA,TIJUANA,69.0,COSTA,BAJA CALIFORNIA,TIJUANA,BAJA CALIFORNIA,2,BAJA CALIFORNIA,4,TIJUANA,TIJUANA,"500 - 1,000"
2026-10-07,MDA,BCA,07RII-69,7,757.51,744.05,13.46,0.0,07RII-69,Rio,BAJA CALIFORNIA,TIJUANA,69.0,COSTA,BAJA CALIFORNIA,TIJUANA,BAJA CALIFORNIA,2,BAJA CALIFORNIA,4,TIJUANA,TIJUANA,"500 - 1,000"
2026-10-07,MDA,BCA,07RII-69,8,778.97,764.19,14.78,0.0,07RII-69,Rio,BAJA CALIFORNIA,TIJUANA,69.0,COSTA,BAJA CALIFORNIA,TIJUANA,BAJA CALIFORNIA,2,BAJA CALIFORNIA,4,TIJUANA,TIJUANA,"500 - 1,000"
2026-10-07,MDA,BCA,07RII-69,9,1220.33,1195.72,24.62,0.0,07RII-69,Rio,BAJA CALIFORNIA,TIJUANA,69.0,COSTA,BAJA CALIFORNIA,TIJUANA,BAJA CALIFORNIA,2,BAJA CALIFORNIA,4,TIJUANA,TIJUANA,"1,000 - 2,000"
2026-10-07,MDA,BCA,07RII-69,10,1117.31,1093.14,24.17,0.0,07RII-69,Rio,BAJA CALIFORNIA,TIJUANA,69.0,COSTA,BAJA CALIFORNIA,TIJUANA,BAJA CALIFORNIA,2,BAJA CALIFORNIA,4,TIJUANA,TIJUANA,"1,000 - 2,000"
2026-10-07,MDA,BCA,07RII-69,11,1235.06,1207.07,27.99,0.0,07RII-69,Rio,BAJA CALIFORNIA,TIJUANA,69.0,COSTA,BAJA CALIFORNIA,TIJUANA,BAJA CALIFORNIA,2,BAJA CALIFORNIA,4,TIJUANA,TIJUANA,"1,000 - 2,000"
2026-10-07,MDA,BCA,07RII-69,12,1261.88,1232.59,29.3,0.0,07RII-69,Rio,BAJA CALIFORNIA,TIJUANA,69.0,COSTA,BAJA CALIFORNIA,TIJUANA,BAJA CALIFORNIA,2,BAJA CALIFORNIA,4,TIJUANA,TIJUANA,"1,000 - 2,000"
2026-10-07,MDA,BCA,07RII-69,13,1225.46,1196.63,28.84,0.0,07RII-69,Rio,BAJA CALIFORNIA,TIJUANA,69.0,COSTA,BAJA CALIFORNIA,TIJUANA,BAJA CALIFORNIA,2,BAJA CALIFORNIA,4,TIJUANA,TIJUANA,"1,000 - 2,000"
2026-10-07,MDA,BCA,07RII-69,14,1265.47,1235.33,30.14,0.0,07RII-69,Rio,BAJA CALIFORNIA,TIJUANA,69.0,COSTA,BAJA CALIFORNIA,TIJUANA,BAJA CALIFORNIA,2,BAJA CALIFORNIA,4,TIJUANA,TIJUANA,"1,000 - 2,000"
2026-10-07,MDA,BCA,07RII-69,15,1533.73,1497.11,36.62,0.0,07RII-69,Rio,BAJA CALIFORNIA,TIJUANA,69.0,COSTA,BAJA CALIFORNIA,TIJUANA,BAJA CALIFORNIA,2,BAJA CALIFORNIA,4,TIJUANA,TIJUANA,"1,000 - 2,000"
2026-10-07,MDA,BCA,07RII-69,16,1529.78,1493.21,36.57,0.0,07RII-69,Rio,BAJA CALIFORNIA,TIJUANA,69.0,COSTA,BAJA CALIFORNIA,TIJUANA,BAJA CALIFORNIA,2,BAJA CALIFORNIA,4,TIJUANA,TIJUANA,"1,000 - 2,000"
2026-10-07,MDA,BCA,07RII-69,17,1694.14,1653.66,40.48,0.0,07RII-69,Rio,BAJA CALIFORNIA,TIJUANA,69.0,COSTA,BAJA CALIFORNIA,TIJUANA,BAJA CALIFORNIA,2,BAJA CALIFORNIA,4,TIJUANA,TIJUANA,"1,000 - 2,000"
2026-10-07,MDA,BCA,07RII-69,18,3579.95,3495.89,84.06,0.0,07RII-69,Rio,BAJA CALIFORNIA,TIJUANA,69.0,COSTA,BAJA CALIFORNIA,TIJUANA,BAJA CALIFORNIA,2,BAJA CALIFORNIA,4,TIJUANA,TIJUANA,"2,000 - 5,000"
2026-10-07,MDA,BCA,07RII-69,19,3905.34,3815.54,89.8,0.0,07RII-69,Rio,BAJA CALIFORNIA,TIJUANA,69.0,COSTA,BAJA CALIFORNIA,TIJUANA,BAJA CALIFORNIA,2,BAJA CALIFORNIA,4,TIJUANA,TIJUANA,"2,000 - 5,000"
2026-10-07,MDA,BCA,07RII-69,20,3632.02,3549.1,82.91,0.0,07RII-69,Rio,BAJA CALIFORNIA,TIJUANA,69.0,COSTA,BAJA CALIFORNIA,TIJUANA,BAJA CALIFORNIA,2,BAJA CALIFORNIA,4,TIJUANA,TIJUANA,"2,000 - 5,000"
2026-10-07,MDA,BCA,07RII-69,21,2837.93,2774.55,63.39,0.0,07RII-69,Rio,BAJA CALIFORNIA,TIJUANA,69.0,COSTA,BAJA CALIFORNIA,TIJUANA,BAJA CALIFORNIA,2,BAJA CALIFORNIA,4,TIJUANA,TIJUANA,"2,000 - 5,000"
2026-10-07,MDA,BCA,07RII-69,22,2588.55,2532.25,56.3,0.0,07RII-69,Rio,BAJA CALIFORNIA,TIJUANA,69.0,COSTA,BAJA CALIFORNIA,TIJUANA,BAJA CALIFORNIA,2,BAJA CALIFORNIA,4,TIJUANA,TIJUANA,"2,000 - 5,000"
2026-10-07,MDA,BCA,07RII-69,23,1931.86,1891.38,40.49,0.0,07RII-69,Rio,BAJA CALIFORNIA,TIJUANA,69.0,COSTA,BAJA CALIFORNIA,TIJUANA,BAJA CALIFORNIA,2,BAJA CALIFORNIA,4,TIJUANA,TIJUANA,"1,000 - 2,000"
2026-10-07,MDA,BCA,07RII-69,24,1281.08,1255.72,25.36,0.0,07RII-69,Rio,BAJA CALIFORNIA,TIJUANA,69.0,COSTA,BAJA CALIFORNIA,TIJUANA,BAJA CALIFORNIA,2,BAJA CALIFORNIA,4,TIJUANA,TIJUANA,"1,000 - 2,000"
2026-10-07,MDA,BCA,07RIN-161,1,1761.15,1767.84,-6.68,0.0,07RIN-161,Rio Nuevo,BAJA CALIFORNIA,MEXICALI,161.0,VALLE,BAJA CALIFORNIA,MEXICALI,BAJA CALIFORNIA,2,BAJA CALIFORNIA,2,MEXICALI,MEXICALI,"1,000 - 2,000"
2026-10-07,MDA,BCA,07RIN-161,2,1149.66,1154.64,-4.98,0.0,07RIN-161,Rio Nuevo,BAJA CALIFORNIA,MEXICALI,161.0,VALLE,BAJA CALIFORNIA,MEXICALI,BAJA CALIFORNIA,2,BAJA CALIFORNIA,2,MEXICALI,MEXICALI,"1,000 - 2,000"
2026-10-07,MDA,BCA,07RIN-161,3,754.33,758.91,-4.58,0.0,07RIN-161,Rio Nuevo,BAJA CALIFORNIA,MEXICALI,161.0,VALLE,BAJA CALIFORNIA,MEXICALI,BAJA CALIFORNIA,2,BAJA CALIFORNIA,2,MEXICALI,MEXICALI,"500 - 1,000"
2026-10-07,MDA,BCA,07RIN-161,4,664.58,668.11,-3.53,0.0,07RIN-161,Rio Nuevo,BAJA CALIFORNIA,MEXICALI,161.0,VALLE,BAJA CALIFORNIA,MEXICALI,BAJA CALIFORNIA,2,BAJA CALIFORNIA,2,MEXICALI,MEXICALI,"500 - 1,000"
2026-10-07,MDA,BCA,07RIN-161,5,666.65,669.64,-2.99,0.0,07RIN-161,Rio Nuevo,BAJA CALIFORNIA,MEXICALI,161.0,VALLE,BAJA CALIFORNIA,MEXICALI,BAJA CALIFORNIA,2,BAJA CALIFORNIA,2,MEXICALI,MEXICALI,"500 - 1,000"
2026-10-07,MDA,BCA,07RIN-161,6,647.69,650.89,-3.21,0.0,07RIN-161,Rio Nuevo,BAJA CALIFORNIA,MEXICALI,161.0,VALLE,BAJA CALIFORNIA,MEXICALI,BAJA CALIFORNIA,2,BAJA CALIFORNIA,2,MEXICALI,MEXICALI,"500 - 1,000"
2026-10-07,MDA,BCA,07RIN-161,7,737.88,744.05,-6.17,0.0,07RIN-161,Rio Nuevo,BAJA CALIFORNIA,MEXICALI,161.0,VALLE,BAJA CALIFORNIA,MEXICALI,BAJA CALIFORNIA,2,BAJA CALIFORNIA,2,MEXICALI,MEXICALI,"500 - 1,000"
2026-10-07,MDA,BCA,07RIN-161,8,755.75,764.19,-8.44,0.0,07RIN-161,Rio Nuevo,BAJA CALIFORNIA,MEXICALI,161.0,VALLE,BAJA CALIFORNIA,MEXICALI,BAJA CALIFORNIA,2,BAJA CALIFORNIA,2,MEXICALI,MEXICALI,"500 - 1,000"
2026-10-07,MDA,BCA,07RIN-161,9,1170.76,1195.72,-24.95,0.0,07RIN-161,Rio Nuevo,BAJA CALIFORNIA,MEXICALI,161.0,VALLE,BAJA CALIFORNIA,MEXICALI,BAJA CALIFORNIA,2,BAJA CALIFORNIA,2,MEXICALI,MEXICALI,"1,000 - 2,000"
2026-10-07,MDA,BCA,07RIN-161,10,1068.64,1093.14,-24.5,0.0,07RIN-161,Rio Nuevo,BAJA CALIFORNIA,MEXICALI,161.0,VALLE,BAJA CALIFORNIA,MEXICALI,BAJA CALIFORNIA,2,BAJA CALIFORNIA,2,MEXICALI,MEXICALI,"1,000 - 2,000"
2026-10-07,MDA,BCA,07RIN-161,11,1186.02,1207.07,-21.06,0.0,07RIN-161,Rio Nuevo,BAJA CALIFORNIA,MEXICALI,161.0,VALLE,BAJA CALIFORNIA,MEXICALI,BAJA CALIFORNIA,2,BAJA CALIFORNIA,2,MEXICALI,MEXICALI,"1,000 - 2,000"
2026-10-07,MDA,BCA,07RIN-161,12,1209.47,1232.59,-23.12,0.0,07RIN-161,Rio Nuevo,BAJA CALIFORNIA,MEXICALI,161.0,VALLE,BAJA CALIFORNIA,MEXICALI,BAJA CALIFORNIA,2,BAJA CALIFORNIA,2,MEXICALI,MEXICALI,"1,000 - 2,000"
2026-10-07,MDA,BCA,07RIN-161,13,1170.01,1196.63,-26.62,0.0,07RIN-161,Rio Nuevo,BAJA CALIFORNIA,MEXICALI,161.0,VALLE,BAJA CALIFORNIA,MEXICALI,BAJA CALIFORNIA,2,BAJA CALIFORNIA,2,MEXICALI,MEXICALI,"1,000 - 2,000"
2026-10-07,MDA,BCA,07RIN-161,14,1208.66,1235.33,-26.67,0.0,07RIN-161,Rio Nuevo,BAJA CALIFORNIA,MEXICALI,161.0,VALLE,BAJA CALIFORNIA,MEXICALI,BAJA CALIFORNIA,2,BAJA CALIFORNIA,2,MEXICALI,MEXICALI,"1,000 - 2,000"
2026-10-07,MDA,BCA,07RIN-161,15,1469.01,1497.11,-28.1,0.0,07RIN-161,Rio Nuevo,BAJA CALIFORNIA,MEXICALI,161.0,VALLE,BAJA CALIFORNIA,MEXICALI,BAJA CALIFORNIA,2,BAJA CALIFORNIA,2,MEXICALI,MEXICALI,"1,000 - 2,000"
2026-10-07,MDA,BCA,07RIN-161,16,1463.84,1493.21,-29.37,0.0,07RIN-161,Rio Nuevo,BAJA CALIFORNIA,MEXICALI,161.0,VALLE,BAJA CALIFORNIA,MEXICALI,BAJA CALIFORNIA,2,BAJA CALIFORNIA,2,MEXICALI,MEXICALI,"1,000 - 2,000"
2026-10-07,MDA,BCA,07RIN-161,17,1636.96,1653.66,-16.7,0.0,07RIN-161,Rio Nuevo,BAJA CALIFORNIA,MEXICALI,161.0,VALLE,BAJA CALIFORNIA,MEXICALI,BAJA CALIFORNIA,2,BAJA CALIFORNIA,2,MEXICALI,MEXICALI,"1,000 - 2,000"
2026-10-07,MDA,BCA,07RIN-161,18,3469.67,3495.89,-26.22,0.0,07RIN-161,Rio Nuevo,BAJA CALIFORNIA,MEXICALI,161.0,VALLE,BAJA CALIFORNIA,MEXICALI,BAJA CALIFORNIA,2,BAJA CALIFORNIA,2,MEXICALI,MEXICALI,"2,000 - 5,000"
2026-10-07,MDA,BCA,07RIN-161,19,3796.98,3815.54,-18.57,0.0,07RIN-161,Rio Nuevo,BAJA CALIFORNIA,MEXICALI,161.0,VALLE,BAJA CALIFORNIA,MEXICALI,BAJA CALIFORNIA,2,BAJA CALIFORNIA,2,MEXICALI,MEXICALI,"2,000 - 5,000"
2026-10-07,MDA,BCA,07RIN-161,20,3530.06,3549.1,-19.04,0.0,07RIN-161,Rio Nuevo,BAJA CALIFORNIA,MEXICALI,161.0,VALLE,BAJA CALIFORNIA,MEXICALI,BAJA CALIFORNIA,2,BAJA CALIFORNIA,2,MEXICALI,MEXICALI,"2,000 - 5,000"
2026-10-07,MDA,BCA,07RIN-161,21,2757.13,2774.55,-17.42,0.0,07RIN-161,Rio Nuevo,BAJA CALIFORNIA,MEXICALI,161.0,VALLE,BAJA CALIFORNIA,MEXICALI,BAJA CALIFORNIA,2,BAJA CALIFORNIA,2,MEXICALI,MEXICALI,"2,000 - 5,000"
2026-10-07,MDA,BCA,07RIN-161,22,2518.28,2532.25,-13.97,0.0,07RIN-161,Rio Nuevo,BAJA CALIFORNIA,MEXICALI,161.0,VALLE,BAJA CALIFORNIA,MEXICALI,BAJA CALIFORNIA,2,BAJA CALIFORNIA,2,MEXICALI,MEXICALI,"2,000 - 5,000"
2026-10-07,MDA,BCA,07RIN-161,23,1880.29,1891.38,-11.09,0.0,07RIN-161,Rio Nuevo,BAJA CALIFORNIA,MEXICALI,161.0,VALLE,BAJA CALIFORNIA,MEXICALI,BAJA CALIFORNIA,2,BAJA CALIFORNIA,2,MEXICALI,MEXICALI,"1,000 - 2,000"
2026-10-07,MDA,BCA,07RIN-161,24,1246.21,1255.72,-9.51,0.0,07RIN-161,Rio Nuevo,BAJA CALIFORNIA,MEXICALI,161.0,VALLE,BAJA CALIFORNIA,MEXICALI,BAJA CALIFORNIA,2,BAJA CALIFORNIA,2,MEXICALI,MEXICALI,"1,000 - 2,000"
2026-10-07,MDA,BCA,07ROA-230,1,1749.77,1767.84,-18.07,0.0,07ROA-230,Rosita,BAJA CALIFORNIA,MEXICALI,230.0,VALLE,BAJA CALIFORNIA,MEXICALI,BAJA CALIFORNIA,2,BAJA CALIFORNIA,2,MEXICALI,MEXICALI,"1,000 - 2,000"
2026-10-07,MDA,BCA,07ROA-230,2,1142.82,1154.64,-11.81,0.0,07ROA-230,Rosita,BAJA CALIFORNIA,MEXICALI,230.0,VALLE,BAJA CALIFORNIA,MEXICALI,BAJA CALIFORNIA,2,BAJA CALIFORNIA,2,MEXICALI,MEXICALI,"1,000 - 2,000"
2026-10-07,MDA,BCA,07ROA-230,3,749.99,758.91,-8.91,0.0,07ROA-230,Rosita,BAJA CALIFORNIA,MEXICALI,230.0,VALLE,BAJA CALIFORNIA,MEXICALI,BAJA CALIFORNIA,2,BAJA CALIFORNIA,2,MEXICALI,MEXICALI,"500 - 1,000"
2026-10-07,MDA,BCA,07ROA-230,4,661.02,668.11,-7.1,0.0,07ROA-230,Rosita,BAJA CALIFORNIA,MEXICALI,230.0,VALLE,BAJA CALIFORNIA,MEXICALI,BAJA CALIFORNIA,2,BAJA CALIFORNIA,2,MEXICALI,MEXICALI,"500 - 1,000"
2026-10-07,MDA,BCA,07ROA-230,5,663.02,669.64,-6.62,0.0,07ROA-230,Rosita,BAJA CALIFORNIA,MEXICALI,230.0,VALLE,BAJA CALIFORNIA,MEXICALI,BAJA CALIFORNIA,2,BAJA CALIFORNIA,2,MEXICALI,MEXICALI,"500 - 1,000"
2026-10-07,MDA,BCA,07ROA-230,6,644.21,650.89,-6.69,0.0,07ROA-230,Rosita,BAJA CALIFORNIA,MEXICALI,230.0,VALLE,BAJA CALIFORNIA,MEXICALI,BAJA CALIFORNIA,2,BAJA CALIFORNIA,2,MEXICALI,MEXICALI,"500 - 1,000"
2026-10-07,MDA,BCA,07ROA-230,7,733.92,744.05,-10.14,0.0,07ROA-230,Rosita,BAJA CALIFORNIA,MEXICALI,230.0,VALLE,BAJA CALIFORNIA,MEXICALI,BAJA CALIFORNIA,2,BAJA CALIFORNIA,2,MEXICALI,MEXICALI,"500 - 1,000"
2026-10-07,MDA,BCA,07ROA-230,8,751.99,764.19,-12.2,0.0,07ROA-230,Rosita,BAJA CALIFORNIA,MEXICALI,230.0,VALLE,BAJA CALIFORNIA,MEXICALI,BAJA CALIFORNIA,2,BAJA CALIFORNIA,2,MEXICALI,MEXICALI,"500 - 1,000"
2026-10-07,MDA,BCA,07ROA-230,9,1164.28,1195.72,-31.44,0.0,07ROA-230,Rosita,BAJA CALIFORNIA,MEXICALI,230.0,VALLE,BAJA CALIFORNIA,MEXICALI,BAJA CALIFORNIA,2,BAJA CALIFORNIA,2,MEXICALI,MEXICALI,"1,000 - 2,000"
2026-10-07,MDA,BCA,07ROA-230,10,1062.8,1093.14,-30.33,0.0,07ROA-230,Rosita,BAJA CALIFORNIA,MEXICALI,230.0,VALLE,BAJA CALIFORNIA,MEXICALI,BAJA CALIFORNIA,2,BAJA CALIFORNIA,2,MEXICALI,MEXICALI,"1,000 - 2,000"
2026-10-07,MDA,BCA,07ROA-230,11,1178.75,1207.07,-28.33,0.0,07ROA-230,Rosita,BAJA CALIFORNIA,MEXICALI,230.0,VALLE,BAJA CALIFORNIA,MEXICALI,BAJA CALIFORNIA,2,BAJA CALIFORNIA,2,MEXICALI,MEXICALI,"1,000 - 2,000"
2026-10-07,MDA,BCA,07ROA-230,12,1200.57,1232.59,-32.01,0.0,07ROA-230,Rosita,BAJA CALIFORNIA,MEXICALI,230.0,VALLE,BAJA CALIFORNIA,MEXICALI,BAJA CALIFORNIA,2,BAJA CALIFORNIA,2,MEXICALI,MEXICALI,"1,000 - 2,000"
2026-10-07,MDA,BCA,07ROA-230,13,1162.47,1196.63,-34.16,0.0,07ROA-230,Rosita,BAJA CALIFORNIA,MEXICALI,230.0,VALLE,BAJA CALIFORNIA,MEXICALI,BAJA CALIFORNIA,2,BAJA CALIFORNIA,2,MEXICALI,MEXICALI,"1,000 - 2,000"
2026-10-07,MDA,BCA,07ROA-230,14,1200.44,1235.33,-34.89,0.0,07ROA-230,Rosita,BAJA CALIFORNIA,MEXICALI,230.0,VALLE,BAJA CALIFORNIA,MEXICALI,BAJA CALIFORNIA,2,BAJA CALIFORNIA,2,MEXICALI,MEXICALI,"1,000 - 2,000"
2026-10-07,MDA,BCA,07ROA-230,15,1457.74,1497.11,-39.37,0.0,07ROA-230,Rosita,BAJA CALIFORNIA,MEXICALI,230.0,VALLE,BAJA CALIFORNIA,MEXICALI,BAJA CALIFORNIA,2,BAJA CALIFORNIA,2,MEXICALI,MEXICALI,"1,000 - 2,000"
2026-10-07,MDA,BCA,07ROA-230,16,1452.84,1493.21,-40.37,0.0,07ROA-230,Rosita,BAJA CALIFORNIA,MEXICALI,230.0,VALLE,BAJA CALIFORNIA,MEXICALI,BAJA CALIFORNIA,2,BAJA CALIFORNIA,2,MEXICALI,MEXICALI,"1,000 - 2,000"
2026-10-07,MDA,BCA,07ROA-230,17,1624.44,1653.66,-29.22,0.0,07ROA-230,Rosita,BAJA CALIFORNIA,MEXICALI,230.0,VALLE,BAJA CALIFORNIA,MEXICALI,BAJA CALIFORNIA,2,BAJA CALIFORNIA,2,MEXICALI,MEXICALI,"1,000 - 2,000"
2026-10-07,MDA,BCA,07ROA-230,18,3443.62,3495.89,-52.27,0.0,07ROA-230,Rosita,BAJA CALIFORNIA,MEXICALI,230.0,VALLE,BAJA CALIFORNIA,MEXICALI,BAJA CALIFORNIA,2,BAJA CALIFORNIA,2,MEXICALI,MEXICALI,"2,000 - 5,000"
2026-10-07,MDA,BCA,07ROA-230,19,3769.58,3815.54,-45.96,0.0,07ROA-230,Rosita,BAJA CALIFORNIA,MEXICALI,230.0,VALLE,BAJA CALIFORNIA,MEXICALI,BAJA CALIFORNIA,2,BAJA CALIFORNIA,2,MEXICALI,MEXICALI,"2,000 - 5,000"
2026-10-07,MDA,BCA,07ROA-230,20,3505.33,3549.1,-43.78,0.0,07ROA-230,Rosita,BAJA CALIFORNIA,MEXICALI,230.0,VALLE,BAJA CALIFORNIA,MEXICALI,BAJA CALIFORNIA,2,BAJA CALIFORNIA,2,MEXICALI,MEXICALI,"2,000 - 5,000"
2026-10-07,MDA,BCA,07ROA-230,21,2736.76,2774.55,-37.79,0.0,07ROA-230,Rosita,BAJA CALIFORNIA,MEXICALI,230.0,VALLE,BAJA CALIFORNIA,MEXICALI,BAJA CALIFORNIA,2,BAJA CALIFORNIA,2,MEXICALI,MEXICALI,"2,000 - 5,000"
2026-10-07,MDA,BCA,07ROA-230,22,2501.04,2532.25,-31.21,0.0,07ROA-230,Rosita,BAJA CALIFORNIA,MEXICALI,230.0,VALLE,BAJA CALIFORNIA,MEXICALI,BAJA CALIFORNIA,2,BAJA CALIFORNIA,2,MEXICALI,MEXICALI,"2,000 - 5,000"
2026-10-07,MDA,BCA,07ROA-230,23,1869.26,1891.38,-22.12,0.0,07ROA-230,Rosita,BAJA CALIFORNIA,MEXICALI,230.0,VALLE,BAJA CALIFORNIA,MEXICALI,BAJA CALIFORNIA,2,BAJA CALIFORNIA,2,MEXICALI,MEXICALI,"1,000 - 2,000"
2026-10-07,MDA,BCA,07ROA-230,24,1239.45,1255.72,-16.27,0.0,07ROA-230,Rosita,BAJA CALIFORNIA,MEXICALI,230.0,VALLE,BAJA CALIFORNIA,MEXICALI,BAJA CALIFORNIA,2,BAJA CALIFORNIA,2,MEXICALI,MEXICALI,"1,000 - 2,000"
2026-10-07,MDA,BCA,07RSI-69,1,1780.28,1767.84,12.44,0.0,07RSI-69,RSI Home Product,BAJA CALIFORNIA,TIJUANA,69.0,COSTA,BAJA CALIFORNIA,TIJUANA,BAJA CALIFORNIA,2,BAJA CALIFORNIA,4,TIJUANA,TIJUANA,"1,000 - 2,000"
2026-10-07,MDA,BCA,07RSI-69,2,1162.79,1154.64,8.16,0.0,07RSI-69,RSI Home Product,BAJA CALIFORNIA,TIJUANA,69.0,COSTA,BAJA CALIFORNIA,TIJUANA,BAJA CALIFORNIA,2,BAJA CALIFORNIA,4,TIJUANA,TIJUANA,"1,000 - 2,000"
2026-10-07,MDA,BCA,07RSI-69,3,763.83,758.91,4.92,0.0,07RSI-69,RSI Home Product,BAJA CALIFORNIA,TIJUANA,69.0,COSTA,BAJA CALIFORNIA,TIJUANA,BAJA CALIFORNIA,2,BAJA CALIFORNIA,4,TIJUANA,TIJUANA,"500 - 1,000"
2026-10-07,MDA,BCA,07RSI-69,4,672.45,668.11,4.34,0.0,07RSI-69,RSI Home Product,BAJA CALIFORNIA,TIJUANA,69.0,COSTA,BAJA CALIFORNIA,TIJUANA,BAJA CALIFORNIA,2,BAJA CALIFORNIA,4,TIJUANA,TIJUANA,"500 - 1,000"
2026-10-07,MDA,BCA,07RSI-69,5,674.02,669.64,4.38,0.0,07RSI-69,RSI Home Product,BAJA CALIFORNIA,TIJUANA,69.0,COSTA,BAJA CALIFORNIA,TIJUANA,BAJA CALIFORNIA,2,BAJA CALIFORNIA,4,TIJUANA,TIJUANA,"500 - 1,000"
2026-10-07,MDA,BCA,07RSI-69,6,655.09,650.89,4.2,0.0,07RSI-69,RSI Home Product,BAJA CALIFORNIA,TIJUANA,69.0,COSTA,BAJA CALIFORNIA,TIJUANA,BAJA CALIFORNIA,2,BAJA CALIFORNIA,4,TIJUANA,TIJUANA,"500 - 1,000"
2026-10-07,MDA,BCA,07RSI-69,7,748.7,744.05,4.65,0.0,07RSI-69,RSI Home Product,BAJA CALIFORNIA,TIJUANA,69.0,COSTA,BAJA CALIFORNIA,TIJUANA,BAJA CALIFORNIA,2,BAJA CALIFORNIA,4,TIJUANA,TIJUANA,"500 - 1,000"
2026-10-07,MDA,BCA,07RSI-69,8,769.05,764.19,4.86,0.0,07RSI-69,RSI Home Product,BAJA CALIFORNIA,TIJUANA,69.0,COSTA,BAJA CALIFORNIA,TIJUANA,BAJA CALIFORNIA,2,BAJA CALIFORNIA,4,TIJUANA,TIJUANA,"500 - 1,000"
2026-10-07,MDA,BCA,07RSI-69,9,1203.01,1195.72,7.3,0.0,07RSI-69,RSI Home Product,BAJA CALIFORNIA,TIJUANA,69.0,COSTA,BAJA CALIFORNIA,TIJUANA,BAJA CALIFORNIA,2,BAJA CALIFORNIA,4,TIJUANA,TIJUANA,"1,000 - 2,000"
2026-10-07,MDA,BCA,07RSI-69,10,1100.05,1093.14,6.91,0.0,07RSI-69,RSI Home Product,BAJA CALIFORNIA,TIJUANA,69.0,COSTA,BAJA CALIFORNIA,TIJUANA,BAJA CALIFORNIA,2,BAJA CALIFORNIA,4,TIJUANA,TIJUANA,"1,000 - 2,000"
2026-10-07,MDA,BCA,07RSI-69,11,1214.65,1207.07,7.58,0.0,07RSI-69,RSI Home Product,BAJA CALIFORNIA,TIJUANA,69.0,COSTA,BAJA CALIFORNIA,TIJUANA,BAJA CALIFORNIA,2,BAJA CALIFORNIA,4,TIJUANA,TIJUANA,"1,000 - 2,000"
2026-10-07,MDA,BCA,07RSI-69,12,1240.14,1232.59,7.55,0.0,07RSI-69,RSI Home Product,BAJA CALIFORNIA,TIJUANA,69.0,COSTA,BAJA CALIFORNIA,TIJUANA,BAJA CALIFORNIA,2,BAJA CALIFORNIA,4,TIJUANA,TIJUANA,"1,000 - 2,000"
2026-10-07,MDA,BCA,07RSI-69,13,1203.88,1196.63,7.25,0.0,07RSI-69,RSI Home Product,BAJA CALIFORNIA,TIJUANA,69.0,COSTA,BAJA CALIFORNIA,TIJUANA,BAJA CALIFORNIA,2,BAJA CALIFORNIA,4,TIJUANA,TIJUANA,"1,000 - 2,000"
2026-10-07,MDA,BCA,07RSI-69,14,1242.89,1235.33,7.56,0.0,07RSI-69,RSI Home Product,BAJA CALIFORNIA,TIJUANA,69.0,COSTA,BAJA CALIFORNIA,TIJUANA,BAJA CALIFORNIA,2,BAJA CALIFORNIA,4,TIJUANA,TIJUANA,"1,000 - 2,000"
2026-10-07,MDA,BCA,07RSI-69,15,1505.76,1497.11,8.65,0.0,07RSI-69,RSI Home Product,BAJA CALIFORNIA,TIJUANA,69.0,COSTA,BAJA CALIFORNIA,TIJUANA,BAJA CALIFORNIA,2,BAJA CALIFORNIA,4,TIJUANA,TIJUANA,"1,000 - 2,000"
2026-10-07,MDA,BCA,07RSI-69,16,1502.36,1493.21,9.15,0.0,07RSI-69,RSI Home Product,BAJA CALIFORNIA,TIJUANA,69.0,COSTA,BAJA CALIFORNIA,TIJUANA,BAJA CALIFORNIA,2,BAJA CALIFORNIA,4,TIJUANA,TIJUANA,"1,000 - 2,000"
2026-10-07,MDA,BCA,07RSI-69,17,1663.72,1653.66,10.06,0.0,07RSI-69,RSI Home Product,BAJA CALIFORNIA,TIJUANA,69.0,COSTA,BAJA CALIFORNIA,TIJUANA,BAJA CALIFORNIA,2,BAJA CALIFORNIA,4,TIJUANA,TIJUANA,"1,000 - 2,000"
2026-10-07,MDA,BCA,07RSI-69,18,3517.57,3495.89,21.68,0.0,07RSI-69,RSI Home Product,BAJA CALIFORNIA,TIJUANA,69.0,COSTA,BAJA CALIFORNIA,TIJUANA,BAJA CALIFORNIA,2,BAJA CALIFORNIA,4,TIJUANA,TIJUANA,"2,000 - 5,000"
2026-10-07,MDA,BCA,07RSI-69,19,3839.95,3815.54,24.41,0.0,07RSI-69,RSI Home Product,BAJA CALIFORNIA,TIJUANA,69.0,COSTA,BAJA CALIFORNIA,TIJUANA,BAJA CALIFORNIA,2,BAJA CALIFORNIA,4,TIJUANA,TIJUANA,"2,000 - 5,000"
2026-10-07,MDA,BCA,07RSI-69,20,3571.77,3549.1,22.67,0.0,07RSI-69,RSI Home Product,BAJA CALIFORNIA,TIJUANA,69.0,COSTA,BAJA CALIFORNIA,TIJUANA,BAJA CALIFORNIA,2,BAJA CALIFORNIA,4,TIJUANA,TIJUANA,"2,000 - 5,000"
2026-10-07,MDA,BCA,07RSI-69,21,2792.12,2774.55,17.57,0.0,07RSI-69,RSI Home Product,BAJA CALIFORNIA,TIJUANA,69.0,COSTA,BAJA CALIFORNIA,TIJUANA,BAJA CALIFORNIA,2,BAJA CALIFORNIA,4,TIJUANA,TIJUANA,"2,000 - 5,000"
2026-10-07,MDA,BCA,07RSI-69,22,2549.04,2532.25,16.79,0.0,07RSI-69,RSI Home Product,BAJA CALIFORNIA,TIJUANA,69.0,COSTA,BAJA CALIFORNIA,TIJUANA,BAJA CALIFORNIA,2,BAJA CALIFORNIA,4,TIJUANA,TIJUANA,"2,000 - 5,000"
2026-10-07,MDA,BCA,07RSI-69,23,1904.7,1891.38,13.32,0.0,07RSI-69,RSI Home Product,BAJA CALIFORNIA,TIJUANA,69.0,COSTA,BAJA CALIFORNIA,TIJUANA,BAJA CALIFORNIA,2,BAJA CALIFORNIA,4,TIJUANA,TIJUANA,"1,000 - 2,000"
2026-10-07,MDA,BCA,07RSI-69,24,1264.47,1255.72,8.76,0.0,07RSI-69,RSI Home Product,BAJA CALIFORNIA,TIJUANA,69.0,COSTA,BAJA CALIFORNIA,TIJUANA,BAJA CALIFORNIA,2,BAJA CALIFORNIA,4,TIJUANA,TIJUANA,"1,000 - 2,000"
2026-10-07,MDA,BCA,07RUB-69,1,1773.26,1767.84,5.42,0.0,07RUB-69,Rubi,BAJA CALIFORNIA,TIJUANA,69.0,COSTA,BAJA CALIFORNIA,TIJUANA,BAJA CALIFORNIA,2,BAJA CALIFORNIA,4,TIJUANA,TIJUANA,"1,000 - 2,000"
2026-10-07,MDA,BCA,07RUB-69,2,1158.02,1154.64,3.38,0.0,07RUB-69,Rubi,BAJA CALIFORNIA,TIJUANA,69.0,COSTA,BAJA CALIFORNIA,TIJUANA,BAJA CALIFORNIA,2,BAJA CALIFORNIA,4,TIJUANA,TIJUANA,"1,000 - 2,000"
2026-10-07,MDA,BCA,07RUB-69,3,760.99,758.91,2.08,0.0,07RUB-69,Rubi,BAJA CALIFORNIA,TIJUANA,69.0,COSTA,BAJA CALIFORNIA,TIJUANA,BAJA CALIFORNIA,2,BAJA CALIFORNIA,4,TIJUANA,TIJUANA,"500 - 1,000"
2026-10-07,MDA,BCA,07RUB-69,4,669.86,668.11,1.75,0.0,07RUB-69,Rubi,BAJA CALIFORNIA,TIJUANA,69.0,COSTA,BAJA CALIFORNIA,TIJUANA,BAJA CALIFORNIA,2,BAJA CALIFORNIA,4,TIJUANA,TIJUANA,"500 - 1,000"
2026-10-07,MDA,BCA,07RUB-69,5,671.39,669.64,1.75,0.0,07RUB-69,Rubi,BAJA CALIFORNIA,TIJUANA,69.0,COSTA,BAJA CALIFORNIA,TIJUANA,BAJA CALIFORNIA,2,BAJA CALIFORNIA,4,TIJUANA,TIJUANA,"500 - 1,000"
2026-10-07,MDA,BCA,07RUB-69,6,652.58,650.89,1.69,0.0,07RUB-69,Rubi,BAJA CALIFORNIA,TIJUANA,69.0,COSTA,BAJA CALIFORNIA,TIJUANA,BAJA CALIFORNIA,2,BAJA CALIFORNIA,4,TIJUANA,TIJUANA,"500 - 1,000"
2026-10-07,MDA,BCA,07RUB-69,7,746.08,744.05,2.03,0.0,07RUB-69,Rubi,BAJA CALIFORNIA,TIJUANA,69.0,COSTA,BAJA CALIFORNIA,TIJUANA,BAJA CALIFORNIA,2,BAJA CALIFORNIA,4,TIJUANA,TIJUANA,"500 - 1,000"
2026-10-07,MDA,BCA,07RUB-69,8,766.38,764.19,2.19,0.0,07RUB-69,Rubi,BAJA CALIFORNIA,TIJUANA,69.0,COSTA,BAJA CALIFORNIA,TIJUANA,BAJA CALIFORNIA,2,BAJA CALIFORNIA,4,TIJUANA,TIJUANA,"500 - 1,000"
2026-10-07,MDA,BCA,07RUB-69,9,1199.33,1195.72,3.62,0.0,07RUB-69,Rubi,BAJA CALIFORNIA,TIJUANA,69.0,COSTA,BAJA CALIFORNIA,TIJUANA,BAJA CALIFORNIA,2,BAJA CALIFORNIA,4,TIJUANA,TIJUANA,"1,000 - 2,000"
2026-10-07,MDA,BCA,07RUB-69,10,1096.68,1093.14,3.54,0.0,07RUB-69,Rubi,BAJA CALIFORNIA,TIJUANA,69.0,COSTA,BAJA CALIFORNIA,TIJUANA,BAJA CALIFORNIA,2,BAJA CALIFORNIA,4,TIJUANA,TIJUANA,"1,000 - 2,000"
2026-10-07,MDA,BCA,07RUB-69,11,1211.17,1207.07,4.1,0.0,07RUB-69,Rubi,BAJA CALIFORNIA,TIJUANA,69.0,COSTA,BAJA CALIFORNIA,TIJUANA,BAJA CALIFORNIA,2,BAJA CALIFORNIA,4,TIJUANA,TIJUANA,"1,000 - 2,000"
2026-10-07,MDA,BCA,07RUB-69,12,1236.84,1232.59,4.25,0.0,07RUB-69,Rubi,BAJA CALIFORNIA,TIJUANA,69.0,COSTA,BAJA CALIFORNIA,TIJUANA,BAJA CALIFORNIA,2,BAJA CALIFORNIA,4,TIJUANA,TIJUANA,"1,000 - 2,000"
2026-10-07,MDA,BCA,07RUB-69,13,1200.82,1196.63,4.19,0.0,07RUB-69,Rubi,BAJA CALIFORNIA,TIJUANA,69.0,COSTA,BAJA CALIFORNIA,TIJUANA,BAJA CALIFORNIA,2,BAJA CALIFORNIA,4,TIJUANA,TIJUANA,"1,000 - 2,000"
2026-10-07,MDA,BCA,07RUB-69,14,1239.67,1235.33,4.35,0.0,07RUB-69,Rubi,BAJA CALIFORNIA,TIJUANA,69.0,COSTA,BAJA CALIFORNIA,TIJUANA,BAJA CALIFORNIA,2,BAJA CALIFORNIA,4,TIJUANA,TIJUANA,"1,000 - 2,000"
2026-10-07,MDA,BCA,07RUB-69,15,1502.4,1497.11,5.29,0.0,07RUB-69,Rubi,BAJA CALIFORNIA,TIJUANA,69.0,COSTA,BAJA CALIFORNIA,TIJUANA,BAJA CALIFORNIA,2,BAJA CALIFORNIA,4,TIJUANA,TIJUANA,"1,000 - 2,000"
2026-10-07,MDA,BCA,07RUB-69,16,1498.57,1493.21,5.36,0.0,07RUB-69,Rubi,BAJA CALIFORNIA,TIJUANA,69.0,COSTA,BAJA CALIFORNIA,TIJUANA,BAJA CALIFORNIA,2,BAJA CALIFORNIA,4,TIJUANA,TIJUANA,"1,000 - 2,000"
2026-10-07,MDA,BCA,07RUB-69,17,1659.6,1653.66,5.94,0.0,07RUB-69,Rubi,BAJA CALIFORNIA,TIJUANA,69.0,COSTA,BAJA CALIFORNIA,TIJUANA,BAJA CALIFORNIA,2,BAJA CALIFORNIA,4,TIJUANA,TIJUANA,"1,000 - 2,000"
2026-10-07,MDA,BCA,07RUB-69,18,3508.36,3495.89,12.47,0.0,07RUB-69,Rubi,BAJA CALIFORNIA,TIJUANA,69.0,COSTA,BAJA CALIFORNIA,TIJUANA,BAJA CALIFORNIA,2,BAJA CALIFORNIA,4,TIJUANA,TIJUANA,"2,000 - 5,000"
2026-10-07,MDA,BCA,07RUB-69,19,3829.14,3815.54,13.6,0.0,07RUB-69,Rubi,BAJA CALIFORNIA,TIJUANA,69.0,COSTA,BAJA CALIFORNIA,TIJUANA,BAJA CALIFORNIA,2,BAJA CALIFORNIA,4,TIJUANA,TIJUANA,"2,000 - 5,000"
2026-10-07,MDA,BCA,07RUB-69,20,3562.0,3549.1,12.9,0.0,07RUB-69,Rubi,BAJA CALIFORNIA,TIJUANA,69.0,COSTA,BAJA CALIFORNIA,TIJUANA,BAJA CALIFORNIA,2,BAJA CALIFORNIA,4,TIJUANA,TIJUANA,"2,000 - 5,000"
2026-10-07,MDA,BCA,07RUB-69,21,2784.57,2774.55,10.02,0.0,07RUB-69,Rubi,BAJA CALIFORNIA,TIJUANA,69.0,COSTA,BAJA CALIFORNIA,TIJUANA,BAJA CALIFORNIA,2,BAJA CALIFORNIA,4,TIJUANA,TIJUANA,"2,000 - 5,000"
2026-10-07,MDA,BCA,07RUB-69,22,2541.25,2532.25,8.99,0.0,07RUB-69,Rubi,BAJA CALIFORNIA,TIJUANA,69.0,COSTA,BAJA CALIFORNIA,TIJUANA,BAJA CALIFORNIA,2,BAJA CALIFORNIA,4,TIJUANA,TIJUANA,"2,000 - 5,000"
2026-10-07,MDA,BCA,07RUB-69,23,1897.8,1891.38,6.42,0.0,07RUB-69,Rubi,BAJA CALIFORNIA,TIJUANA,69.0,COSTA,BAJA CALIFORNIA,TIJUANA,BAJA CALIFORNIA,2,BAJA CALIFORNIA,4,TIJUANA,TIJUANA,"1,000 - 2,000"
2026-10-07,MDA,BCA,07RUB-69,24,1259.67,1255.72,3.95,0.0,07RUB-69,Rubi,BAJA CALIFORNIA,TIJUANA,69.0,COSTA,BAJA CALIFORNIA,TIJUANA,BAJA CALIFORNIA,2,BAJA CALIFORNIA,4,TIJUANA,TIJUANA,"1,000 - 2,000"
2026-10-07,MDA,BCA,07RUM-69,1,1766.37,1767.84,-1.47,0.0,07RUM-69,Rumorosa,BAJA CALIFORNIA,MEXICALI,69.0,VALLE,BAJA CALIFORNIA,MEXICALI,BAJA CALIFORNIA,2,BAJA CALIFORNIA,3,TECATE,MEXICALI,"1,000 - 2,000"
2026-10-07,MDA,BCA,07RUM-69,2,1153.53,1154.64,-1.1,0.0,07RUM-69,Rumorosa,BAJA CALIFORNIA,MEXICALI,69.0,VALLE,BAJA CALIFORNIA,MEXICALI,BAJA CALIFORNIA,2,BAJA CALIFORNIA,3,TECATE,MEXICALI,"1,000 - 2,000"
2026-10-07,MDA,BCA,07RUM-69,3,757.17,758.91,-1.74,0.0,07RUM-69,Rumorosa,BAJA CALIFORNIA,MEXICALI,69.0,VALLE,BAJA CALIFORNIA,MEXICALI,BAJA CALIFORNIA,2,BAJA CALIFORNIA,3,TECATE,MEXICALI,"500 - 1,000"
2026-10-07,MDA,BCA,07RUM-69,4,667.15,668.11,-0.96,0.0,07RUM-69,Rumorosa,BAJA CALIFORNIA,MEXICALI,69.0,VALLE,BAJA CALIFORNIA,MEXICALI,BAJA CALIFORNIA,2,BAJA CALIFORNIA,3,TECATE,MEXICALI,"500 - 1,000"
2026-10-07,MDA,BCA,07RUM-69,5,669.15,669.64,-0.49,0.0,07RUM-69,Rumorosa,BAJA CALIFORNIA,MEXICALI,69.0,VALLE,BAJA CALIFORNIA,MEXICALI,BAJA CALIFORNIA,2,BAJA CALIFORNIA,3,TECATE,MEXICALI,"500 - 1,000"
2026-10-07,MDA,BCA,07RUM-69,6,650.2,650.89,-0.7,0.0,07RUM-69,Rumorosa,BAJA CALIFORNIA,MEXICALI,69.0,VALLE,BAJA CALIFORNIA,MEXICALI,BAJA CALIFORNIA,2,BAJA CALIFORNIA,3,TECATE,MEXICALI,"500 - 1,000"
2026-10-07,MDA,BCA,07RUM-69,7,741.3,744.05,-2.76,0.0,07RUM-69,Rumorosa,BAJA CALIFORNIA,MEXICALI,69.0,VALLE,BAJA CALIFORNIA,MEXICALI,BAJA CALIFORNIA,2,BAJA CALIFORNIA,3,TECATE,MEXICALI,"500 - 1,000"
2026-10-07,MDA,BCA,07RUM-69,8,759.16,764.19,-5.03,0.0,07RUM-69,Rumorosa,BAJA CALIFORNIA,MEXICALI,69.0,VALLE,BAJA CALIFORNIA,MEXICALI,BAJA CALIFORNIA,2,BAJA CALIFORNIA,3,TECATE,MEXICALI,"500 - 1,000"
2026-10-07,MDA,BCA,07RUM-69,9,1208.77,1195.72,13.05,0.0,07RUM-69,Rumorosa,BAJA CALIFORNIA,MEXICALI,69.0,VALLE,BAJA CALIFORNIA,MEXICALI,BAJA CALIFORNIA,2,BAJA CALIFORNIA,3,TECATE,MEXICALI,"1,000 - 2,000"
2026-10-07,MDA,BCA,07RUM-69,10,1104.5,1093.14,11.36,0.0,07RUM-69,Rumorosa,BAJA CALIFORNIA,MEXICALI,69.0,VALLE,BAJA CALIFORNIA,MEXICALI,BAJA CALIFORNIA,2,BAJA CALIFORNIA,3,TECATE,MEXICALI,"1,000 - 2,000"
2026-10-07,MDA,BCA,07RUM-69,11,1220.06,1207.07,12.98,0.0,07RUM-69,Rumorosa,BAJA CALIFORNIA,MEXICALI,69.0,VALLE,BAJA CALIFORNIA,MEXICALI,BAJA CALIFORNIA,2,BAJA CALIFORNIA,3,TECATE,MEXICALI,"1,000 - 2,000"
2026-10-07,MDA,BCA,07RUM-69,12,1245.93,1232.59,13.34,0.0,07RUM-69,Rumorosa,BAJA CALIFORNIA,MEXICALI,69.0,VALLE,BAJA CALIFORNIA,MEXICALI,BAJA CALIFORNIA,2,BAJA CALIFORNIA,3,TECATE,MEXICALI,"1,000 - 2,000"
2026-10-07,MDA,BCA,07RUM-69,13,1209.01,1196.63,12.38,0.0,07RUM-69,Rumorosa,BAJA CALIFORNIA,MEXICALI,69.0,VALLE,BAJA CALIFORNIA,MEXICALI,BAJA CALIFORNIA,2,BAJA CALIFORNIA,3,TECATE,MEXICALI,"1,000 - 2,000"
2026-10-07,MDA,BCA,07RUM-69,14,1248.62,1235.33,13.29,0.0,07RUM-69,Rumorosa,BAJA CALIFORNIA,MEXICALI,69.0,VALLE,BAJA CALIFORNIA,MEXICALI,BAJA CALIFORNIA,2,BAJA CALIFORNIA,3,TECATE,MEXICALI,"1,000 - 2,000"
2026-10-07,MDA,BCA,07RUM-69,15,1513.04,1497.11,15.93,0.0,07RUM-69,Rumorosa,BAJA CALIFORNIA,MEXICALI,69.0,VALLE,BAJA CALIFORNIA,MEXICALI,BAJA CALIFORNIA,2,BAJA CALIFORNIA,3,TECATE,MEXICALI,"1,000 - 2,000"
2026-10-07,MDA,BCA,07RUM-69,16,1510.41,1493.21,17.2,0.0,07RUM-69,Rumorosa,BAJA CALIFORNIA,MEXICALI,69.0,VALLE,BAJA CALIFORNIA,MEXICALI,BAJA CALIFORNIA,2,BAJA CALIFORNIA,3,TECATE,MEXICALI,"1,000 - 2,000"
2026-10-07,MDA,BCA,07RUM-69,17,1638.5,1653.66,-15.16,0.0,07RUM-69,Rumorosa,BAJA CALIFORNIA,MEXICALI,69.0,VALLE,BAJA CALIFORNIA,MEXICALI,BAJA CALIFORNIA,2,BAJA CALIFORNIA,3,TECATE,MEXICALI,"1,000 - 2,000"
2026-10-07,MDA,BCA,07RUM-69,18,3478.37,3495.89,-17.52,0.0,07RUM-69,Rumorosa,BAJA CALIFORNIA,MEXICALI,69.0,VALLE,BAJA CALIFORNIA,MEXICALI,BAJA CALIFORNIA,2,BAJA CALIFORNIA,3,TECATE,MEXICALI,"2,000 - 5,000"
2026-10-07,MDA,BCA,07RUM-69,19,3808.49,3815.54,-7.06,0.0,07RUM-69,Rumorosa,BAJA CALIFORNIA,MEXICALI,69.0,VALLE,BAJA CALIFORNIA,MEXICALI,BAJA CALIFORNIA,2,BAJA CALIFORNIA,3,TECATE,MEXICALI,"2,000 - 5,000"
2026-10-07,MDA,BCA,07RUM-69,20,3541.68,3549.1,-7.42,0.0,07RUM-69,Rumorosa,BAJA CALIFORNIA,MEXICALI,69.0,VALLE,BAJA CALIFORNIA,MEXICALI,BAJA CALIFORNIA,2,BAJA CALIFORNIA,3,TECATE,MEXICALI,"2,000 - 5,000"
2026-10-07,MDA,BCA,07RUM-69,21,2765.87,2774.55,-8.68,0.0,07RUM-69,Rumorosa,BAJA CALIFORNIA,MEXICALI,69.0,VALLE,BAJA CALIFORNIA,MEXICALI,BAJA CALIFORNIA,2,BAJA CALIFORNIA,3,TECATE,MEXICALI,"2,000 - 5,000"
2026-10-07,MDA,BCA,07RUM-69,22,2527.15,2532.25,-5.11,0.0,07RUM-69,Rumorosa,BAJA CALIFORNIA,MEXICALI,69.0,VALLE,BAJA CALIFORNIA,MEXICALI,BAJA CALIFORNIA,2,BAJA CALIFORNIA,3,TECATE,MEXICALI,"2,000 - 5,000"
2026-10-07,MDA,BCA,07RUM-69,23,1888.68,1891.38,-2.69,0.0,07RUM-69,Rumorosa,BAJA CALIFORNIA,MEXICALI,69.0,VALLE,BAJA CALIFORNIA,MEXICALI,BAJA CALIFORNIA,2,BAJA CALIFORNIA,3,TECATE,MEXICALI,"1,000 - 2,000"
2026-10-07,MDA,BCA,07RUM-69,24,1252.57,1255.72,-3.14,0.0,07RUM-69,Rumorosa,BAJA CALIFORNIA,MEXICALI,69.0,VALLE,BAJA CALIFORNIA,MEXICALI,BAJA CALIFORNIA,2,BAJA CALIFORNIA,3,TECATE,MEXICALI,"1,000 - 2,000"
2026-10-07,MDA,BCA,07RZC-161,1,1783.41,1767.84,15.58,0.0,07RZC-161,Ruiz Cortinez,BAJA CALIFORNIA,SANLUIS,161.0,VALLE,BAJA CALIFORNIA,SAN LUIS,BAJA CALIFORNIA,2,BAJA CALIFORNIA,2,MEXICALI,SAN LUIS RIO COLORADO,"1,000 - 2,000"
2026-10-07,MDA,BCA,07RZC-161,2,1163.18,1154.64,8.54,0.0,07RZC-161,Ruiz Cortinez,BAJA CALIFORNIA,SANLUIS,161.0,VALLE,BAJA CALIFORNIA,SAN LUIS,BAJA CALIFORNIA,2,BAJA CALIFORNIA,2,MEXICALI,SAN LUIS RIO COLORADO,"1,000 - 2,000"
2026-10-07,MDA,BCA,07RZC-161,3,762.74,758.91,3.83,0.0,07RZC-161,Ruiz Cortinez,BAJA CALIFORNIA,SANLUIS,161.0,VALLE,BAJA CALIFORNIA,SAN LUIS,BAJA CALIFORNIA,2,BAJA CALIFORNIA,2,MEXICALI,SAN LUIS RIO COLORADO,"500 - 1,000"
2026-10-07,MDA,BCA,07RZC-161,4,671.53,668.11,3.42,0.0,07RZC-161,Ruiz Cortinez,BAJA CALIFORNIA,SANLUIS,161.0,VALLE,BAJA CALIFORNIA,SAN LUIS,BAJA CALIFORNIA,2,BAJA CALIFORNIA,2,MEXICALI,SAN LUIS RIO COLORADO,"500 - 1,000"
2026-10-07,MDA,BCA,07RZC-161,5,673.55,669.64,3.91,0.0,07RZC-161,Ruiz Cortinez,BAJA CALIFORNIA,SANLUIS,161.0,VALLE,BAJA CALIFORNIA,SAN LUIS,BAJA CALIFORNIA,2,BAJA CALIFORNIA,2,MEXICALI,SAN LUIS RIO COLORADO,"500 - 1,000"
2026-10-07,MDA,BCA,07RZC-161,6,654.28,650.89,3.38,0.0,07RZC-161,Ruiz Cortinez,BAJA CALIFORNIA,SANLUIS,161.0,VALLE,BAJA CALIFORNIA,SAN LUIS,BAJA CALIFORNIA,2,BAJA CALIFORNIA,2,MEXICALI,SAN LUIS RIO COLORADO,"500 - 1,000"
2026-10-07,MDA,BCA,07RZC-161,7,745.17,744.05,1.11,0.0,07RZC-161,Ruiz Cortinez,BAJA CALIFORNIA,SANLUIS,161.0,VALLE,BAJA CALIFORNIA,SAN LUIS,BAJA CALIFORNIA,2,BAJA CALIFORNIA,2,MEXICALI,SAN LUIS RIO COLORADO,"500 - 1,000"
2026-10-07,MDA,BCA,07RZC-161,8,762.86,764.19,-1.33,0.0,07RZC-161,Ruiz Cortinez,BAJA CALIFORNIA,SANLUIS,161.0,VALLE,BAJA CALIFORNIA,SAN LUIS,BAJA CALIFORNIA,2,BAJA CALIFORNIA,2,MEXICALI,SAN LUIS RIO COLORADO,"500 - 1,000"
2026-10-07,MDA,BCA,07RZC-161,9,1182.5,1195.72,-13.22,0.0,07RZC-161,Ruiz Cortinez,BAJA CALIFORNIA,SANLUIS,161.0,VALLE,BAJA CALIFORNIA,SAN LUIS,BAJA CALIFORNIA,2,BAJA CALIFORNIA,2,MEXICALI,SAN LUIS RIO COLORADO,"1,000 - 2,000"
2026-10-07,MDA,BCA,07RZC-161,10,1079.97,1093.14,-13.17,0.0,07RZC-161,Ruiz Cortinez,BAJA CALIFORNIA,SANLUIS,161.0,VALLE,BAJA CALIFORNIA,SAN LUIS,BAJA CALIFORNIA,2,BAJA CALIFORNIA,2,MEXICALI,SAN LUIS RIO COLORADO,"1,000 - 2,000"
2026-10-07,MDA,BCA,07RZC-161,11,1200.45,1207.07,-6.63,0.0,07RZC-161,Ruiz Cortinez,BAJA CALIFORNIA,SANLUIS,161.0,VALLE,BAJA CALIFORNIA,SAN LUIS,BAJA CALIFORNIA,2,BAJA CALIFORNIA,2,MEXICALI,SAN LUIS RIO COLORADO,"1,000 - 2,000"
2026-10-07,MDA,BCA,07RZC-161,12,1226.57,1232.59,-6.02,0.0,07RZC-161,Ruiz Cortinez,BAJA CALIFORNIA,SANLUIS,161.0,VALLE,BAJA CALIFORNIA,SAN LUIS,BAJA CALIFORNIA,2,BAJA CALIFORNIA,2,MEXICALI,SAN LUIS RIO COLORADO,"1,000 - 2,000"
2026-10-07,MDA,BCA,07RZC-161,13,1186.57,1196.63,-10.06,0.0,07RZC-161,Ruiz Cortinez,BAJA CALIFORNIA,SANLUIS,161.0,VALLE,BAJA CALIFORNIA,SAN LUIS,BAJA CALIFORNIA,2,BAJA CALIFORNIA,2,MEXICALI,SAN LUIS RIO COLORADO,"1,000 - 2,000"
2026-10-07,MDA,BCA,07RZC-161,14,1226.76,1235.33,-8.56,0.0,07RZC-161,Ruiz Cortinez,BAJA CALIFORNIA,SANLUIS,161.0,VALLE,BAJA CALIFORNIA,SAN LUIS,BAJA CALIFORNIA,2,BAJA CALIFORNIA,2,MEXICALI,SAN LUIS RIO COLORADO,"1,000 - 2,000"
2026-10-07,MDA,BCA,07RZC-161,15,1493.39,1497.11,-3.72,0.0,07RZC-161,Ruiz Cortinez,BAJA CALIFORNIA,SANLUIS,161.0,VALLE,BAJA CALIFORNIA,SAN LUIS,BAJA CALIFORNIA,2,BAJA CALIFORNIA,2,MEXICALI,SAN LUIS RIO COLORADO,"1,000 - 2,000"
2026-10-07,MDA,BCA,07RZC-161,16,1487.99,1493.21,-5.23,0.0,07RZC-161,Ruiz Cortinez,BAJA CALIFORNIA,SANLUIS,161.0,VALLE,BAJA CALIFORNIA,SAN LUIS,BAJA CALIFORNIA,2,BAJA CALIFORNIA,2,MEXICALI,SAN LUIS RIO COLORADO,"1,000 - 2,000"
2026-10-07,MDA,BCA,07RZC-161,17,1664.44,1653.66,10.78,0.0,07RZC-161,Ruiz Cortinez,BAJA CALIFORNIA,SANLUIS,161.0,VALLE,BAJA CALIFORNIA,SAN LUIS,BAJA CALIFORNIA,2,BAJA CALIFORNIA,2,MEXICALI,SAN LUIS RIO COLORADO,"1,000 - 2,000"
2026-10-07,MDA,BCA,07RZC-161,18,3519.7,3495.89,23.81,0.0,07RZC-161,Ruiz Cortinez,BAJA CALIFORNIA,SANLUIS,161.0,VALLE,BAJA CALIFORNIA,SAN LUIS,BAJA CALIFORNIA,2,BAJA CALIFORNIA,2,MEXICALI,SAN LUIS RIO COLORADO,"2,000 - 5,000"
2026-10-07,MDA,BCA,07RZC-161,19,3857.09,3815.54,41.54,0.0,07RZC-161,Ruiz Cortinez,BAJA CALIFORNIA,SANLUIS,161.0,VALLE,BAJA CALIFORNIA,SAN LUIS,BAJA CALIFORNIA,2,BAJA CALIFORNIA,2,MEXICALI,SAN LUIS RIO COLORADO,"2,000 - 5,000"
2026-10-07,MDA,BCA,07RZC-161,20,3585.47,3549.1,36.36,0.0,07RZC-161,Ruiz Cortinez,BAJA CALIFORNIA,SANLUIS,161.0,VALLE,BAJA CALIFORNIA,SAN LUIS,BAJA CALIFORNIA,2,BAJA CALIFORNIA,2,MEXICALI,SAN LUIS RIO COLORADO,"2,000 - 5,000"
2026-10-07,MDA,BCA,07RZC-161,21,2801.64,2774.55,27.09,0.0,07RZC-161,Ruiz Cortinez,BAJA CALIFORNIA,SANLUIS,161.0,VALLE,BAJA CALIFORNIA,SAN LUIS,BAJA CALIFORNIA,2,BAJA CALIFORNIA,2,MEXICALI,SAN LUIS RIO COLORADO,"2,000 - 5,000"
2026-10-07,MDA,BCA,07RZC-161,22,2557.16,2532.25,24.91,0.0,07RZC-161,Ruiz Cortinez,BAJA CALIFORNIA,SANLUIS,161.0,VALLE,BAJA CALIFORNIA,SAN LUIS,BAJA CALIFORNIA,2,BAJA CALIFORNIA,2,MEXICALI,SAN LUIS RIO COLORADO,"2,000 - 5,000"
2026-10-07,MDA,BCA,07RZC-161,23,1906.61,1891.38,15.24,0.0,07RZC-161,Ruiz Cortinez,BAJA CALIFORNIA,SANLUIS,161.0,VALLE,BAJA CALIFORNIA,SAN LUIS,BAJA CALIFORNIA,2,BAJA CALIFORNIA,2,MEXICALI,SAN LUIS RIO COLORADO,"1,000 - 2,000"
2026-10-07,MDA,BCA,07RZC-161,24,1262.32,1255.72,6.6,0.0,07RZC-161,Ruiz Cortinez,BAJA CALIFORNIA,SANLUIS,161.0,VALLE,BAJA CALIFORNIA,SAN LUIS,BAJA CALIFORNIA,2,BAJA CALIFORNIA,2,MEXICALI,SAN LUIS RIO COLORADO,"1,000 - 2,000"
2026-10-07,MDA,BCA,07SAF-115,1,2020.36,1767.84,252.52,0.0,07SAF-115,San Felipe,BAJA CALIFORNIA,ENSENADA,115.0,COSTA,BAJA CALIFORNIA,MEXICALI,BAJA CALIFORNIA,2,BAJA CALIFORNIA,2,MEXICALI,ENSENADA,"2,000 - 5,000"
2026-10-07,MDA,BCA,07SAF-115,2,1313.25,1154.64,158.61,0.0,07SAF-115,San Felipe,BAJA CALIFORNIA,ENSENADA,115.0,COSTA,BAJA CALIFORNIA,MEXICALI,BAJA CALIFORNIA,2,BAJA CALIFORNIA,2,MEXICALI,ENSENADA,"1,000 - 2,000"
2026-10-07,MDA,BCA,07SAF-115,3,860.9,758.91,101.99,0.0,07SAF-115,San Felipe,BAJA CALIFORNIA,ENSENADA,115.0,COSTA,BAJA CALIFORNIA,MEXICALI,BAJA CALIFORNIA,2,BAJA CALIFORNIA,2,MEXICALI,ENSENADA,"500 - 1,000"
2026-10-07,MDA,BCA,07SAF-115,4,754.24,668.11,86.13,0.0,07SAF-115,San Felipe,BAJA CALIFORNIA,ENSENADA,115.0,COSTA,BAJA CALIFORNIA,MEXICALI,BAJA CALIFORNIA,2,BAJA CALIFORNIA,2,MEXICALI,ENSENADA,"500 - 1,000"
2026-10-07,MDA,BCA,07SAF-115,5,754.73,669.64,85.09,0.0,07SAF-115,San Felipe,BAJA CALIFORNIA,ENSENADA,115.0,COSTA,BAJA CALIFORNIA,MEXICALI,BAJA CALIFORNIA,2,BAJA CALIFORNIA,2,MEXICALI,ENSENADA,"500 - 1,000"
2026-10-07,MDA,BCA,07SAF-115,6,732.82,650.89,81.92,0.0,07SAF-115,San Felipe,BAJA CALIFORNIA,ENSENADA,115.0,COSTA,BAJA CALIFORNIA,MEXICALI,BAJA CALIFORNIA,2,BAJA CALIFORNIA,2,MEXICALI,ENSENADA,"500 - 1,000"
2026-10-07,MDA,BCA,07SAF-115,7,841.36,744.05,97.3,0.0,07SAF-115,San Felipe,BAJA CALIFORNIA,ENSENADA,115.0,COSTA,BAJA CALIFORNIA,MEXICALI,BAJA CALIFORNIA,2,BAJA CALIFORNIA,2,MEXICALI,ENSENADA,"500 - 1,000"
2026-10-07,MDA,BCA,07SAF-115,8,871.79,764.19,107.6,0.0,07SAF-115,San Felipe,BAJA CALIFORNIA,ENSENADA,115.0,COSTA,BAJA CALIFORNIA,MEXICALI,BAJA CALIFORNIA,2,BAJA CALIFORNIA,2,MEXICALI,ENSENADA,"500 - 1,000"
2026-10-07,MDA,BCA,07SAF-115,9,1379.53,1195.72,183.82,0.0,07SAF-115,San Felipe,BAJA CALIFORNIA,ENSENADA,115.0,COSTA,BAJA CALIFORNIA,MEXICALI,BAJA CALIFORNIA,2,BAJA CALIFORNIA,2,MEXICALI,ENSENADA,"1,000 - 2,000"
2026-10-07,MDA,BCA,07SAF-115,10,1270.31,1093.14,177.18,0.0,07SAF-115,San Felipe,BAJA CALIFORNIA,ENSENADA,115.0,COSTA,BAJA CALIFORNIA,MEXICALI,BAJA CALIFORNIA,2,BAJA CALIFORNIA,2,MEXICALI,ENSENADA,"1,000 - 2,000"
2026-10-07,MDA,BCA,07SAF-115,11,1410.52,1207.07,203.45,0.0,07SAF-115,San Felipe,BAJA CALIFORNIA,ENSENADA,115.0,COSTA,BAJA CALIFORNIA,MEXICALI,BAJA CALIFORNIA,2,BAJA CALIFORNIA,2,MEXICALI,ENSENADA,"1,000 - 2,000"
2026-10-07,MDA,BCA,07SAF-115,12,7838.54,1232.59,211.38,6394.57,07SAF-115,San Felipe,BAJA CALIFORNIA,ENSENADA,115.0,COSTA,BAJA CALIFORNIA,MEXICALI,BAJA CALIFORNIA,2,BAJA CALIFORNIA,2,MEXICALI,ENSENADA,"5,000 - 10,000"
2026-10-07,MDA,BCA,07SAF-115,13,9481.76,1196.63,210.53,8074.6,07SAF-115,San Felipe,BAJA CALIFORNIA,ENSENADA,115.0,COSTA,BAJA CALIFORNIA,MEXICALI,BAJA CALIFORNIA,2,BAJA CALIFORNIA,2,MEXICALI,ENSENADA,"5,000 - 10,000"
2026-10-07,MDA,BCA,07SAF-115,14,10197.65,1235.33,216.97,8745.35,07SAF-115,San Felipe,BAJA CALIFORNIA,ENSENADA,115.0,COSTA,BAJA CALIFORNIA,MEXICALI,BAJA CALIFORNIA,2,BAJA CALIFORNIA,2,MEXICALI,ENSENADA,"10,000 o más"
2026-10-07,MDA,BCA,07SAF-115,15,7857.22,1497.11,264.08,6096.02,07SAF-115,San Felipe,BAJA CALIFORNIA,ENSENADA,115.0,COSTA,BAJA CALIFORNIA,MEXICALI,BAJA CALIFORNIA,2,BAJA CALIFORNIA,2,MEXICALI,ENSENADA,"5,000 - 10,000"
2026-10-07,MDA,BCA,07SAF-115,16,9446.04,1493.21,262.33,7690.49,07SAF-115,San Felipe,BAJA CALIFORNIA,ENSENADA,115.0,COSTA,BAJA CALIFORNIA,MEXICALI,BAJA CALIFORNIA,2,BAJA CALIFORNIA,2,MEXICALI,ENSENADA,"5,000 - 10,000"
2026-10-07,MDA,BCA,07SAF-115,17,11000.08,1653.66,302.83,9043.6,07SAF-115,San Felipe,BAJA CALIFORNIA,ENSENADA,115.0,COSTA,BAJA CALIFORNIA,MEXICALI,BAJA CALIFORNIA,2,BAJA CALIFORNIA,2,MEXICALI,ENSENADA,"10,000 o más"
2026-10-07,MDA,BCA,07SAF-115,18,11454.84,3495.89,646.88,7312.07,07SAF-115,San Felipe,BAJA CALIFORNIA,ENSENADA,115.0,COSTA,BAJA CALIFORNIA,MEXICALI,BAJA CALIFORNIA,2,BAJA CALIFORNIA,2,MEXICALI,ENSENADA,"10,000 o más"
2026-10-07,MDA,BCA,07SAF-115,19,10426.08,3815.54,669.31,5941.22,07SAF-115,San Felipe,BAJA CALIFORNIA,ENSENADA,115.0,COSTA,BAJA CALIFORNIA,MEXICALI,BAJA CALIFORNIA,2,BAJA CALIFORNIA,2,MEXICALI,ENSENADA,"10,000 o más"
2026-10-07,MDA,BCA,07SAF-115,20,10774.01,3549.1,604.87,6620.03,07SAF-115,San Felipe,BAJA CALIFORNIA,ENSENADA,115.0,COSTA,BAJA CALIFORNIA,MEXICALI,BAJA CALIFORNIA,2,BAJA CALIFORNIA,2,MEXICALI,ENSENADA,"10,000 o más"
2026-10-07,MDA,BCA,07SAF-115,21,9546.15,2774.55,474.52,6297.08,07SAF-115,San Felipe,BAJA CALIFORNIA,ENSENADA,115.0,COSTA,BAJA CALIFORNIA,MEXICALI,BAJA CALIFORNIA,2,BAJA CALIFORNIA,2,MEXICALI,ENSENADA,"5,000 - 10,000"
2026-10-07,MDA,BCA,07SAF-115,22,10925.72,2532.25,408.12,7985.35,07SAF-115,San Felipe,BAJA CALIFORNIA,ENSENADA,115.0,COSTA,BAJA CALIFORNIA,MEXICALI,BAJA CALIFORNIA,2,BAJA CALIFORNIA,2,MEXICALI,ENSENADA,"10,000 o más"
2026-10-07,MDA,BCA,07SAF-115,23,2179.71,1891.38,288.33,0.0,07SAF-115,San Felipe,BAJA CALIFORNIA,ENSENADA,115.0,COSTA,BAJA CALIFORNIA,MEXICALI,BAJA CALIFORNIA,2,BAJA CALIFORNIA,2,MEXICALI,ENSENADA,"2,000 - 5,000"
2026-10-07,MDA,BCA,07SAF-115,24,1438.61,1255.72,182.89,0.0,07SAF-115,San Felipe,BAJA CALIFORNIA,ENSENADA,115.0,COSTA,BAJA CALIFORNIA,MEXICALI,BAJA CALIFORNIA,2,BAJA CALIFORNIA,2,MEXICALI,ENSENADA,"1,000 - 2,000"
2026-10-07,MDA,BCA,07SAZ-115,1,1793.37,1767.84,25.54,0.0,07SAZ-115,Sauzal,BAJA CALIFORNIA,ENSENADA,115.0,COSTA,BAJA CALIFORNIA,ENSENADA,BAJA CALIFORNIA,2,BAJA CALIFORNIA,1,ENSENADA,ENSENADA,"1,000 - 2,000"
2026-10-07,MDA,BCA,07SAZ-115,2,1170.56,1154.64,15.93,0.0,07SAZ-115,Sauzal,BAJA CALIFORNIA,ENSENADA,115.0,COSTA,BAJA CALIFORNIA,ENSENADA,BAJA CALIFORNIA,2,BAJA CALIFORNIA,1,ENSENADA,ENSENADA,"1,000 - 2,000"
2026-10-07,MDA,BCA,07SAZ-115,3,770.06,758.91,11.15,0.0,07SAZ-115,Sauzal,BAJA CALIFORNIA,ENSENADA,115.0,COSTA,BAJA CALIFORNIA,ENSENADA,BAJA CALIFORNIA,2,BAJA CALIFORNIA,1,ENSENADA,ENSENADA,"500 - 1,000"
2026-10-07,MDA,BCA,07SAZ-115,4,677.81,668.11,9.7,0.0,07SAZ-115,Sauzal,BAJA CALIFORNIA,ENSENADA,115.0,COSTA,BAJA CALIFORNIA,ENSENADA,BAJA CALIFORNIA,2,BAJA CALIFORNIA,1,ENSENADA,ENSENADA,"500 - 1,000"
2026-10-07,MDA,BCA,07SAZ-115,5,679.21,669.64,9.57,0.0,07SAZ-115,Sauzal,BAJA CALIFORNIA,ENSENADA,115.0,COSTA,BAJA CALIFORNIA,ENSENADA,BAJA CALIFORNIA,2,BAJA CALIFORNIA,1,ENSENADA,ENSENADA,"500 - 1,000"
2026-10-07,MDA,BCA,07SAZ-115,6,660.24,650.89,9.35,0.0,07SAZ-115,Sauzal,BAJA CALIFORNIA,ENSENADA,115.0,COSTA,BAJA CALIFORNIA,ENSENADA,BAJA CALIFORNIA,2,BAJA CALIFORNIA,1,ENSENADA,ENSENADA,"500 - 1,000"
2026-10-07,MDA,BCA,07SAZ-115,7,755.26,744.05,11.2,0.0,07SAZ-115,Sauzal,BAJA CALIFORNIA,ENSENADA,115.0,COSTA,BAJA CALIFORNIA,ENSENADA,BAJA CALIFORNIA,2,BAJA CALIFORNIA,1,ENSENADA,ENSENADA,"500 - 1,000"
2026-10-07,MDA,BCA,07SAZ-115,8,776.05,764.19,11.86,0.0,07SAZ-115,Sauzal,BAJA CALIFORNIA,ENSENADA,115.0,COSTA,BAJA CALIFORNIA,ENSENADA,BAJA CALIFORNIA,2,BAJA CALIFORNIA,1,ENSENADA,ENSENADA,"500 - 1,000"
2026-10-07,MDA,BCA,07SAZ-115,9,1216.12,1195.72,20.41,0.0,07SAZ-115,Sauzal,BAJA CALIFORNIA,ENSENADA,115.0,COSTA,BAJA CALIFORNIA,ENSENADA,BAJA CALIFORNIA,2,BAJA CALIFORNIA,1,ENSENADA,ENSENADA,"1,000 - 2,000"
2026-10-07,MDA,BCA,07SAZ-115,10,1110.73,1093.14,17.59,0.0,07SAZ-115,Sauzal,BAJA CALIFORNIA,ENSENADA,115.0,COSTA,BAJA CALIFORNIA,ENSENADA,BAJA CALIFORNIA,2,BAJA CALIFORNIA,1,ENSENADA,ENSENADA,"1,000 - 2,000"
2026-10-07,MDA,BCA,07SAZ-115,11,1227.27,1207.07,20.2,0.0,07SAZ-115,Sauzal,BAJA CALIFORNIA,ENSENADA,115.0,COSTA,BAJA CALIFORNIA,ENSENADA,BAJA CALIFORNIA,2,BAJA CALIFORNIA,1,ENSENADA,ENSENADA,"1,000 - 2,000"
2026-10-07,MDA,BCA,07SAZ-115,12,7648.33,1232.59,21.17,6394.57,07SAZ-115,Sauzal,BAJA CALIFORNIA,ENSENADA,115.0,COSTA,BAJA CALIFORNIA,ENSENADA,BAJA CALIFORNIA,2,BAJA CALIFORNIA,1,ENSENADA,ENSENADA,"5,000 - 10,000"
2026-10-07,MDA,BCA,07SAZ-115,13,9292.03,1196.63,20.81,8074.6,07SAZ-115,Sauzal,BAJA CALIFORNIA,ENSENADA,115.0,COSTA,BAJA CALIFORNIA,ENSENADA,BAJA CALIFORNIA,2,BAJA CALIFORNIA,1,ENSENADA,ENSENADA,"5,000 - 10,000"
2026-10-07,MDA,BCA,07SAZ-115,14,10002.32,1235.33,21.64,8745.35,07SAZ-115,Sauzal,BAJA CALIFORNIA,ENSENADA,115.0,COSTA,BAJA CALIFORNIA,ENSENADA,BAJA CALIFORNIA,2,BAJA CALIFORNIA,1,ENSENADA,ENSENADA,"10,000 o más"
2026-10-07,MDA,BCA,07SAZ-115,15,7622.08,1497.11,28.95,6096.02,07SAZ-115,Sauzal,BAJA CALIFORNIA,ENSENADA,115.0,COSTA,BAJA CALIFORNIA,ENSENADA,BAJA CALIFORNIA,2,BAJA CALIFORNIA,1,ENSENADA,ENSENADA,"5,000 - 10,000"
2026-10-07,MDA,BCA,07SAZ-115,16,9211.44,1493.21,27.74,7690.49,07SAZ-115,Sauzal,BAJA CALIFORNIA,ENSENADA,115.0,COSTA,BAJA CALIFORNIA,ENSENADA,BAJA CALIFORNIA,2,BAJA CALIFORNIA,1,ENSENADA,ENSENADA,"5,000 - 10,000"
2026-10-07,MDA,BCA,07SAZ-115,17,10727.71,1653.66,30.46,9043.6,07SAZ-115,Sauzal,BAJA CALIFORNIA,ENSENADA,115.0,COSTA,BAJA CALIFORNIA,ENSENADA,BAJA CALIFORNIA,2,BAJA CALIFORNIA,1,ENSENADA,ENSENADA,"10,000 o más"
2026-10-07,MDA,BCA,07SAZ-115,18,10871.85,3495.89,63.89,7312.07,07SAZ-115,Sauzal,BAJA CALIFORNIA,ENSENADA,115.0,COSTA,BAJA CALIFORNIA,ENSENADA,BAJA CALIFORNIA,2,BAJA CALIFORNIA,1,ENSENADA,ENSENADA,"10,000 o más"
2026-10-07,MDA,BCA,07SAZ-115,19,9825.15,3815.54,68.38,5941.22,07SAZ-115,Sauzal,BAJA CALIFORNIA,ENSENADA,115.0,COSTA,BAJA CALIFORNIA,ENSENADA,BAJA CALIFORNIA,2,BAJA CALIFORNIA,1,ENSENADA,ENSENADA,"5,000 - 10,000"
2026-10-07,MDA,BCA,07SAZ-115,20,10233.23,3549.1,64.09,6620.03,07SAZ-115,Sauzal,BAJA CALIFORNIA,ENSENADA,115.0,COSTA,BAJA CALIFORNIA,ENSENADA,BAJA CALIFORNIA,2,BAJA CALIFORNIA,1,ENSENADA,ENSENADA,"10,000 o más"
2026-10-07,MDA,BCA,07SAZ-115,21,9122.5,2774.55,50.87,6297.08,07SAZ-115,Sauzal,BAJA CALIFORNIA,ENSENADA,115.0,COSTA,BAJA CALIFORNIA,ENSENADA,BAJA CALIFORNIA,2,BAJA CALIFORNIA,1,ENSENADA,ENSENADA,"5,000 - 10,000"
2026-10-07,MDA,BCA,07SAZ-115,22,10561.04,2532.25,43.44,7985.35,07SAZ-115,Sauzal,BAJA CALIFORNIA,ENSENADA,115.0,COSTA,BAJA CALIFORNIA,ENSENADA,BAJA CALIFORNIA,2,BAJA CALIFORNIA,1,ENSENADA,ENSENADA,"10,000 o más"
2026-10-07,MDA,BCA,07SAZ-115,23,1922.27,1891.38,30.89,0.0,07SAZ-115,Sauzal,BAJA CALIFORNIA,ENSENADA,115.0,COSTA,BAJA CALIFORNIA,ENSENADA,BAJA CALIFORNIA,2,BAJA CALIFORNIA,1,ENSENADA,ENSENADA,"1,000 - 2,000"
2026-10-07,MDA,BCA,07SAZ-115,24,1276.0,1255.72,20.29,0.0,07SAZ-115,Sauzal,BAJA CALIFORNIA,ENSENADA,115.0,COSTA,BAJA CALIFORNIA,ENSENADA,BAJA CALIFORNIA,2,BAJA CALIFORNIA,1,ENSENADA,ENSENADA,"1,000 - 2,000"
2026-10-07,MDA,BCA,07SED-69,1,1805.27,1767.84,37.44,0.0,07SED-69,SEDUE,BAJA CALIFORNIA,TIJUANA,69.0,COSTA,BAJA CALIFORNIA,TIJUANA,BAJA CALIFORNIA,2,BAJA CALIFORNIA,4,TIJUANA,TIJUANA,"1,000 - 2,000"
2026-10-07,MDA,BCA,07SED-69,2,1178.09,1154.64,23.46,0.0,07SED-69,SEDUE,BAJA CALIFORNIA,TIJUANA,69.0,COSTA,BAJA CALIFORNIA,TIJUANA,BAJA CALIFORNIA,2,BAJA CALIFORNIA,4,TIJUANA,TIJUANA,"1,000 - 2,000"
2026-10-07,MDA,BCA,07SED-69,3,773.46,758.91,14.55,0.0,07SED-69,SEDUE,BAJA CALIFORNIA,TIJUANA,69.0,COSTA,BAJA CALIFORNIA,TIJUANA,BAJA CALIFORNIA,2,BAJA CALIFORNIA,4,TIJUANA,TIJUANA,"500 - 1,000"
2026-10-07,MDA,BCA,07SED-69,4,680.54,668.11,12.43,0.0,07SED-69,SEDUE,BAJA CALIFORNIA,TIJUANA,69.0,COSTA,BAJA CALIFORNIA,TIJUANA,BAJA CALIFORNIA,2,BAJA CALIFORNIA,4,TIJUANA,TIJUANA,"500 - 1,000"
2026-10-07,MDA,BCA,07SED-69,5,681.99,669.64,12.35,0.0,07SED-69,SEDUE,BAJA CALIFORNIA,TIJUANA,69.0,COSTA,BAJA CALIFORNIA,TIJUANA,BAJA CALIFORNIA,2,BAJA CALIFORNIA,4,TIJUANA,TIJUANA,"500 - 1,000"
2026-10-07,MDA,BCA,07SED-69,6,662.85,650.89,11.96,0.0,07SED-69,SEDUE,BAJA CALIFORNIA,TIJUANA,69.0,COSTA,BAJA CALIFORNIA,TIJUANA,BAJA CALIFORNIA,2,BAJA CALIFORNIA,4,TIJUANA,TIJUANA,"500 - 1,000"
2026-10-07,MDA,BCA,07SED-69,7,758.35,744.05,14.3,0.0,07SED-69,SEDUE,BAJA CALIFORNIA,TIJUANA,69.0,COSTA,BAJA CALIFORNIA,TIJUANA,BAJA CALIFORNIA,2,BAJA CALIFORNIA,4,TIJUANA,TIJUANA,"500 - 1,000"
2026-10-07,MDA,BCA,07SED-69,8,779.85,764.19,15.66,0.0,07SED-69,SEDUE,BAJA CALIFORNIA,TIJUANA,69.0,COSTA,BAJA CALIFORNIA,TIJUANA,BAJA CALIFORNIA,2,BAJA CALIFORNIA,4,TIJUANA,TIJUANA,"500 - 1,000"
2026-10-07,MDA,BCA,07SED-69,9,1221.86,1195.72,26.14,0.0,07SED-69,SEDUE,BAJA CALIFORNIA,TIJUANA,69.0,COSTA,BAJA CALIFORNIA,TIJUANA,BAJA CALIFORNIA,2,BAJA CALIFORNIA,4,TIJUANA,TIJUANA,"1,000 - 2,000"
2026-10-07,MDA,BCA,07SED-69,10,1118.86,1093.14,25.73,0.0,07SED-69,SEDUE,BAJA CALIFORNIA,TIJUANA,69.0,COSTA,BAJA CALIFORNIA,TIJUANA,BAJA CALIFORNIA,2,BAJA CALIFORNIA,4,TIJUANA,TIJUANA,"1,000 - 2,000"
2026-10-07,MDA,BCA,07SED-69,11,1236.98,1207.07,29.91,0.0,07SED-69,SEDUE,BAJA CALIFORNIA,TIJUANA,69.0,COSTA,BAJA CALIFORNIA,TIJUANA,BAJA CALIFORNIA,2,BAJA CALIFORNIA,4,TIJUANA,TIJUANA,"1,000 - 2,000"
2026-10-07,MDA,BCA,07SED-69,12,1263.91,1232.59,31.32,0.0,07SED-69,SEDUE,BAJA CALIFORNIA,TIJUANA,69.0,COSTA,BAJA CALIFORNIA,TIJUANA,BAJA CALIFORNIA,2,BAJA CALIFORNIA,4,TIJUANA,TIJUANA,"1,000 - 2,000"
2026-10-07,MDA,BCA,07SED-69,13,1227.45,1196.63,30.83,0.0,07SED-69,SEDUE,BAJA CALIFORNIA,TIJUANA,69.0,COSTA,BAJA CALIFORNIA,TIJUANA,BAJA CALIFORNIA,2,BAJA CALIFORNIA,4,TIJUANA,TIJUANA,"1,000 - 2,000"
2026-10-07,MDA,BCA,07SED-69,14,1267.57,1235.33,32.24,0.0,07SED-69,SEDUE,BAJA CALIFORNIA,TIJUANA,69.0,COSTA,BAJA CALIFORNIA,TIJUANA,BAJA CALIFORNIA,2,BAJA CALIFORNIA,4,TIJUANA,TIJUANA,"1,000 - 2,000"
2026-10-07,MDA,BCA,07SED-69,15,1536.36,1497.11,39.25,0.0,07SED-69,SEDUE,BAJA CALIFORNIA,TIJUANA,69.0,COSTA,BAJA CALIFORNIA,TIJUANA,BAJA CALIFORNIA,2,BAJA CALIFORNIA,4,TIJUANA,TIJUANA,"1,000 - 2,000"
2026-10-07,MDA,BCA,07SED-69,16,1532.4,1493.21,39.18,0.0,07SED-69,SEDUE,BAJA CALIFORNIA,TIJUANA,69.0,COSTA,BAJA CALIFORNIA,TIJUANA,BAJA CALIFORNIA,2,BAJA CALIFORNIA,4,TIJUANA,TIJUANA,"1,000 - 2,000"
2026-10-07,MDA,BCA,07SED-69,17,1697.24,1653.66,43.59,0.0,07SED-69,SEDUE,BAJA CALIFORNIA,TIJUANA,69.0,COSTA,BAJA CALIFORNIA,TIJUANA,BAJA CALIFORNIA,2,BAJA CALIFORNIA,4,TIJUANA,TIJUANA,"1,000 - 2,000"
2026-10-07,MDA,BCA,07SED-69,18,3586.53,3495.89,90.64,0.0,07SED-69,SEDUE,BAJA CALIFORNIA,TIJUANA,69.0,COSTA,BAJA CALIFORNIA,TIJUANA,BAJA CALIFORNIA,2,BAJA CALIFORNIA,4,TIJUANA,TIJUANA,"2,000 - 5,000"
2026-10-07,MDA,BCA,07SED-69,19,3912.33,3815.54,96.78,0.0,07SED-69,SEDUE,BAJA CALIFORNIA,TIJUANA,69.0,COSTA,BAJA CALIFORNIA,TIJUANA,BAJA CALIFORNIA,2,BAJA CALIFORNIA,4,TIJUANA,TIJUANA,"2,000 - 5,000"
2026-10-07,MDA,BCA,07SED-69,20,3638.56,3549.1,89.45,0.0,07SED-69,SEDUE,BAJA CALIFORNIA,TIJUANA,69.0,COSTA,BAJA CALIFORNIA,TIJUANA,BAJA CALIFORNIA,2,BAJA CALIFORNIA,4,TIJUANA,TIJUANA,"2,000 - 5,000"
2026-10-07,MDA,BCA,07SED-69,21,2842.91,2774.55,68.36,0.0,07SED-69,SEDUE,BAJA CALIFORNIA,TIJUANA,69.0,COSTA,BAJA CALIFORNIA,TIJUANA,BAJA CALIFORNIA,2,BAJA CALIFORNIA,4,TIJUANA,TIJUANA,"2,000 - 5,000"
2026-10-07,MDA,BCA,07SED-69,22,2592.89,2532.25,60.64,0.0,07SED-69,SEDUE,BAJA CALIFORNIA,TIJUANA,69.0,COSTA,BAJA CALIFORNIA,TIJUANA,BAJA CALIFORNIA,2,BAJA CALIFORNIA,4,TIJUANA,TIJUANA,"2,000 - 5,000"
2026-10-07,MDA,BCA,07SED-69,23,1934.85,1891.38,43.48,0.0,07SED-69,SEDUE,BAJA CALIFORNIA,TIJUANA,69.0,COSTA,BAJA CALIFORNIA,TIJUANA,BAJA CALIFORNIA,2,BAJA CALIFORNIA,4,TIJUANA,TIJUANA,"1,000 - 2,000"
2026-10-07,MDA,BCA,07SED-69,24,1282.95,1255.72,27.24,0.0,07SED-69,SEDUE,BAJA CALIFORNIA,TIJUANA,69.0,COSTA,BAJA CALIFORNIA,TIJUANA,BAJA CALIFORNIA,2,BAJA CALIFORNIA,4,TIJUANA,TIJUANA,"1,000 - 2,000"
2026-10-07,MDA,BCA,07SHA-115,1,1773.14,1767.84,5.31,0.0,07SHA-115,Sharp,BAJA CALIFORNIA,TIJUANA,115.0,COSTA,BAJA CALIFORNIA,TIJUANA,BAJA CALIFORNIA,2,BAJA CALIFORNIA,4,TIJUANA,TIJUANA,"1,000 - 2,000"
2026-10-07,MDA,BCA,07SHA-115,2,1157.93,1154.64,3.3,0.0,07SHA-115,Sharp,BAJA CALIFORNIA,TIJUANA,115.0,COSTA,BAJA CALIFORNIA,TIJUANA,BAJA CALIFORNIA,2,BAJA CALIFORNIA,4,TIJUANA,TIJUANA,"1,000 - 2,000"
2026-10-07,MDA,BCA,07SHA-115,3,761.09,758.91,2.18,0.0,07SHA-115,Sharp,BAJA CALIFORNIA,TIJUANA,115.0,COSTA,BAJA CALIFORNIA,TIJUANA,BAJA CALIFORNIA,2,BAJA CALIFORNIA,4,TIJUANA,TIJUANA,"500 - 1,000"
2026-10-07,MDA,BCA,07SHA-115,4,669.97,668.11,1.87,0.0,07SHA-115,Sharp,BAJA CALIFORNIA,TIJUANA,115.0,COSTA,BAJA CALIFORNIA,TIJUANA,BAJA CALIFORNIA,2,BAJA CALIFORNIA,4,TIJUANA,TIJUANA,"500 - 1,000"
2026-10-07,MDA,BCA,07SHA-115,5,671.48,669.64,1.84,0.0,07SHA-115,Sharp,BAJA CALIFORNIA,TIJUANA,115.0,COSTA,BAJA CALIFORNIA,TIJUANA,BAJA CALIFORNIA,2,BAJA CALIFORNIA,4,TIJUANA,TIJUANA,"500 - 1,000"
2026-10-07,MDA,BCA,07SHA-115,6,652.69,650.89,1.8,0.0,07SHA-115,Sharp,BAJA CALIFORNIA,TIJUANA,115.0,COSTA,BAJA CALIFORNIA,TIJUANA,BAJA CALIFORNIA,2,BAJA CALIFORNIA,4,TIJUANA,TIJUANA,"500 - 1,000"
2026-10-07,MDA,BCA,07SHA-115,7,746.21,744.05,2.16,0.0,07SHA-115,Sharp,BAJA CALIFORNIA,TIJUANA,115.0,COSTA,BAJA CALIFORNIA,TIJUANA,BAJA CALIFORNIA,2,BAJA CALIFORNIA,4,TIJUANA,TIJUANA,"500 - 1,000"
2026-10-07,MDA,BCA,07SHA-115,8,766.5,764.19,2.32,0.0,07SHA-115,Sharp,BAJA CALIFORNIA,TIJUANA,115.0,COSTA,BAJA CALIFORNIA,TIJUANA,BAJA CALIFORNIA,2,BAJA CALIFORNIA,4,TIJUANA,TIJUANA,"500 - 1,000"
2026-10-07,MDA,BCA,07SHA-115,9,1199.59,1195.72,3.87,0.0,07SHA-115,Sharp,BAJA CALIFORNIA,TIJUANA,115.0,COSTA,BAJA CALIFORNIA,TIJUANA,BAJA CALIFORNIA,2,BAJA CALIFORNIA,4,TIJUANA,TIJUANA,"1,000 - 2,000"
2026-10-07,MDA,BCA,07SHA-115,10,1096.76,1093.14,3.62,0.0,07SHA-115,Sharp,BAJA CALIFORNIA,TIJUANA,115.0,COSTA,BAJA CALIFORNIA,TIJUANA,BAJA CALIFORNIA,2,BAJA CALIFORNIA,4,TIJUANA,TIJUANA,"1,000 - 2,000"
2026-10-07,MDA,BCA,07SHA-115,11,1211.22,1207.07,4.15,0.0,07SHA-115,Sharp,BAJA CALIFORNIA,TIJUANA,115.0,COSTA,BAJA CALIFORNIA,TIJUANA,BAJA CALIFORNIA,2,BAJA CALIFORNIA,4,TIJUANA,TIJUANA,"1,000 - 2,000"
2026-10-07,MDA,BCA,07SHA-115,12,1236.9,1232.59,4.31,0.0,07SHA-115,Sharp,BAJA CALIFORNIA,TIJUANA,115.0,COSTA,BAJA CALIFORNIA,TIJUANA,BAJA CALIFORNIA,2,BAJA CALIFORNIA,4,TIJUANA,TIJUANA,"1,000 - 2,000"
2026-10-07,MDA,BCA,07SHA-115,13,1200.86,1196.63,4.23,0.0,07SHA-115,Sharp,BAJA CALIFORNIA,TIJUANA,115.0,COSTA,BAJA CALIFORNIA,TIJUANA,BAJA CALIFORNIA,2,BAJA CALIFORNIA,4,TIJUANA,TIJUANA,"1,000 - 2,000"
2026-10-07,MDA,BCA,07SHA-115,14,1239.74,1235.33,4.41,0.0,07SHA-115,Sharp,BAJA CALIFORNIA,TIJUANA,115.0,COSTA,BAJA CALIFORNIA,TIJUANA,BAJA CALIFORNIA,2,BAJA CALIFORNIA,4,TIJUANA,TIJUANA,"1,000 - 2,000"
2026-10-07,MDA,BCA,07SHA-115,15,1501.74,1497.11,4.63,0.0,07SHA-115,Sharp,BAJA CALIFORNIA,TIJUANA,115.0,COSTA,BAJA CALIFORNIA,TIJUANA,BAJA CALIFORNIA,2,BAJA CALIFORNIA,4,TIJUANA,TIJUANA,"1,000 - 2,000"
2026-10-07,MDA,BCA,07SHA-115,16,1497.79,1493.21,4.58,0.0,07SHA-115,Sharp,BAJA CALIFORNIA,TIJUANA,115.0,COSTA,BAJA CALIFORNIA,TIJUANA,BAJA CALIFORNIA,2,BAJA CALIFORNIA,4,TIJUANA,TIJUANA,"1,000 - 2,000"
2026-10-07,MDA,BCA,07SHA-115,17,1658.78,1653.66,5.12,0.0,07SHA-115,Sharp,BAJA CALIFORNIA,TIJUANA,115.0,COSTA,BAJA CALIFORNIA,TIJUANA,BAJA CALIFORNIA,2,BAJA CALIFORNIA,4,TIJUANA,TIJUANA,"1,000 - 2,000"
2026-10-07,MDA,BCA,07SHA-115,18,3506.21,3495.89,10.32,0.0,07SHA-115,Sharp,BAJA CALIFORNIA,TIJUANA,115.0,COSTA,BAJA CALIFORNIA,TIJUANA,BAJA CALIFORNIA,2,BAJA CALIFORNIA,4,TIJUANA,TIJUANA,"2,000 - 5,000"
2026-10-07,MDA,BCA,07SHA-115,19,3826.77,3815.54,11.23,0.0,07SHA-115,Sharp,BAJA CALIFORNIA,TIJUANA,115.0,COSTA,BAJA CALIFORNIA,TIJUANA,BAJA CALIFORNIA,2,BAJA CALIFORNIA,4,TIJUANA,TIJUANA,"2,000 - 5,000"
2026-10-07,MDA,BCA,07SHA-115,20,3560.2,3549.1,11.1,0.0,07SHA-115,Sharp,BAJA CALIFORNIA,TIJUANA,115.0,COSTA,BAJA CALIFORNIA,TIJUANA,BAJA CALIFORNIA,2,BAJA CALIFORNIA,4,TIJUANA,TIJUANA,"2,000 - 5,000"
2026-10-07,MDA,BCA,07SHA-115,21,2783.26,2774.55,8.71,0.0,07SHA-115,Sharp,BAJA CALIFORNIA,TIJUANA,115.0,COSTA,BAJA CALIFORNIA,TIJUANA,BAJA CALIFORNIA,2,BAJA CALIFORNIA,4,TIJUANA,TIJUANA,"2,000 - 5,000"
2026-10-07,MDA,BCA,07SHA-115,22,2539.84,2532.25,7.58,0.0,07SHA-115,Sharp,BAJA CALIFORNIA,TIJUANA,115.0,COSTA,BAJA CALIFORNIA,TIJUANA,BAJA CALIFORNIA,2,BAJA CALIFORNIA,4,TIJUANA,TIJUANA,"2,000 - 5,000"
2026-10-07,MDA,BCA,07SHA-115,23,1896.62,1891.38,5.24,0.0,07SHA-115,Sharp,BAJA CALIFORNIA,TIJUANA,115.0,COSTA,BAJA CALIFORNIA,TIJUANA,BAJA CALIFORNIA,2,BAJA CALIFORNIA,4,TIJUANA,TIJUANA,"1,000 - 2,000"
2026-10-07,MDA,BCA,07SHA-115,24,1259.66,1255.72,3.94,0.0,07SHA-115,Sharp,BAJA CALIFORNIA,TIJUANA,115.0,COSTA,BAJA CALIFORNIA,TIJUANA,BAJA CALIFORNIA,2,BAJA CALIFORNIA,4,TIJUANA,TIJUANA,"1,000 - 2,000"
2026-10-07,MDA,BCA,07SIO-69,1,1792.47,1767.84,24.63,0.0,07SIO-69,Seminario,BAJA CALIFORNIA,TIJUANA,69.0,COSTA,BAJA CALIFORNIA,TIJUANA,BAJA CALIFORNIA,2,BAJA CALIFORNIA,4,TIJUANA,TIJUANA,"1,000 - 2,000"
2026-10-07,MDA,BCA,07SIO-69,2,1170.31,1154.64,15.68,0.0,07SIO-69,Seminario,BAJA CALIFORNIA,TIJUANA,69.0,COSTA,BAJA CALIFORNIA,TIJUANA,BAJA CALIFORNIA,2,BAJA CALIFORNIA,4,TIJUANA,TIJUANA,"1,000 - 2,000"
2026-10-07,MDA,BCA,07SIO-69,3,768.59,758.91,9.68,0.0,07SIO-69,Seminario,BAJA CALIFORNIA,TIJUANA,69.0,COSTA,BAJA CALIFORNIA,TIJUANA,BAJA CALIFORNIA,2,BAJA CALIFORNIA,4,TIJUANA,TIJUANA,"500 - 1,000"
2026-10-07,MDA,BCA,07SIO-69,4,676.48,668.11,8.37,0.0,07SIO-69,Seminario,BAJA CALIFORNIA,TIJUANA,69.0,COSTA,BAJA CALIFORNIA,TIJUANA,BAJA CALIFORNIA,2,BAJA CALIFORNIA,4,TIJUANA,TIJUANA,"500 - 1,000"
2026-10-07,MDA,BCA,07SIO-69,5,677.98,669.64,8.34,0.0,07SIO-69,Seminario,BAJA CALIFORNIA,TIJUANA,69.0,COSTA,BAJA CALIFORNIA,TIJUANA,BAJA CALIFORNIA,2,BAJA CALIFORNIA,4,TIJUANA,TIJUANA,"500 - 1,000"
2026-10-07,MDA,BCA,07SIO-69,6,658.99,650.89,8.09,0.0,07SIO-69,Seminario,BAJA CALIFORNIA,TIJUANA,69.0,COSTA,BAJA CALIFORNIA,TIJUANA,BAJA CALIFORNIA,2,BAJA CALIFORNIA,4,TIJUANA,TIJUANA,"500 - 1,000"
2026-10-07,MDA,BCA,07SIO-69,7,753.62,744.05,9.57,0.0,07SIO-69,Seminario,BAJA CALIFORNIA,TIJUANA,69.0,COSTA,BAJA CALIFORNIA,TIJUANA,BAJA CALIFORNIA,2,BAJA CALIFORNIA,4,TIJUANA,TIJUANA,"500 - 1,000"
2026-10-07,MDA,BCA,07SIO-69,8,774.59,764.19,10.4,0.0,07SIO-69,Seminario,BAJA CALIFORNIA,TIJUANA,69.0,COSTA,BAJA CALIFORNIA,TIJUANA,BAJA CALIFORNIA,2,BAJA CALIFORNIA,4,TIJUANA,TIJUANA,"500 - 1,000"
2026-10-07,MDA,BCA,07SIO-69,9,1212.43,1195.72,16.71,0.0,07SIO-69,Seminario,BAJA CALIFORNIA,TIJUANA,69.0,COSTA,BAJA CALIFORNIA,TIJUANA,BAJA CALIFORNIA,2,BAJA CALIFORNIA,4,TIJUANA,TIJUANA,"1,000 - 2,000"
2026-10-07,MDA,BCA,07SIO-69,10,1109.26,1093.14,16.12,0.0,07SIO-69,Seminario,BAJA CALIFORNIA,TIJUANA,69.0,COSTA,BAJA CALIFORNIA,TIJUANA,BAJA CALIFORNIA,2,BAJA CALIFORNIA,4,TIJUANA,TIJUANA,"1,000 - 2,000"
2026-10-07,MDA,BCA,07SIO-69,11,1225.5,1207.07,18.43,0.0,07SIO-69,Seminario,BAJA CALIFORNIA,TIJUANA,69.0,COSTA,BAJA CALIFORNIA,TIJUANA,BAJA CALIFORNIA,2,BAJA CALIFORNIA,4,TIJUANA,TIJUANA,"1,000 - 2,000"
2026-10-07,MDA,BCA,07SIO-69,12,1251.69,1232.59,19.11,0.0,07SIO-69,Seminario,BAJA CALIFORNIA,TIJUANA,69.0,COSTA,BAJA CALIFORNIA,TIJUANA,BAJA CALIFORNIA,2,BAJA CALIFORNIA,4,TIJUANA,TIJUANA,"1,000 - 2,000"
2026-10-07,MDA,BCA,07SIO-69,13,1215.39,1196.63,18.76,0.0,07SIO-69,Seminario,BAJA CALIFORNIA,TIJUANA,69.0,COSTA,BAJA CALIFORNIA,TIJUANA,BAJA CALIFORNIA,2,BAJA CALIFORNIA,4,TIJUANA,TIJUANA,"1,000 - 2,000"
2026-10-07,MDA,BCA,07SIO-69,14,1255.03,1235.33,19.7,0.0,07SIO-69,Seminario,BAJA CALIFORNIA,TIJUANA,69.0,COSTA,BAJA CALIFORNIA,TIJUANA,BAJA CALIFORNIA,2,BAJA CALIFORNIA,4,TIJUANA,TIJUANA,"1,000 - 2,000"
2026-10-07,MDA,BCA,07SIO-69,15,1520.87,1497.11,23.75,0.0,07SIO-69,Seminario,BAJA CALIFORNIA,TIJUANA,69.0,COSTA,BAJA CALIFORNIA,TIJUANA,BAJA CALIFORNIA,2,BAJA CALIFORNIA,4,TIJUANA,TIJUANA,"1,000 - 2,000"
2026-10-07,MDA,BCA,07SIO-69,16,1517.39,1493.21,24.18,0.0,07SIO-69,Seminario,BAJA CALIFORNIA,TIJUANA,69.0,COSTA,BAJA CALIFORNIA,TIJUANA,BAJA CALIFORNIA,2,BAJA CALIFORNIA,4,TIJUANA,TIJUANA,"1,000 - 2,000"
2026-10-07,MDA,BCA,07SIO-69,17,1680.09,1653.66,26.43,0.0,07SIO-69,Seminario,BAJA CALIFORNIA,TIJUANA,69.0,COSTA,BAJA CALIFORNIA,TIJUANA,BAJA CALIFORNIA,2,BAJA CALIFORNIA,4,TIJUANA,TIJUANA,"1,000 - 2,000"
2026-10-07,MDA,BCA,07SIO-69,18,3550.53,3495.89,54.64,0.0,07SIO-69,Seminario,BAJA CALIFORNIA,TIJUANA,69.0,COSTA,BAJA CALIFORNIA,TIJUANA,BAJA CALIFORNIA,2,BAJA CALIFORNIA,4,TIJUANA,TIJUANA,"2,000 - 5,000"
2026-10-07,MDA,BCA,07SIO-69,19,3874.08,3815.54,58.54,0.0,07SIO-69,Seminario,BAJA CALIFORNIA,TIJUANA,69.0,COSTA,BAJA CALIFORNIA,TIJUANA,BAJA CALIFORNIA,2,BAJA CALIFORNIA,4,TIJUANA,TIJUANA,"2,000 - 5,000"
2026-10-07,MDA,BCA,07SIO-69,20,3603.05,3549.1,53.95,0.0,07SIO-69,Seminario,BAJA CALIFORNIA,TIJUANA,69.0,COSTA,BAJA CALIFORNIA,TIJUANA,BAJA CALIFORNIA,2,BAJA CALIFORNIA,4,TIJUANA,TIJUANA,"2,000 - 5,000"
2026-10-07,MDA,BCA,07SIO-69,21,2816.01,2774.55,41.46,0.0,07SIO-69,Seminario,BAJA CALIFORNIA,TIJUANA,69.0,COSTA,BAJA CALIFORNIA,TIJUANA,BAJA CALIFORNIA,2,BAJA CALIFORNIA,4,TIJUANA,TIJUANA,"2,000 - 5,000"
2026-10-07,MDA,BCA,07SIO-69,22,2569.87,2532.25,37.61,0.0,07SIO-69,Seminario,BAJA CALIFORNIA,TIJUANA,69.0,COSTA,BAJA CALIFORNIA,TIJUANA,BAJA CALIFORNIA,2,BAJA CALIFORNIA,4,TIJUANA,TIJUANA,"2,000 - 5,000"
2026-10-07,MDA,BCA,07SIO-69,23,1919.3,1891.38,27.93,0.0,07SIO-69,Seminario,BAJA CALIFORNIA,TIJUANA,69.0,COSTA,BAJA CALIFORNIA,TIJUANA,BAJA CALIFORNIA,2,BAJA CALIFORNIA,4,TIJUANA,TIJUANA,"1,000 - 2,000"
2026-10-07,MDA,BCA,07SIO-69,24,1273.47,1255.72,17.75,0.0,07SIO-69,Seminario,BAJA CALIFORNIA,TIJUANA,69.0,COSTA,BAJA CALIFORNIA,TIJUANA,BAJA CALIFORNIA,2,BAJA CALIFORNIA,4,TIJUANA,TIJUANA,"1,000 - 2,000"
2026-10-07,MDA,BCA,07SIS-161,1,1757.64,1767.84,-10.2,0.0,07SIS-161,Santa Isabel,BAJA CALIFORNIA,MEXICALI,161.0,VALLE,BAJA CALIFORNIA,MEXICALI,BAJA CALIFORNIA,2,BAJA CALIFORNIA,2,MEXICALI,MEXICALI,"1,000 - 2,000"
2026-10-07,MDA,BCA,07SIS-161,2,1147.53,1154.64,-7.1,0.0,07SIS-161,Santa Isabel,BAJA CALIFORNIA,MEXICALI,161.0,VALLE,BAJA CALIFORNIA,MEXICALI,BAJA CALIFORNIA,2,BAJA CALIFORNIA,2,MEXICALI,MEXICALI,"1,000 - 2,000"
2026-10-07,MDA,BCA,07SIS-161,3,753.0,758.91,-5.91,0.0,07SIS-161,Santa Isabel,BAJA CALIFORNIA,MEXICALI,161.0,VALLE,BAJA CALIFORNIA,MEXICALI,BAJA CALIFORNIA,2,BAJA CALIFORNIA,2,MEXICALI,MEXICALI,"500 - 1,000"
2026-10-07,MDA,BCA,07SIS-161,4,663.48,668.11,-4.63,0.0,07SIS-161,Santa Isabel,BAJA CALIFORNIA,MEXICALI,161.0,VALLE,BAJA CALIFORNIA,MEXICALI,BAJA CALIFORNIA,2,BAJA CALIFORNIA,2,MEXICALI,MEXICALI,"500 - 1,000"
2026-10-07,MDA,BCA,07SIS-161,5,665.56,669.64,-4.08,0.0,07SIS-161,Santa Isabel,BAJA CALIFORNIA,MEXICALI,161.0,VALLE,BAJA CALIFORNIA,MEXICALI,BAJA CALIFORNIA,2,BAJA CALIFORNIA,2,MEXICALI,MEXICALI,"500 - 1,000"
2026-10-07,MDA,BCA,07SIS-161,6,646.64,650.89,-4.25,0.0,07SIS-161,Santa Isabel,BAJA CALIFORNIA,MEXICALI,161.0,VALLE,BAJA CALIFORNIA,MEXICALI,BAJA CALIFORNIA,2,BAJA CALIFORNIA,2,MEXICALI,MEXICALI,"500 - 1,000"
2026-10-07,MDA,BCA,07SIS-161,7,736.67,744.05,-7.38,0.0,07SIS-161,Santa Isabel,BAJA CALIFORNIA,MEXICALI,161.0,VALLE,BAJA CALIFORNIA,MEXICALI,BAJA CALIFORNIA,2,BAJA CALIFORNIA,2,MEXICALI,MEXICALI,"500 - 1,000"
2026-10-07,MDA,BCA,07SIS-161,8,754.55,764.19,-9.64,0.0,07SIS-161,Santa Isabel,BAJA CALIFORNIA,MEXICALI,161.0,VALLE,BAJA CALIFORNIA,MEXICALI,BAJA CALIFORNIA,2,BAJA CALIFORNIA,2,MEXICALI,MEXICALI,"500 - 1,000"
2026-10-07,MDA,BCA,07SIS-161,9,1168.71,1195.72,-27.01,0.0,07SIS-161,Santa Isabel,BAJA CALIFORNIA,MEXICALI,161.0,VALLE,BAJA CALIFORNIA,MEXICALI,BAJA CALIFORNIA,2,BAJA CALIFORNIA,2,MEXICALI,MEXICALI,"1,000 - 2,000"
2026-10-07,MDA,BCA,07SIS-161,10,1066.64,1093.14,-26.5,0.0,07SIS-161,Santa Isabel,BAJA CALIFORNIA,MEXICALI,161.0,VALLE,BAJA CALIFORNIA,MEXICALI,BAJA CALIFORNIA,2,BAJA CALIFORNIA,2,MEXICALI,MEXICALI,"1,000 - 2,000"
2026-10-07,MDA,BCA,07SIS-161,11,1183.59,1207.07,-23.49,0.0,07SIS-161,Santa Isabel,BAJA CALIFORNIA,MEXICALI,161.0,VALLE,BAJA CALIFORNIA,MEXICALI,BAJA CALIFORNIA,2,BAJA CALIFORNIA,2,MEXICALI,MEXICALI,"1,000 - 2,000"
2026-10-07,MDA,BCA,07SIS-161,12,1206.65,1232.59,-25.94,0.0,07SIS-161,Santa Isabel,BAJA CALIFORNIA,MEXICALI,161.0,VALLE,BAJA CALIFORNIA,MEXICALI,BAJA CALIFORNIA,2,BAJA CALIFORNIA,2,MEXICALI,MEXICALI,"1,000 - 2,000"
2026-10-07,MDA,BCA,07SIS-161,13,1167.35,1196.63,-29.28,0.0,07SIS-161,Santa Isabel,BAJA CALIFORNIA,MEXICALI,161.0,VALLE,BAJA CALIFORNIA,MEXICALI,BAJA CALIFORNIA,2,BAJA CALIFORNIA,2,MEXICALI,MEXICALI,"1,000 - 2,000"
2026-10-07,MDA,BCA,07SIS-161,14,1205.76,1235.33,-29.57,0.0,07SIS-161,Santa Isabel,BAJA CALIFORNIA,MEXICALI,161.0,VALLE,BAJA CALIFORNIA,MEXICALI,BAJA CALIFORNIA,2,BAJA CALIFORNIA,2,MEXICALI,MEXICALI,"1,000 - 2,000"
2026-10-07,MDA,BCA,07SIS-161,15,1465.22,1497.11,-31.89,0.0,07SIS-161,Santa Isabel,BAJA CALIFORNIA,MEXICALI,161.0,VALLE,BAJA CALIFORNIA,MEXICALI,BAJA CALIFORNIA,2,BAJA CALIFORNIA,2,MEXICALI,MEXICALI,"1,000 - 2,000"
2026-10-07,MDA,BCA,07SIS-161,16,1460.02,1493.21,-33.19,0.0,07SIS-161,Santa Isabel,BAJA CALIFORNIA,MEXICALI,161.0,VALLE,BAJA CALIFORNIA,MEXICALI,BAJA CALIFORNIA,2,BAJA CALIFORNIA,2,MEXICALI,MEXICALI,"1,000 - 2,000"
2026-10-07,MDA,BCA,07SIS-161,17,1632.64,1653.66,-21.02,0.0,07SIS-161,Santa Isabel,BAJA CALIFORNIA,MEXICALI,161.0,VALLE,BAJA CALIFORNIA,MEXICALI,BAJA CALIFORNIA,2,BAJA CALIFORNIA,2,MEXICALI,MEXICALI,"1,000 - 2,000"
2026-10-07,MDA,BCA,07SIS-161,18,3460.56,3495.89,-35.33,0.0,07SIS-161,Santa Isabel,BAJA CALIFORNIA,MEXICALI,161.0,VALLE,BAJA CALIFORNIA,MEXICALI,BAJA CALIFORNIA,2,BAJA CALIFORNIA,2,MEXICALI,MEXICALI,"2,000 - 5,000"
2026-10-07,MDA,BCA,07SIS-161,19,3787.38,3815.54,-28.16,0.0,07SIS-161,Santa Isabel,BAJA CALIFORNIA,MEXICALI,161.0,VALLE,BAJA CALIFORNIA,MEXICALI,BAJA CALIFORNIA,2,BAJA CALIFORNIA,2,MEXICALI,MEXICALI,"2,000 - 5,000"
2026-10-07,MDA,BCA,07SIS-161,20,3521.39,3549.1,-27.71,0.0,07SIS-161,Santa Isabel,BAJA CALIFORNIA,MEXICALI,161.0,VALLE,BAJA CALIFORNIA,MEXICALI,BAJA CALIFORNIA,2,BAJA CALIFORNIA,2,MEXICALI,MEXICALI,"2,000 - 5,000"
2026-10-07,MDA,BCA,07SIS-161,21,2750.36,2774.55,-24.19,0.0,07SIS-161,Santa Isabel,BAJA CALIFORNIA,MEXICALI,161.0,VALLE,BAJA CALIFORNIA,MEXICALI,BAJA CALIFORNIA,2,BAJA CALIFORNIA,2,MEXICALI,MEXICALI,"2,000 - 5,000"
2026-10-07,MDA,BCA,07SIS-161,22,2512.47,2532.25,-19.78,0.0,07SIS-161,Santa Isabel,BAJA CALIFORNIA,MEXICALI,161.0,VALLE,BAJA CALIFORNIA,MEXICALI,BAJA CALIFORNIA,2,BAJA CALIFORNIA,2,MEXICALI,MEXICALI,"2,000 - 5,000"
2026-10-07,MDA,BCA,07SIS-161,23,1876.39,1891.38,-14.99,0.0,07SIS-161,Santa Isabel,BAJA CALIFORNIA,MEXICALI,161.0,VALLE,BAJA CALIFORNIA,MEXICALI,BAJA CALIFORNIA,2,BAJA CALIFORNIA,2,MEXICALI,MEXICALI,"1,000 - 2,000"
2026-10-07,MDA,BCA,07SIS-161,24,1243.82,1255.72,-11.9,0.0,07SIS-161,Santa Isabel,BAJA CALIFORNIA,MEXICALI,161.0,VALLE,BAJA CALIFORNIA,MEXICALI,BAJA CALIFORNIA,2,BAJA CALIFORNIA,2,MEXICALI,MEXICALI,"1,000 - 2,000"
2026-10-07,MDA,BCA,07SKW-161,1,1764.13,1767.84,-3.71,0.0,07SKW-161,Skyworks,BAJA CALIFORNIA,MEXICALI,161.0,VALLE,BAJA CALIFORNIA,MEXICALI,BAJA CALIFORNIA,2,BAJA CALIFORNIA,2,MEXICALI,MEXICALI,"1,000 - 2,000"
2026-10-07,MDA,BCA,07SKW-161,2,1151.6,1154.64,-3.04,0.0,07SKW-161,Skyworks,BAJA CALIFORNIA,MEXICALI,161.0,VALLE,BAJA CALIFORNIA,MEXICALI,BAJA CALIFORNIA,2,BAJA CALIFORNIA,2,MEXICALI,MEXICALI,"1,000 - 2,000"
2026-10-07,MDA,BCA,07SKW-161,3,755.68,758.91,-3.23,0.0,07SKW-161,Skyworks,BAJA CALIFORNIA,MEXICALI,161.0,VALLE,BAJA CALIFORNIA,MEXICALI,BAJA CALIFORNIA,2,BAJA CALIFORNIA,2,MEXICALI,MEXICALI,"500 - 1,000"
2026-10-07,MDA,BCA,07SKW-161,4,665.68,668.11,-2.43,0.0,07SKW-161,Skyworks,BAJA CALIFORNIA,MEXICALI,161.0,VALLE,BAJA CALIFORNIA,MEXICALI,BAJA CALIFORNIA,2,BAJA CALIFORNIA,2,MEXICALI,MEXICALI,"500 - 1,000"
2026-10-07,MDA,BCA,07SKW-161,5,667.99,669.64,-1.65,0.0,07SKW-161,Skyworks,BAJA CALIFORNIA,MEXICALI,161.0,VALLE,BAJA CALIFORNIA,MEXICALI,BAJA CALIFORNIA,2,BAJA CALIFORNIA,2,MEXICALI,MEXICALI,"500 - 1,000"
2026-10-07,MDA,BCA,07SKW-161,6,649.0,650.89,-1.9,0.0,07SKW-161,Skyworks,BAJA CALIFORNIA,MEXICALI,161.0,VALLE,BAJA CALIFORNIA,MEXICALI,BAJA CALIFORNIA,2,BAJA CALIFORNIA,2,MEXICALI,MEXICALI,"500 - 1,000"
2026-10-07,MDA,BCA,07SKW-161,7,739.29,744.05,-4.77,0.0,07SKW-161,Skyworks,BAJA CALIFORNIA,MEXICALI,161.0,VALLE,BAJA CALIFORNIA,MEXICALI,BAJA CALIFORNIA,2,BAJA CALIFORNIA,2,MEXICALI,MEXICALI,"500 - 1,000"
2026-10-07,MDA,BCA,07SKW-161,8,757.12,764.19,-7.07,0.0,07SKW-161,Skyworks,BAJA CALIFORNIA,MEXICALI,161.0,VALLE,BAJA CALIFORNIA,MEXICALI,BAJA CALIFORNIA,2,BAJA CALIFORNIA,2,MEXICALI,MEXICALI,"500 - 1,000"
2026-10-07,MDA,BCA,07SKW-161,9,1173.1,1195.72,-22.62,0.0,07SKW-161,Skyworks,BAJA CALIFORNIA,MEXICALI,161.0,VALLE,BAJA CALIFORNIA,MEXICALI,BAJA CALIFORNIA,2,BAJA CALIFORNIA,2,MEXICALI,MEXICALI,"1,000 - 2,000"
2026-10-07,MDA,BCA,07SKW-161,10,1069.94,1093.14,-23.2,0.0,07SKW-161,Skyworks,BAJA CALIFORNIA,MEXICALI,161.0,VALLE,BAJA CALIFORNIA,MEXICALI,BAJA CALIFORNIA,2,BAJA CALIFORNIA,2,MEXICALI,MEXICALI,"1,000 - 2,000"
2026-10-07,MDA,BCA,07SKW-161,11,1187.95,1207.07,-19.12,0.0,07SKW-161,Skyworks,BAJA CALIFORNIA,MEXICALI,161.0,VALLE,BAJA CALIFORNIA,MEXICALI,BAJA CALIFORNIA,2,BAJA CALIFORNIA,2,MEXICALI,MEXICALI,"1,000 - 2,000"
2026-10-07,MDA,BCA,07SKW-161,12,1212.12,1232.59,-20.47,0.0,07SKW-161,Skyworks,BAJA CALIFORNIA,MEXICALI,161.0,VALLE,BAJA CALIFORNIA,MEXICALI,BAJA CALIFORNIA,2,BAJA CALIFORNIA,2,MEXICALI,MEXICALI,"1,000 - 2,000"
2026-10-07,MDA,BCA,07SKW-161,13,1172.02,1196.63,-24.61,0.0,07SKW-161,Skyworks,BAJA CALIFORNIA,MEXICALI,161.0,VALLE,BAJA CALIFORNIA,MEXICALI,BAJA CALIFORNIA,2,BAJA CALIFORNIA,2,MEXICALI,MEXICALI,"1,000 - 2,000"
2026-10-07,MDA,BCA,07SKW-161,14,1211.08,1235.33,-24.25,0.0,07SKW-161,Skyworks,BAJA CALIFORNIA,MEXICALI,161.0,VALLE,BAJA CALIFORNIA,MEXICALI,BAJA CALIFORNIA,2,BAJA CALIFORNIA,2,MEXICALI,MEXICALI,"1,000 - 2,000"
2026-10-07,MDA,BCA,07SKW-161,15,1473.05,1497.11,-24.06,0.0,07SKW-161,Skyworks,BAJA CALIFORNIA,MEXICALI,161.0,VALLE,BAJA CALIFORNIA,MEXICALI,BAJA CALIFORNIA,2,BAJA CALIFORNIA,2,MEXICALI,MEXICALI,"1,000 - 2,000"
2026-10-07,MDA,BCA,07SKW-161,16,1467.36,1493.21,-25.85,0.0,07SKW-161,Skyworks,BAJA CALIFORNIA,MEXICALI,161.0,VALLE,BAJA CALIFORNIA,MEXICALI,BAJA CALIFORNIA,2,BAJA CALIFORNIA,2,MEXICALI,MEXICALI,"1,000 - 2,000"
2026-10-07,MDA,BCA,07SKW-161,17,1641.12,1653.66,-12.54,0.0,07SKW-161,Skyworks,BAJA CALIFORNIA,MEXICALI,161.0,VALLE,BAJA CALIFORNIA,MEXICALI,BAJA CALIFORNIA,2,BAJA CALIFORNIA,2,MEXICALI,MEXICALI,"1,000 - 2,000"
2026-10-07,MDA,BCA,07SKW-161,18,3476.33,3495.89,-19.56,0.0,07SKW-161,Skyworks,BAJA CALIFORNIA,MEXICALI,161.0,VALLE,BAJA CALIFORNIA,MEXICALI,BAJA CALIFORNIA,2,BAJA CALIFORNIA,2,MEXICALI,MEXICALI,"2,000 - 5,000"
2026-10-07,MDA,BCA,07SKW-161,19,3803.95,3815.54,-11.6,0.0,07SKW-161,Skyworks,BAJA CALIFORNIA,MEXICALI,161.0,VALLE,BAJA CALIFORNIA,MEXICALI,BAJA CALIFORNIA,2,BAJA CALIFORNIA,2,MEXICALI,MEXICALI,"2,000 - 5,000"
2026-10-07,MDA,BCA,07SKW-161,20,3536.11,3549.1,-13.0,0.0,07SKW-161,Skyworks,BAJA CALIFORNIA,MEXICALI,161.0,VALLE,BAJA CALIFORNIA,MEXICALI,BAJA CALIFORNIA,2,BAJA CALIFORNIA,2,MEXICALI,MEXICALI,"2,000 - 5,000"
2026-10-07,MDA,BCA,07SKW-161,21,2762.58,2774.55,-11.97,0.0,07SKW-161,Skyworks,BAJA CALIFORNIA,MEXICALI,161.0,VALLE,BAJA CALIFORNIA,MEXICALI,BAJA CALIFORNIA,2,BAJA CALIFORNIA,2,MEXICALI,MEXICALI,"2,000 - 5,000"
2026-10-07,MDA,BCA,07SKW-161,22,2522.54,2532.25,-9.71,0.0,07SKW-161,Skyworks,BAJA CALIFORNIA,MEXICALI,161.0,VALLE,BAJA CALIFORNIA,MEXICALI,BAJA CALIFORNIA,2,BAJA CALIFORNIA,2,MEXICALI,MEXICALI,"2,000 - 5,000"
2026-10-07,MDA,BCA,07SKW-161,23,1882.69,1891.38,-8.68,0.0,07SKW-161,Skyworks,BAJA CALIFORNIA,MEXICALI,161.0,VALLE,BAJA CALIFORNIA,MEXICALI,BAJA CALIFORNIA,2,BAJA CALIFORNIA,2,MEXICALI,MEXICALI,"1,000 - 2,000"
2026-10-07,MDA,BCA,07SKW-161,24,1247.8,1255.72,-7.92,0.0,07SKW-161,Skyworks,BAJA CALIFORNIA,MEXICALI,161.0,VALLE,BAJA CALIFORNIA,MEXICALI,BAJA CALIFORNIA,2,BAJA CALIFORNIA,2,MEXICALI,MEXICALI,"1,000 - 2,000"
2026-10-07,MDA,BCA,07SMA-115,1,1978.81,1767.84,210.97,0.0,07SMA-115,Maniobras San Matias,BAJA CALIFORNIA,ENSENADA,115.0,COSTA,BAJA CALIFORNIA,ENSENADA,BAJA CALIFORNIA,2,BAJA CALIFORNIA,1,ENSENADA,ENSENADA,"1,000 - 2,000"
2026-10-07,MDA,BCA,07SMA-115,2,1287.15,1154.64,132.52,0.0,07SMA-115,Maniobras San Matias,BAJA CALIFORNIA,ENSENADA,115.0,COSTA,BAJA CALIFORNIA,ENSENADA,BAJA CALIFORNIA,2,BAJA CALIFORNIA,1,ENSENADA,ENSENADA,"1,000 - 2,000"
2026-10-07,MDA,BCA,07SMA-115,3,844.65,758.91,85.75,0.0,07SMA-115,Maniobras San Matias,BAJA CALIFORNIA,ENSENADA,115.0,COSTA,BAJA CALIFORNIA,ENSENADA,BAJA CALIFORNIA,2,BAJA CALIFORNIA,1,ENSENADA,ENSENADA,"500 - 1,000"
2026-10-07,MDA,BCA,07SMA-115,4,740.82,668.11,72.71,0.0,07SMA-115,Maniobras San Matias,BAJA CALIFORNIA,ENSENADA,115.0,COSTA,BAJA CALIFORNIA,ENSENADA,BAJA CALIFORNIA,2,BAJA CALIFORNIA,1,ENSENADA,ENSENADA,"500 - 1,000"
2026-10-07,MDA,BCA,07SMA-115,5,741.73,669.64,72.09,0.0,07SMA-115,Maniobras San Matias,BAJA CALIFORNIA,ENSENADA,115.0,COSTA,BAJA CALIFORNIA,ENSENADA,BAJA CALIFORNIA,2,BAJA CALIFORNIA,1,ENSENADA,ENSENADA,"500 - 1,000"
2026-10-07,MDA,BCA,07SMA-115,6,720.65,650.89,69.76,0.0,07SMA-115,Maniobras San Matias,BAJA CALIFORNIA,ENSENADA,115.0,COSTA,BAJA CALIFORNIA,ENSENADA,BAJA CALIFORNIA,2,BAJA CALIFORNIA,1,ENSENADA,ENSENADA,"500 - 1,000"
2026-10-07,MDA,BCA,07SMA-115,7,827.66,744.05,83.61,0.0,07SMA-115,Maniobras San Matias,BAJA CALIFORNIA,ENSENADA,115.0,COSTA,BAJA CALIFORNIA,ENSENADA,BAJA CALIFORNIA,2,BAJA CALIFORNIA,1,ENSENADA,ENSENADA,"500 - 1,000"
2026-10-07,MDA,BCA,07SMA-115,8,856.79,764.19,92.6,0.0,07SMA-115,Maniobras San Matias,BAJA CALIFORNIA,ENSENADA,115.0,COSTA,BAJA CALIFORNIA,ENSENADA,BAJA CALIFORNIA,2,BAJA CALIFORNIA,1,ENSENADA,ENSENADA,"500 - 1,000"
2026-10-07,MDA,BCA,07SMA-115,9,1352.76,1195.72,157.05,0.0,07SMA-115,Maniobras San Matias,BAJA CALIFORNIA,ENSENADA,115.0,COSTA,BAJA CALIFORNIA,ENSENADA,BAJA CALIFORNIA,2,BAJA CALIFORNIA,1,ENSENADA,ENSENADA,"1,000 - 2,000"
2026-10-07,MDA,BCA,07SMA-115,10,1242.89,1093.14,149.76,0.0,07SMA-115,Maniobras San Matias,BAJA CALIFORNIA,ENSENADA,115.0,COSTA,BAJA CALIFORNIA,ENSENADA,BAJA CALIFORNIA,2,BAJA CALIFORNIA,1,ENSENADA,ENSENADA,"1,000 - 2,000"
2026-10-07,MDA,BCA,07SMA-115,11,1376.99,1207.07,169.91,0.0,07SMA-115,Maniobras San Matias,BAJA CALIFORNIA,ENSENADA,115.0,COSTA,BAJA CALIFORNIA,ENSENADA,BAJA CALIFORNIA,2,BAJA CALIFORNIA,1,ENSENADA,ENSENADA,"1,000 - 2,000"
2026-10-07,MDA,BCA,07SMA-115,12,7802.11,1232.59,174.96,6394.57,07SMA-115,Maniobras San Matias,BAJA CALIFORNIA,ENSENADA,115.0,COSTA,BAJA CALIFORNIA,ENSENADA,BAJA CALIFORNIA,2,BAJA CALIFORNIA,1,ENSENADA,ENSENADA,"5,000 - 10,000"
2026-10-07,MDA,BCA,07SMA-115,13,9444.33,1196.63,173.1,8074.6,07SMA-115,Maniobras San Matias,BAJA CALIFORNIA,ENSENADA,115.0,COSTA,BAJA CALIFORNIA,ENSENADA,BAJA CALIFORNIA,2,BAJA CALIFORNIA,1,ENSENADA,ENSENADA,"5,000 - 10,000"
2026-10-07,MDA,BCA,07SMA-115,14,10157.69,1235.33,177.01,8745.35,07SMA-115,Maniobras San Matias,BAJA CALIFORNIA,ENSENADA,115.0,COSTA,BAJA CALIFORNIA,ENSENADA,BAJA CALIFORNIA,2,BAJA CALIFORNIA,1,ENSENADA,ENSENADA,"10,000 o más"
2026-10-07,MDA,BCA,07SMA-115,15,7807.34,1497.11,214.21,6096.02,07SMA-115,Maniobras San Matias,BAJA CALIFORNIA,ENSENADA,115.0,COSTA,BAJA CALIFORNIA,ENSENADA,BAJA CALIFORNIA,2,BAJA CALIFORNIA,1,ENSENADA,ENSENADA,"5,000 - 10,000"
2026-10-07,MDA,BCA,07SMA-115,16,9394.71,1493.21,211.0,7690.49,07SMA-115,Maniobras San Matias,BAJA CALIFORNIA,ENSENADA,115.0,COSTA,BAJA CALIFORNIA,ENSENADA,BAJA CALIFORNIA,2,BAJA CALIFORNIA,1,ENSENADA,ENSENADA,"5,000 - 10,000"
2026-10-07,MDA,BCA,07SMA-115,17,10941.76,1653.66,244.51,9043.6,07SMA-115,Maniobras San Matias,BAJA CALIFORNIA,ENSENADA,115.0,COSTA,BAJA CALIFORNIA,ENSENADA,BAJA CALIFORNIA,2,BAJA CALIFORNIA,1,ENSENADA,ENSENADA,"10,000 o más"
2026-10-07,MDA,BCA,07SMA-115,18,11332.71,3495.89,524.75,7312.07,07SMA-115,Maniobras San Matias,BAJA CALIFORNIA,ENSENADA,115.0,COSTA,BAJA CALIFORNIA,ENSENADA,BAJA CALIFORNIA,2,BAJA CALIFORNIA,1,ENSENADA,ENSENADA,"10,000 o más"
2026-10-07,MDA,BCA,07SMA-115,19,10306.72,3815.54,549.95,5941.22,07SMA-115,Maniobras San Matias,BAJA CALIFORNIA,ENSENADA,115.0,COSTA,BAJA CALIFORNIA,ENSENADA,BAJA CALIFORNIA,2,BAJA CALIFORNIA,1,ENSENADA,ENSENADA,"10,000 o más"
2026-10-07,MDA,BCA,07SMA-115,20,10667.69,3549.1,498.55,6620.03,07SMA-115,Maniobras San Matias,BAJA CALIFORNIA,ENSENADA,115.0,COSTA,BAJA CALIFORNIA,ENSENADA,BAJA CALIFORNIA,2,BAJA CALIFORNIA,1,ENSENADA,ENSENADA,"10,000 o más"
2026-10-07,MDA,BCA,07SMA-115,21,9463.87,2774.55,392.24,6297.08,07SMA-115,Maniobras San Matias,BAJA CALIFORNIA,ENSENADA,115.0,COSTA,BAJA CALIFORNIA,ENSENADA,BAJA CALIFORNIA,2,BAJA CALIFORNIA,1,ENSENADA,ENSENADA,"5,000 - 10,000"
2026-10-07,MDA,BCA,07SMA-115,22,10855.09,2532.25,337.48,7985.35,07SMA-115,Maniobras San Matias,BAJA CALIFORNIA,ENSENADA,115.0,COSTA,BAJA CALIFORNIA,ENSENADA,BAJA CALIFORNIA,2,BAJA CALIFORNIA,1,ENSENADA,ENSENADA,"10,000 o más"
2026-10-07,MDA,BCA,07SMA-115,23,2130.46,1891.38,239.09,0.0,07SMA-115,Maniobras San Matias,BAJA CALIFORNIA,ENSENADA,115.0,COSTA,BAJA CALIFORNIA,ENSENADA,BAJA CALIFORNIA,2,BAJA CALIFORNIA,1,ENSENADA,ENSENADA,"2,000 - 5,000"
2026-10-07,MDA,BCA,07SMA-115,24,1407.63,1255.72,151.91,0.0,07SMA-115,Maniobras San Matias,BAJA CALIFORNIA,ENSENADA,115.0,COSTA,BAJA CALIFORNIA,ENSENADA,BAJA CALIFORNIA,2,BAJA CALIFORNIA,1,ENSENADA,ENSENADA,"1,000 - 2,000"
2026-10-07,MDA,BCA,07SMN-115,1,2056.56,1767.84,288.73,0.0,07SMN-115,San Simon,BAJA CALIFORNIA,ENSENADA,115.0,COSTA,BAJA CALIFORNIA,ENSENADA,BAJA CALIFORNIA,2,BAJA CALIFORNIA,1,ENSENADA,ENSENADA,"2,000 - 5,000"
2026-10-07,MDA,BCA,07SMN-115,2,1336.93,1154.64,182.3,0.0,07SMN-115,San Simon,BAJA CALIFORNIA,ENSENADA,115.0,COSTA,BAJA CALIFORNIA,ENSENADA,BAJA CALIFORNIA,2,BAJA CALIFORNIA,1,ENSENADA,ENSENADA,"1,000 - 2,000"
2026-10-07,MDA,BCA,07SMN-115,3,877.88,758.91,118.97,0.0,07SMN-115,San Simon,BAJA CALIFORNIA,ENSENADA,115.0,COSTA,BAJA CALIFORNIA,ENSENADA,BAJA CALIFORNIA,2,BAJA CALIFORNIA,1,ENSENADA,ENSENADA,"500 - 1,000"
2026-10-07,MDA,BCA,07SMN-115,4,769.88,668.11,101.77,0.0,07SMN-115,San Simon,BAJA CALIFORNIA,ENSENADA,115.0,COSTA,BAJA CALIFORNIA,ENSENADA,BAJA CALIFORNIA,2,BAJA CALIFORNIA,1,ENSENADA,ENSENADA,"500 - 1,000"
2026-10-07,MDA,BCA,07SMN-115,5,771.42,669.64,101.78,0.0,07SMN-115,San Simon,BAJA CALIFORNIA,ENSENADA,115.0,COSTA,BAJA CALIFORNIA,ENSENADA,BAJA CALIFORNIA,2,BAJA CALIFORNIA,1,ENSENADA,ENSENADA,"500 - 1,000"
2026-10-07,MDA,BCA,07SMN-115,6,749.42,650.89,98.52,0.0,07SMN-115,San Simon,BAJA CALIFORNIA,ENSENADA,115.0,COSTA,BAJA CALIFORNIA,ENSENADA,BAJA CALIFORNIA,2,BAJA CALIFORNIA,1,ENSENADA,ENSENADA,"500 - 1,000"
2026-10-07,MDA,BCA,07SMN-115,7,862.41,744.05,118.36,0.0,07SMN-115,San Simon,BAJA CALIFORNIA,ENSENADA,115.0,COSTA,BAJA CALIFORNIA,ENSENADA,BAJA CALIFORNIA,2,BAJA CALIFORNIA,1,ENSENADA,ENSENADA,"500 - 1,000"
2026-10-07,MDA,BCA,07SMN-115,8,894.06,764.19,129.87,0.0,07SMN-115,San Simon,BAJA CALIFORNIA,ENSENADA,115.0,COSTA,BAJA CALIFORNIA,ENSENADA,BAJA CALIFORNIA,2,BAJA CALIFORNIA,1,ENSENADA,ENSENADA,"500 - 1,000"
2026-10-07,MDA,BCA,07SMN-115,9,1411.94,1195.72,216.23,0.0,07SMN-115,San Simon,BAJA CALIFORNIA,ENSENADA,115.0,COSTA,BAJA CALIFORNIA,ENSENADA,BAJA CALIFORNIA,2,BAJA CALIFORNIA,1,ENSENADA,ENSENADA,"1,000 - 2,000"
2026-10-07,MDA,BCA,07SMN-115,10,1296.94,1093.14,203.8,0.0,07SMN-115,San Simon,BAJA CALIFORNIA,ENSENADA,115.0,COSTA,BAJA CALIFORNIA,ENSENADA,BAJA CALIFORNIA,2,BAJA CALIFORNIA,1,ENSENADA,ENSENADA,"1,000 - 2,000"
2026-10-07,MDA,BCA,07SMN-115,11,1426.78,1207.07,219.71,0.0,07SMN-115,San Simon,BAJA CALIFORNIA,ENSENADA,115.0,COSTA,BAJA CALIFORNIA,ENSENADA,BAJA CALIFORNIA,2,BAJA CALIFORNIA,1,ENSENADA,ENSENADA,"1,000 - 2,000"
2026-10-07,MDA,BCA,07SMN-115,12,7852.44,1232.59,225.28,6394.57,07SMN-115,San Simon,BAJA CALIFORNIA,ENSENADA,115.0,COSTA,BAJA CALIFORNIA,ENSENADA,BAJA CALIFORNIA,2,BAJA CALIFORNIA,1,ENSENADA,ENSENADA,"5,000 - 10,000"
2026-10-07,MDA,BCA,07SMN-115,13,9495.1,1196.63,223.87,8074.6,07SMN-115,San Simon,BAJA CALIFORNIA,ENSENADA,115.0,COSTA,BAJA CALIFORNIA,ENSENADA,BAJA CALIFORNIA,2,BAJA CALIFORNIA,1,ENSENADA,ENSENADA,"5,000 - 10,000"
2026-10-07,MDA,BCA,07SMN-115,14,10214.69,1235.33,234.01,8745.35,07SMN-115,San Simon,BAJA CALIFORNIA,ENSENADA,115.0,COSTA,BAJA CALIFORNIA,ENSENADA,BAJA CALIFORNIA,2,BAJA CALIFORNIA,1,ENSENADA,ENSENADA,"10,000 o más"
2026-10-07,MDA,BCA,07SMN-115,15,7878.51,1497.11,285.38,6096.02,07SMN-115,San Simon,BAJA CALIFORNIA,ENSENADA,115.0,COSTA,BAJA CALIFORNIA,ENSENADA,BAJA CALIFORNIA,2,BAJA CALIFORNIA,1,ENSENADA,ENSENADA,"5,000 - 10,000"
2026-10-07,MDA,BCA,07SMN-115,16,9467.03,1493.21,283.32,7690.49,07SMN-115,San Simon,BAJA CALIFORNIA,ENSENADA,115.0,COSTA,BAJA CALIFORNIA,ENSENADA,BAJA CALIFORNIA,2,BAJA CALIFORNIA,1,ENSENADA,ENSENADA,"5,000 - 10,000"
2026-10-07,MDA,BCA,07SMN-115,17,11027.29,1653.66,330.03,9043.6,07SMN-115,San Simon,BAJA CALIFORNIA,ENSENADA,115.0,COSTA,BAJA CALIFORNIA,ENSENADA,BAJA CALIFORNIA,2,BAJA CALIFORNIA,1,ENSENADA,ENSENADA,"10,000 o más"
2026-10-07,MDA,BCA,07SMN-115,18,11512.35,3495.89,704.39,7312.07,07SMN-115,San Simon,BAJA CALIFORNIA,ENSENADA,115.0,COSTA,BAJA CALIFORNIA,ENSENADA,BAJA CALIFORNIA,2,BAJA CALIFORNIA,1,ENSENADA,ENSENADA,"10,000 o más"
2026-10-07,MDA,BCA,07SMN-115,19,10509.69,3815.54,752.92,5941.22,07SMN-115,San Simon,BAJA CALIFORNIA,ENSENADA,115.0,COSTA,BAJA CALIFORNIA,ENSENADA,BAJA CALIFORNIA,2,BAJA CALIFORNIA,1,ENSENADA,ENSENADA,"10,000 o más"
2026-10-07,MDA,BCA,07SMN-115,20,10869.66,3549.1,700.52,6620.03,07SMN-115,San Simon,BAJA CALIFORNIA,ENSENADA,115.0,COSTA,BAJA CALIFORNIA,ENSENADA,BAJA CALIFORNIA,2,BAJA CALIFORNIA,1,ENSENADA,ENSENADA,"10,000 o más"
2026-10-07,MDA,BCA,07SMN-115,21,9627.83,2774.55,556.2,6297.08,07SMN-115,San Simon,BAJA CALIFORNIA,ENSENADA,115.0,COSTA,BAJA CALIFORNIA,ENSENADA,BAJA CALIFORNIA,2,BAJA CALIFORNIA,1,ENSENADA,ENSENADA,"5,000 - 10,000"
2026-10-07,MDA,BCA,07SMN-115,22,10997.48,2532.25,479.88,7985.35,07SMN-115,San Simon,BAJA CALIFORNIA,ENSENADA,115.0,COSTA,BAJA CALIFORNIA,ENSENADA,BAJA CALIFORNIA,2,BAJA CALIFORNIA,1,ENSENADA,ENSENADA,"10,000 o más"
2026-10-07,MDA,BCA,07SMN-115,23,2231.61,1891.38,340.23,0.0,07SMN-115,San Simon,BAJA CALIFORNIA,ENSENADA,115.0,COSTA,BAJA CALIFORNIA,ENSENADA,BAJA CALIFORNIA,2,BAJA CALIFORNIA,1,ENSENADA,ENSENADA,"2,000 - 5,000"
2026-10-07,MDA,BCA,07SMN-115,24,1473.56,1255.72,217.84,0.0,07SMN-115,San Simon,BAJA CALIFORNIA,ENSENADA,115.0,COSTA,BAJA CALIFORNIA,ENSENADA,BAJA CALIFORNIA,2,BAJA CALIFORNIA,1,ENSENADA,ENSENADA,"1,000 - 2,000"
2026-10-07,MDA,BCA,07SQN-115,1,2042.8,1767.84,274.97,0.0,07SQN-115,San Quintin,BAJA CALIFORNIA,ENSENADA,115.0,COSTA,BAJA CALIFORNIA,ENSENADA,BAJA CALIFORNIA,2,BAJA CALIFORNIA,1,ENSENADA,ENSENADA,"2,000 - 5,000"
2026-10-07,MDA,BCA,07SQN-115,2,1328.26,1154.64,173.63,0.0,07SQN-115,San Quintin,BAJA CALIFORNIA,ENSENADA,115.0,COSTA,BAJA CALIFORNIA,ENSENADA,BAJA CALIFORNIA,2,BAJA CALIFORNIA,1,ENSENADA,ENSENADA,"1,000 - 2,000"
2026-10-07,MDA,BCA,07SQN-115,3,872.35,758.91,113.44,0.0,07SQN-115,San Quintin,BAJA CALIFORNIA,ENSENADA,115.0,COSTA,BAJA CALIFORNIA,ENSENADA,BAJA CALIFORNIA,2,BAJA CALIFORNIA,1,ENSENADA,ENSENADA,"500 - 1,000"
2026-10-07,MDA,BCA,07SQN-115,4,765.24,668.11,97.13,0.0,07SQN-115,San Quintin,BAJA CALIFORNIA,ENSENADA,115.0,COSTA,BAJA CALIFORNIA,ENSENADA,BAJA CALIFORNIA,2,BAJA CALIFORNIA,1,ENSENADA,ENSENADA,"500 - 1,000"
2026-10-07,MDA,BCA,07SQN-115,5,766.78,669.64,97.14,0.0,07SQN-115,San Quintin,BAJA CALIFORNIA,ENSENADA,115.0,COSTA,BAJA CALIFORNIA,ENSENADA,BAJA CALIFORNIA,2,BAJA CALIFORNIA,1,ENSENADA,ENSENADA,"500 - 1,000"
2026-10-07,MDA,BCA,07SQN-115,6,744.94,650.89,94.05,0.0,07SQN-115,San Quintin,BAJA CALIFORNIA,ENSENADA,115.0,COSTA,BAJA CALIFORNIA,ENSENADA,BAJA CALIFORNIA,2,BAJA CALIFORNIA,1,ENSENADA,ENSENADA,"500 - 1,000"
2026-10-07,MDA,BCA,07SQN-115,7,857.03,744.05,112.97,0.0,07SQN-115,San Quintin,BAJA CALIFORNIA,ENSENADA,115.0,COSTA,BAJA CALIFORNIA,ENSENADA,BAJA CALIFORNIA,2,BAJA CALIFORNIA,1,ENSENADA,ENSENADA,"500 - 1,000"
2026-10-07,MDA,BCA,07SQN-115,8,888.13,764.19,123.94,0.0,07SQN-115,San Quintin,BAJA CALIFORNIA,ENSENADA,115.0,COSTA,BAJA CALIFORNIA,ENSENADA,BAJA CALIFORNIA,2,BAJA CALIFORNIA,1,ENSENADA,ENSENADA,"500 - 1,000"
2026-10-07,MDA,BCA,07SQN-115,9,1402.04,1195.72,206.33,0.0,07SQN-115,San Quintin,BAJA CALIFORNIA,ENSENADA,115.0,COSTA,BAJA CALIFORNIA,ENSENADA,BAJA CALIFORNIA,2,BAJA CALIFORNIA,1,ENSENADA,ENSENADA,"1,000 - 2,000"
2026-10-07,MDA,BCA,07SQN-115,10,1287.43,1093.14,194.29,0.0,07SQN-115,San Quintin,BAJA CALIFORNIA,ENSENADA,115.0,COSTA,BAJA CALIFORNIA,ENSENADA,BAJA CALIFORNIA,2,BAJA CALIFORNIA,1,ENSENADA,ENSENADA,"1,000 - 2,000"
2026-10-07,MDA,BCA,07SQN-115,11,1416.54,1207.07,209.46,0.0,07SQN-115,San Quintin,BAJA CALIFORNIA,ENSENADA,115.0,COSTA,BAJA CALIFORNIA,ENSENADA,BAJA CALIFORNIA,2,BAJA CALIFORNIA,1,ENSENADA,ENSENADA,"1,000 - 2,000"
2026-10-07,MDA,BCA,07SQN-115,12,7842.23,1232.59,215.07,6394.57,07SQN-115,San Quintin,BAJA CALIFORNIA,ENSENADA,115.0,COSTA,BAJA CALIFORNIA,ENSENADA,BAJA CALIFORNIA,2,BAJA CALIFORNIA,1,ENSENADA,ENSENADA,"5,000 - 10,000"
2026-10-07,MDA,BCA,07SQN-115,13,9484.78,1196.63,213.55,8074.6,07SQN-115,San Quintin,BAJA CALIFORNIA,ENSENADA,115.0,COSTA,BAJA CALIFORNIA,ENSENADA,BAJA CALIFORNIA,2,BAJA CALIFORNIA,1,ENSENADA,ENSENADA,"5,000 - 10,000"
2026-10-07,MDA,BCA,07SQN-115,14,10203.56,1235.33,222.88,8745.35,07SQN-115,San Quintin,BAJA CALIFORNIA,ENSENADA,115.0,COSTA,BAJA CALIFORNIA,ENSENADA,BAJA CALIFORNIA,2,BAJA CALIFORNIA,1,ENSENADA,ENSENADA,"10,000 o más"
2026-10-07,MDA,BCA,07SQN-115,15,7864.93,1497.11,271.79,6096.02,07SQN-115,San Quintin,BAJA CALIFORNIA,ENSENADA,115.0,COSTA,BAJA CALIFORNIA,ENSENADA,BAJA CALIFORNIA,2,BAJA CALIFORNIA,1,ENSENADA,ENSENADA,"5,000 - 10,000"
2026-10-07,MDA,BCA,07SQN-115,16,9453.32,1493.21,269.62,7690.49,07SQN-115,San Quintin,BAJA CALIFORNIA,ENSENADA,115.0,COSTA,BAJA CALIFORNIA,ENSENADA,BAJA CALIFORNIA,2,BAJA CALIFORNIA,1,ENSENADA,ENSENADA,"5,000 - 10,000"
2026-10-07,MDA,BCA,07SQN-115,17,11011.13,1653.66,313.87,9043.6,07SQN-115,San Quintin,BAJA CALIFORNIA,ENSENADA,115.0,COSTA,BAJA CALIFORNIA,ENSENADA,BAJA CALIFORNIA,2,BAJA CALIFORNIA,1,ENSENADA,ENSENADA,"10,000 o más"
2026-10-07,MDA,BCA,07SQN-115,18,11478.08,3495.89,670.12,7312.07,07SQN-115,San Quintin,BAJA CALIFORNIA,ENSENADA,115.0,COSTA,BAJA CALIFORNIA,ENSENADA,BAJA CALIFORNIA,2,BAJA CALIFORNIA,1,ENSENADA,ENSENADA,"10,000 o más"
2026-10-07,MDA,BCA,07SQN-115,19,10473.6,3815.54,716.83,5941.22,07SQN-115,San Quintin,BAJA CALIFORNIA,ENSENADA,115.0,COSTA,BAJA CALIFORNIA,ENSENADA,BAJA CALIFORNIA,2,BAJA CALIFORNIA,1,ENSENADA,ENSENADA,"10,000 o más"
2026-10-07,MDA,BCA,07SQN-115,20,10835.63,3549.1,666.5,6620.03,07SQN-115,San Quintin,BAJA CALIFORNIA,ENSENADA,115.0,COSTA,BAJA CALIFORNIA,ENSENADA,BAJA CALIFORNIA,2,BAJA CALIFORNIA,1,ENSENADA,ENSENADA,"10,000 o más"
2026-10-07,MDA,BCA,07SQN-115,21,9601.1,2774.55,529.48,6297.08,07SQN-115,San Quintin,BAJA CALIFORNIA,ENSENADA,115.0,COSTA,BAJA CALIFORNIA,ENSENADA,BAJA CALIFORNIA,2,BAJA CALIFORNIA,1,ENSENADA,ENSENADA,"5,000 - 10,000"
2026-10-07,MDA,BCA,07SQN-115,22,10974.13,2532.25,456.53,7985.35,07SQN-115,San Quintin,BAJA CALIFORNIA,ENSENADA,115.0,COSTA,BAJA CALIFORNIA,ENSENADA,BAJA CALIFORNIA,2,BAJA CALIFORNIA,1,ENSENADA,ENSENADA,"10,000 o más"
2026-10-07,MDA,BCA,07SQN-115,23,2214.97,1891.38,323.59,0.0,07SQN-115,San Quintin,BAJA CALIFORNIA,ENSENADA,115.0,COSTA,BAJA CALIFORNIA,ENSENADA,BAJA CALIFORNIA,2,BAJA CALIFORNIA,1,ENSENADA,ENSENADA,"2,000 - 5,000"
2026-10-07,MDA,BCA,07SQN-115,24,1462.98,1255.72,207.26,0.0,07SQN-115,San Quintin,BAJA CALIFORNIA,ENSENADA,115.0,COSTA,BAJA CALIFORNIA,ENSENADA,BAJA CALIFORNIA,2,BAJA CALIFORNIA,1,ENSENADA,ENSENADA,"1,000 - 2,000"
2026-10-07,MDA,BCA,07SRY-230,1,1779.93,1767.84,12.1,0.0,07SRY-230,San Luis Rey,BAJA CALIFORNIA,SANLUIS,230.0,VALLE,BAJA CALIFORNIA,SAN LUIS,BAJA CALIFORNIA,26,SONORA,55,SAN LUIS RIO COLORADO,SAN LUIS RIO COLORADO,"1,000 - 2,000"
2026-10-07,MDA,BCA,07SRY-230,2,1161.01,1154.64,6.37,0.0,07SRY-230,San Luis Rey,BAJA CALIFORNIA,SANLUIS,230.0,VALLE,BAJA CALIFORNIA,SAN LUIS,BAJA CALIFORNIA,26,SONORA,55,SAN LUIS RIO COLORADO,SAN LUIS RIO COLORADO,"1,000 - 2,000"
2026-10-07,MDA,BCA,07SRY-230,3,761.38,758.91,2.47,0.0,07SRY-230,San Luis Rey,BAJA CALIFORNIA,SANLUIS,230.0,VALLE,BAJA CALIFORNIA,SAN LUIS,BAJA CALIFORNIA,26,SONORA,55,SAN LUIS RIO COLORADO,SAN LUIS RIO COLORADO,"500 - 1,000"
2026-10-07,MDA,BCA,07SRY-230,4,670.41,668.11,2.3,0.0,07SRY-230,San Luis Rey,BAJA CALIFORNIA,SANLUIS,230.0,VALLE,BAJA CALIFORNIA,SAN LUIS,BAJA CALIFORNIA,26,SONORA,55,SAN LUIS RIO COLORADO,SAN LUIS RIO COLORADO,"500 - 1,000"
2026-10-07,MDA,BCA,07SRY-230,5,672.43,669.64,2.79,0.0,07SRY-230,San Luis Rey,BAJA CALIFORNIA,SANLUIS,230.0,VALLE,BAJA CALIFORNIA,SAN LUIS,BAJA CALIFORNIA,26,SONORA,55,SAN LUIS RIO COLORADO,SAN LUIS RIO COLORADO,"500 - 1,000"
2026-10-07,MDA,BCA,07SRY-230,6,653.2,650.89,2.31,0.0,07SRY-230,San Luis Rey,BAJA CALIFORNIA,SANLUIS,230.0,VALLE,BAJA CALIFORNIA,SAN LUIS,BAJA CALIFORNIA,26,SONORA,55,SAN LUIS RIO COLORADO,SAN LUIS RIO COLORADO,"500 - 1,000"
2026-10-07,MDA,BCA,07SRY-230,7,743.94,744.05,-0.12,0.0,07SRY-230,San Luis Rey,BAJA CALIFORNIA,SANLUIS,230.0,VALLE,BAJA CALIFORNIA,SAN LUIS,BAJA CALIFORNIA,26,SONORA,55,SAN LUIS RIO COLORADO,SAN LUIS RIO COLORADO,"500 - 1,000"
2026-10-07,MDA,BCA,07SRY-230,8,761.55,764.19,-2.64,0.0,07SRY-230,San Luis Rey,BAJA CALIFORNIA,SANLUIS,230.0,VALLE,BAJA CALIFORNIA,SAN LUIS,BAJA CALIFORNIA,26,SONORA,55,SAN LUIS RIO COLORADO,SAN LUIS RIO COLORADO,"500 - 1,000"
2026-10-07,MDA,BCA,07SRY-230,9,1180.22,1195.72,-15.5,0.0,07SRY-230,San Luis Rey,BAJA CALIFORNIA,SANLUIS,230.0,VALLE,BAJA CALIFORNIA,SAN LUIS,BAJA CALIFORNIA,26,SONORA,55,SAN LUIS RIO COLORADO,SAN LUIS RIO COLORADO,"1,000 - 2,000"
2026-10-07,MDA,BCA,07SRY-230,10,1077.78,1093.14,-15.36,0.0,07SRY-230,San Luis Rey,BAJA CALIFORNIA,SANLUIS,230.0,VALLE,BAJA CALIFORNIA,SAN LUIS,BAJA CALIFORNIA,26,SONORA,55,SAN LUIS RIO COLORADO,SAN LUIS RIO COLORADO,"1,000 - 2,000"
2026-10-07,MDA,BCA,07SRY-230,11,1197.71,1207.07,-9.36,0.0,07SRY-230,San Luis Rey,BAJA CALIFORNIA,SANLUIS,230.0,VALLE,BAJA CALIFORNIA,SAN LUIS,BAJA CALIFORNIA,26,SONORA,55,SAN LUIS RIO COLORADO,SAN LUIS RIO COLORADO,"1,000 - 2,000"
2026-10-07,MDA,BCA,07SRY-230,12,1223.45,1232.59,-9.14,0.0,07SRY-230,San Luis Rey,BAJA CALIFORNIA,SANLUIS,230.0,VALLE,BAJA CALIFORNIA,SAN LUIS,BAJA CALIFORNIA,26,SONORA,55,SAN LUIS RIO COLORADO,SAN LUIS RIO COLORADO,"1,000 - 2,000"
2026-10-07,MDA,BCA,07SRY-230,13,1183.27,1196.63,-13.35,0.0,07SRY-230,San Luis Rey,BAJA CALIFORNIA,SANLUIS,230.0,VALLE,BAJA CALIFORNIA,SAN LUIS,BAJA CALIFORNIA,26,SONORA,55,SAN LUIS RIO COLORADO,SAN LUIS RIO COLORADO,"1,000 - 2,000"
2026-10-07,MDA,BCA,07SRY-230,14,1223.03,1235.33,-12.3,0.0,07SRY-230,San Luis Rey,BAJA CALIFORNIA,SANLUIS,230.0,VALLE,BAJA CALIFORNIA,SAN LUIS,BAJA CALIFORNIA,26,SONORA,55,SAN LUIS RIO COLORADO,SAN LUIS RIO COLORADO,"1,000 - 2,000"
2026-10-07,MDA,BCA,07SRY-230,15,1488.47,1497.11,-8.64,0.0,07SRY-230,San Luis Rey,BAJA CALIFORNIA,SANLUIS,230.0,VALLE,BAJA CALIFORNIA,SAN LUIS,BAJA CALIFORNIA,26,SONORA,55,SAN LUIS RIO COLORADO,SAN LUIS RIO COLORADO,"1,000 - 2,000"
2026-10-07,MDA,BCA,07SRY-230,16,1482.86,1493.21,-10.35,0.0,07SRY-230,San Luis Rey,BAJA CALIFORNIA,SANLUIS,230.0,VALLE,BAJA CALIFORNIA,SAN LUIS,BAJA CALIFORNIA,26,SONORA,55,SAN LUIS RIO COLORADO,SAN LUIS RIO COLORADO,"1,000 - 2,000"
2026-10-07,MDA,BCA,07SRY-230,17,1658.77,1653.66,5.11,0.0,07SRY-230,San Luis Rey,BAJA CALIFORNIA,SANLUIS,230.0,VALLE,BAJA CALIFORNIA,SAN LUIS,BAJA CALIFORNIA,26,SONORA,55,SAN LUIS RIO COLORADO,SAN LUIS RIO COLORADO,"1,000 - 2,000"
2026-10-07,MDA,BCA,07SRY-230,18,3508.03,3495.89,12.14,0.0,07SRY-230,San Luis Rey,BAJA CALIFORNIA,SANLUIS,230.0,VALLE,BAJA CALIFORNIA,SAN LUIS,BAJA CALIFORNIA,26,SONORA,55,SAN LUIS RIO COLORADO,SAN LUIS RIO COLORADO,"2,000 - 5,000"
2026-10-07,MDA,BCA,07SRY-230,19,3845.42,3815.54,29.88,0.0,07SRY-230,San Luis Rey,BAJA CALIFORNIA,SANLUIS,230.0,VALLE,BAJA CALIFORNIA,SAN LUIS,BAJA CALIFORNIA,26,SONORA,55,SAN LUIS RIO COLORADO,SAN LUIS RIO COLORADO,"2,000 - 5,000"
2026-10-07,MDA,BCA,07SRY-230,20,3574.83,3549.1,25.72,0.0,07SRY-230,San Luis Rey,BAJA CALIFORNIA,SANLUIS,230.0,VALLE,BAJA CALIFORNIA,SAN LUIS,BAJA CALIFORNIA,26,SONORA,55,SAN LUIS RIO COLORADO,SAN LUIS RIO COLORADO,"2,000 - 5,000"
2026-10-07,MDA,BCA,07SRY-230,21,2793.85,2774.55,19.31,0.0,07SRY-230,San Luis Rey,BAJA CALIFORNIA,SANLUIS,230.0,VALLE,BAJA CALIFORNIA,SAN LUIS,BAJA CALIFORNIA,26,SONORA,55,SAN LUIS RIO COLORADO,SAN LUIS RIO COLORADO,"2,000 - 5,000"
2026-10-07,MDA,BCA,07SRY-230,22,2550.57,2532.25,18.32,0.0,07SRY-230,San Luis Rey,BAJA CALIFORNIA,SANLUIS,230.0,VALLE,BAJA CALIFORNIA,SAN LUIS,BAJA CALIFORNIA,26,SONORA,55,SAN LUIS RIO COLORADO,SAN LUIS RIO COLORADO,"2,000 - 5,000"
2026-10-07,MDA,BCA,07SRY-230,23,1902.08,1891.38,10.71,0.0,07SRY-230,San Luis Rey,BAJA CALIFORNIA,SANLUIS,230.0,VALLE,BAJA CALIFORNIA,SAN LUIS,BAJA CALIFORNIA,26,SONORA,55,SAN LUIS RIO COLORADO,SAN LUIS RIO COLORADO,"1,000 - 2,000"
2026-10-07,MDA,BCA,07SRY-230,24,1259.52,1255.72,3.8,0.0,07SRY-230,San Luis Rey,BAJA CALIFORNIA,SANLUIS,230.0,VALLE,BAJA CALIFORNIA,SAN LUIS,BAJA CALIFORNIA,26,SONORA,55,SAN LUIS RIO COLORADO,SAN LUIS RIO COLORADO,"1,000 - 2,000"
2026-10-07,MDA,BCA,07STB-230,1,1763.31,1767.84,-4.52,0.0,07STB-230,Sanchez Taboada,BAJA CALIFORNIA,MEXICALI,230.0,VALLE,BAJA CALIFORNIA,MEXICALI,BAJA CALIFORNIA,2,BAJA CALIFORNIA,2,MEXICALI,MEXICALI,"1,000 - 2,000"
2026-10-07,MDA,BCA,07STB-230,2,1150.71,1154.64,-3.92,0.0,07STB-230,Sanchez Taboada,BAJA CALIFORNIA,MEXICALI,230.0,VALLE,BAJA CALIFORNIA,MEXICALI,BAJA CALIFORNIA,2,BAJA CALIFORNIA,2,MEXICALI,MEXICALI,"1,000 - 2,000"
2026-10-07,MDA,BCA,07STB-230,3,755.0,758.91,-3.91,0.0,07STB-230,Sanchez Taboada,BAJA CALIFORNIA,MEXICALI,230.0,VALLE,BAJA CALIFORNIA,MEXICALI,BAJA CALIFORNIA,2,BAJA CALIFORNIA,2,MEXICALI,MEXICALI,"500 - 1,000"
2026-10-07,MDA,BCA,07STB-230,4,665.15,668.11,-2.96,0.0,07STB-230,Sanchez Taboada,BAJA CALIFORNIA,MEXICALI,230.0,VALLE,BAJA CALIFORNIA,MEXICALI,BAJA CALIFORNIA,2,BAJA CALIFORNIA,2,MEXICALI,MEXICALI,"500 - 1,000"
2026-10-07,MDA,BCA,07STB-230,5,667.26,669.64,-2.38,0.0,07STB-230,Sanchez Taboada,BAJA CALIFORNIA,MEXICALI,230.0,VALLE,BAJA CALIFORNIA,MEXICALI,BAJA CALIFORNIA,2,BAJA CALIFORNIA,2,MEXICALI,MEXICALI,"500 - 1,000"
2026-10-07,MDA,BCA,07STB-230,6,648.29,650.89,-2.6,0.0,07STB-230,Sanchez Taboada,BAJA CALIFORNIA,MEXICALI,230.0,VALLE,BAJA CALIFORNIA,MEXICALI,BAJA CALIFORNIA,2,BAJA CALIFORNIA,2,MEXICALI,MEXICALI,"500 - 1,000"
2026-10-07,MDA,BCA,07STB-230,7,738.51,744.05,-5.54,0.0,07STB-230,Sanchez Taboada,BAJA CALIFORNIA,MEXICALI,230.0,VALLE,BAJA CALIFORNIA,MEXICALI,BAJA CALIFORNIA,2,BAJA CALIFORNIA,2,MEXICALI,MEXICALI,"500 - 1,000"
2026-10-07,MDA,BCA,07STB-230,8,755.98,764.19,-8.21,0.0,07STB-230,Sanchez Taboada,BAJA CALIFORNIA,MEXICALI,230.0,VALLE,BAJA CALIFORNIA,MEXICALI,BAJA CALIFORNIA,2,BAJA CALIFORNIA,2,MEXICALI,MEXICALI,"500 - 1,000"
2026-10-07,MDA,BCA,07STB-230,9,1170.88,1195.72,-24.84,0.0,07STB-230,Sanchez Taboada,BAJA CALIFORNIA,MEXICALI,230.0,VALLE,BAJA CALIFORNIA,MEXICALI,BAJA CALIFORNIA,2,BAJA CALIFORNIA,2,MEXICALI,MEXICALI,"1,000 - 2,000"
2026-10-07,MDA,BCA,07STB-230,10,1068.48,1093.14,-24.65,0.0,07STB-230,Sanchez Taboada,BAJA CALIFORNIA,MEXICALI,230.0,VALLE,BAJA CALIFORNIA,MEXICALI,BAJA CALIFORNIA,2,BAJA CALIFORNIA,2,MEXICALI,MEXICALI,"1,000 - 2,000"
2026-10-07,MDA,BCA,07STB-230,11,1186.11,1207.07,-20.97,0.0,07STB-230,Sanchez Taboada,BAJA CALIFORNIA,MEXICALI,230.0,VALLE,BAJA CALIFORNIA,MEXICALI,BAJA CALIFORNIA,2,BAJA CALIFORNIA,2,MEXICALI,MEXICALI,"1,000 - 2,000"
2026-10-07,MDA,BCA,07STB-230,12,1210.19,1232.59,-22.39,0.0,07STB-230,Sanchez Taboada,BAJA CALIFORNIA,MEXICALI,230.0,VALLE,BAJA CALIFORNIA,MEXICALI,BAJA CALIFORNIA,2,BAJA CALIFORNIA,2,MEXICALI,MEXICALI,"1,000 - 2,000"
2026-10-07,MDA,BCA,07STB-230,13,1169.13,1196.63,-27.5,0.0,07STB-230,Sanchez Taboada,BAJA CALIFORNIA,MEXICALI,230.0,VALLE,BAJA CALIFORNIA,MEXICALI,BAJA CALIFORNIA,2,BAJA CALIFORNIA,2,MEXICALI,MEXICALI,"1,000 - 2,000"
2026-10-07,MDA,BCA,07STB-230,14,1207.42,1235.33,-27.91,0.0,07STB-230,Sanchez Taboada,BAJA CALIFORNIA,MEXICALI,230.0,VALLE,BAJA CALIFORNIA,MEXICALI,BAJA CALIFORNIA,2,BAJA CALIFORNIA,2,MEXICALI,MEXICALI,"1,000 - 2,000"
2026-10-07,MDA,BCA,07STB-230,15,1468.06,1497.11,-29.06,0.0,07STB-230,Sanchez Taboada,BAJA CALIFORNIA,MEXICALI,230.0,VALLE,BAJA CALIFORNIA,MEXICALI,BAJA CALIFORNIA,2,BAJA CALIFORNIA,2,MEXICALI,MEXICALI,"1,000 - 2,000"
2026-10-07,MDA,BCA,07STB-230,16,1462.26,1493.21,-30.95,0.0,07STB-230,Sanchez Taboada,BAJA CALIFORNIA,MEXICALI,230.0,VALLE,BAJA CALIFORNIA,MEXICALI,BAJA CALIFORNIA,2,BAJA CALIFORNIA,2,MEXICALI,MEXICALI,"1,000 - 2,000"
2026-10-07,MDA,BCA,07STB-230,17,1635.69,1653.66,-17.97,0.0,07STB-230,Sanchez Taboada,BAJA CALIFORNIA,MEXICALI,230.0,VALLE,BAJA CALIFORNIA,MEXICALI,BAJA CALIFORNIA,2,BAJA CALIFORNIA,2,MEXICALI,MEXICALI,"1,000 - 2,000"
2026-10-07,MDA,BCA,07STB-230,18,3468.02,3495.89,-27.87,0.0,07STB-230,Sanchez Taboada,BAJA CALIFORNIA,MEXICALI,230.0,VALLE,BAJA CALIFORNIA,MEXICALI,BAJA CALIFORNIA,2,BAJA CALIFORNIA,2,MEXICALI,MEXICALI,"2,000 - 5,000"
2026-10-07,MDA,BCA,07STB-230,19,3795.65,3815.54,-19.9,0.0,07STB-230,Sanchez Taboada,BAJA CALIFORNIA,MEXICALI,230.0,VALLE,BAJA CALIFORNIA,MEXICALI,BAJA CALIFORNIA,2,BAJA CALIFORNIA,2,MEXICALI,MEXICALI,"2,000 - 5,000"
2026-10-07,MDA,BCA,07STB-230,20,3529.08,3549.1,-20.03,0.0,07STB-230,Sanchez Taboada,BAJA CALIFORNIA,MEXICALI,230.0,VALLE,BAJA CALIFORNIA,MEXICALI,BAJA CALIFORNIA,2,BAJA CALIFORNIA,2,MEXICALI,MEXICALI,"2,000 - 5,000"
2026-10-07,MDA,BCA,07STB-230,21,2758.0,2774.55,-16.55,0.0,07STB-230,Sanchez Taboada,BAJA CALIFORNIA,MEXICALI,230.0,VALLE,BAJA CALIFORNIA,MEXICALI,BAJA CALIFORNIA,2,BAJA CALIFORNIA,2,MEXICALI,MEXICALI,"2,000 - 5,000"
2026-10-07,MDA,BCA,07STB-230,22,2518.97,2532.25,-13.29,0.0,07STB-230,Sanchez Taboada,BAJA CALIFORNIA,MEXICALI,230.0,VALLE,BAJA CALIFORNIA,MEXICALI,BAJA CALIFORNIA,2,BAJA CALIFORNIA,2,MEXICALI,MEXICALI,"2,000 - 5,000"
2026-10-07,MDA,BCA,07STB-230,23,1880.08,1891.38,-11.3,0.0,07STB-230,Sanchez Taboada,BAJA CALIFORNIA,MEXICALI,230.0,VALLE,BAJA CALIFORNIA,MEXICALI,BAJA CALIFORNIA,2,BAJA CALIFORNIA,2,MEXICALI,MEXICALI,"1,000 - 2,000"
2026-10-07,MDA,BCA,07STB-230,24,1245.93,1255.72,-9.79,0.0,07STB-230,Sanchez Taboada,BAJA CALIFORNIA,MEXICALI,230.0,VALLE,BAJA CALIFORNIA,MEXICALI,BAJA CALIFORNIA,2,BAJA CALIFORNIA,2,MEXICALI,MEXICALI,"1,000 - 2,000"
2026-10-07,MDA,BCA,07SVE-115,1,1895.3,1767.84,127.47,0.0,07SVE-115,San Vicente,BAJA CALIFORNIA,ENSENADA,115.0,COSTA,BAJA CALIFORNIA,ENSENADA,BAJA CALIFORNIA,2,BAJA CALIFORNIA,1,ENSENADA,ENSENADA,"1,000 - 2,000"
2026-10-07,MDA,BCA,07SVE-115,2,1234.64,1154.64,80.01,0.0,07SVE-115,San Vicente,BAJA CALIFORNIA,ENSENADA,115.0,COSTA,BAJA CALIFORNIA,ENSENADA,BAJA CALIFORNIA,2,BAJA CALIFORNIA,1,ENSENADA,ENSENADA,"1,000 - 2,000"
2026-10-07,MDA,BCA,07SVE-115,3,811.72,758.91,52.81,0.0,07SVE-115,San Vicente,BAJA CALIFORNIA,ENSENADA,115.0,COSTA,BAJA CALIFORNIA,ENSENADA,BAJA CALIFORNIA,2,BAJA CALIFORNIA,1,ENSENADA,ENSENADA,"500 - 1,000"
2026-10-07,MDA,BCA,07SVE-115,4,713.38,668.11,45.27,0.0,07SVE-115,San Vicente,BAJA CALIFORNIA,ENSENADA,115.0,COSTA,BAJA CALIFORNIA,ENSENADA,BAJA CALIFORNIA,2,BAJA CALIFORNIA,1,ENSENADA,ENSENADA,"500 - 1,000"
2026-10-07,MDA,BCA,07SVE-115,5,714.72,669.64,45.08,0.0,07SVE-115,San Vicente,BAJA CALIFORNIA,ENSENADA,115.0,COSTA,BAJA CALIFORNIA,ENSENADA,BAJA CALIFORNIA,2,BAJA CALIFORNIA,1,ENSENADA,ENSENADA,"500 - 1,000"
2026-10-07,MDA,BCA,07SVE-115,6,694.68,650.89,43.79,0.0,07SVE-115,San Vicente,BAJA CALIFORNIA,ENSENADA,115.0,COSTA,BAJA CALIFORNIA,ENSENADA,BAJA CALIFORNIA,2,BAJA CALIFORNIA,1,ENSENADA,ENSENADA,"500 - 1,000"
2026-10-07,MDA,BCA,07SVE-115,7,796.75,744.05,52.7,0.0,07SVE-115,San Vicente,BAJA CALIFORNIA,ENSENADA,115.0,COSTA,BAJA CALIFORNIA,ENSENADA,BAJA CALIFORNIA,2,BAJA CALIFORNIA,1,ENSENADA,ENSENADA,"500 - 1,000"
2026-10-07,MDA,BCA,07SVE-115,8,822.32,764.19,58.13,0.0,07SVE-115,San Vicente,BAJA CALIFORNIA,ENSENADA,115.0,COSTA,BAJA CALIFORNIA,ENSENADA,BAJA CALIFORNIA,2,BAJA CALIFORNIA,1,ENSENADA,ENSENADA,"500 - 1,000"
2026-10-07,MDA,BCA,07SVE-115,9,1293.5,1195.72,97.78,0.0,07SVE-115,San Vicente,BAJA CALIFORNIA,ENSENADA,115.0,COSTA,BAJA CALIFORNIA,ENSENADA,BAJA CALIFORNIA,2,BAJA CALIFORNIA,1,ENSENADA,ENSENADA,"1,000 - 2,000"
2026-10-07,MDA,BCA,07SVE-115,10,1183.98,1093.14,90.85,0.0,07SVE-115,San Vicente,BAJA CALIFORNIA,ENSENADA,115.0,COSTA,BAJA CALIFORNIA,ENSENADA,BAJA CALIFORNIA,2,BAJA CALIFORNIA,1,ENSENADA,ENSENADA,"1,000 - 2,000"
2026-10-07,MDA,BCA,07SVE-115,11,1307.69,1207.07,100.62,0.0,07SVE-115,San Vicente,BAJA CALIFORNIA,ENSENADA,115.0,COSTA,BAJA CALIFORNIA,ENSENADA,BAJA CALIFORNIA,2,BAJA CALIFORNIA,1,ENSENADA,ENSENADA,"1,000 - 2,000"
2026-10-07,MDA,BCA,07SVE-115,12,7729.97,1232.59,102.81,6394.57,07SVE-115,San Vicente,BAJA CALIFORNIA,ENSENADA,115.0,COSTA,BAJA CALIFORNIA,ENSENADA,BAJA CALIFORNIA,2,BAJA CALIFORNIA,1,ENSENADA,ENSENADA,"5,000 - 10,000"
2026-10-07,MDA,BCA,07SVE-115,13,9372.91,1196.63,101.68,8074.6,07SVE-115,San Vicente,BAJA CALIFORNIA,ENSENADA,115.0,COSTA,BAJA CALIFORNIA,ENSENADA,BAJA CALIFORNIA,2,BAJA CALIFORNIA,1,ENSENADA,ENSENADA,"5,000 - 10,000"
2026-10-07,MDA,BCA,07SVE-115,14,10085.82,1235.33,105.14,8745.35,07SVE-115,San Vicente,BAJA CALIFORNIA,ENSENADA,115.0,COSTA,BAJA CALIFORNIA,ENSENADA,BAJA CALIFORNIA,2,BAJA CALIFORNIA,1,ENSENADA,ENSENADA,"10,000 o más"
2026-10-07,MDA,BCA,07SVE-115,15,7723.28,1497.11,130.14,6096.02,07SVE-115,San Vicente,BAJA CALIFORNIA,ENSENADA,115.0,COSTA,BAJA CALIFORNIA,ENSENADA,BAJA CALIFORNIA,2,BAJA CALIFORNIA,1,ENSENADA,ENSENADA,"5,000 - 10,000"
2026-10-07,MDA,BCA,07SVE-115,16,9308.65,1493.21,124.94,7690.49,07SVE-115,San Vicente,BAJA CALIFORNIA,ENSENADA,115.0,COSTA,BAJA CALIFORNIA,ENSENADA,BAJA CALIFORNIA,2,BAJA CALIFORNIA,1,ENSENADA,ENSENADA,"5,000 - 10,000"
2026-10-07,MDA,BCA,07SVE-115,17,10842.7,1653.66,145.44,9043.6,07SVE-115,San Vicente,BAJA CALIFORNIA,ENSENADA,115.0,COSTA,BAJA CALIFORNIA,ENSENADA,BAJA CALIFORNIA,2,BAJA CALIFORNIA,1,ENSENADA,ENSENADA,"10,000 o más"
2026-10-07,MDA,BCA,07SVE-115,18,11122.4,3495.89,314.45,7312.07,07SVE-115,San Vicente,BAJA CALIFORNIA,ENSENADA,115.0,COSTA,BAJA CALIFORNIA,ENSENADA,BAJA CALIFORNIA,2,BAJA CALIFORNIA,1,ENSENADA,ENSENADA,"10,000 o más"
2026-10-07,MDA,BCA,07SVE-115,19,10089.45,3815.54,332.68,5941.22,07SVE-115,San Vicente,BAJA CALIFORNIA,ENSENADA,115.0,COSTA,BAJA CALIFORNIA,ENSENADA,BAJA CALIFORNIA,2,BAJA CALIFORNIA,1,ENSENADA,ENSENADA,"10,000 o más"
2026-10-07,MDA,BCA,07SVE-115,20,10479.47,3549.1,310.33,6620.03,07SVE-115,San Vicente,BAJA CALIFORNIA,ENSENADA,115.0,COSTA,BAJA CALIFORNIA,ENSENADA,BAJA CALIFORNIA,2,BAJA CALIFORNIA,1,ENSENADA,ENSENADA,"10,000 o más"
2026-10-07,MDA,BCA,07SVE-115,21,9320.49,2774.55,248.86,6297.08,07SVE-115,San Vicente,BAJA CALIFORNIA,ENSENADA,115.0,COSTA,BAJA CALIFORNIA,ENSENADA,BAJA CALIFORNIA,2,BAJA CALIFORNIA,1,ENSENADA,ENSENADA,"5,000 - 10,000"
2026-10-07,MDA,BCA,07SVE-115,22,10728.37,2532.25,210.77,7985.35,07SVE-115,San Vicente,BAJA CALIFORNIA,ENSENADA,115.0,COSTA,BAJA CALIFORNIA,ENSENADA,BAJA CALIFORNIA,2,BAJA CALIFORNIA,1,ENSENADA,ENSENADA,"10,000 o más"
2026-10-07,MDA,BCA,07SVE-115,23,2040.79,1891.38,149.41,0.0,07SVE-115,San Vicente,BAJA CALIFORNIA,ENSENADA,115.0,COSTA,BAJA CALIFORNIA,ENSENADA,BAJA CALIFORNIA,2,BAJA CALIFORNIA,1,ENSENADA,ENSENADA,"2,000 - 5,000"
2026-10-07,MDA,BCA,07SVE-115,24,1351.34,1255.72,95.62,0.0,07SVE-115,San Vicente,BAJA CALIFORNIA,ENSENADA,115.0,COSTA,BAJA CALIFORNIA,ENSENADA,BAJA CALIFORNIA,2,BAJA CALIFORNIA,1,ENSENADA,ENSENADA,"1,000 - 2,000"
2026-10-07,MDA,BCA,07TCD-69,1,1801.9,1767.84,34.07,0.0,07TCD-69,Tecate Dos,BAJA CALIFORNIA,TIJUANA,69.0,COSTA,BAJA CALIFORNIA,TIJUANA,BAJA CALIFORNIA,2,BAJA CALIFORNIA,3,TECATE,TIJUANA,"1,000 - 2,000"
2026-10-07,MDA,BCA,07TCD-69,2,1176.49,1154.64,21.85,0.0,07TCD-69,Tecate Dos,BAJA CALIFORNIA,TIJUANA,69.0,COSTA,BAJA CALIFORNIA,TIJUANA,BAJA CALIFORNIA,2,BAJA CALIFORNIA,3,TECATE,TIJUANA,"1,000 - 2,000"
2026-10-07,MDA,BCA,07TCD-69,3,772.4,758.91,13.49,0.0,07TCD-69,Tecate Dos,BAJA CALIFORNIA,TIJUANA,69.0,COSTA,BAJA CALIFORNIA,TIJUANA,BAJA CALIFORNIA,2,BAJA CALIFORNIA,3,TECATE,TIJUANA,"500 - 1,000"
2026-10-07,MDA,BCA,07TCD-69,4,679.77,668.11,11.66,0.0,07TCD-69,Tecate Dos,BAJA CALIFORNIA,TIJUANA,69.0,COSTA,BAJA CALIFORNIA,TIJUANA,BAJA CALIFORNIA,2,BAJA CALIFORNIA,3,TECATE,TIJUANA,"500 - 1,000"
2026-10-07,MDA,BCA,07TCD-69,5,681.39,669.64,11.75,0.0,07TCD-69,Tecate Dos,BAJA CALIFORNIA,TIJUANA,69.0,COSTA,BAJA CALIFORNIA,TIJUANA,BAJA CALIFORNIA,2,BAJA CALIFORNIA,3,TECATE,TIJUANA,"500 - 1,000"
2026-10-07,MDA,BCA,07TCD-69,6,662.32,650.89,11.43,0.0,07TCD-69,Tecate Dos,BAJA CALIFORNIA,TIJUANA,69.0,COSTA,BAJA CALIFORNIA,TIJUANA,BAJA CALIFORNIA,2,BAJA CALIFORNIA,3,TECATE,TIJUANA,"500 - 1,000"
2026-10-07,MDA,BCA,07TCD-69,7,756.93,744.05,12.87,0.0,07TCD-69,Tecate Dos,BAJA CALIFORNIA,TIJUANA,69.0,COSTA,BAJA CALIFORNIA,TIJUANA,BAJA CALIFORNIA,2,BAJA CALIFORNIA,3,TECATE,TIJUANA,"500 - 1,000"
2026-10-07,MDA,BCA,07TCD-69,8,777.98,764.19,13.79,0.0,07TCD-69,Tecate Dos,BAJA CALIFORNIA,TIJUANA,69.0,COSTA,BAJA CALIFORNIA,TIJUANA,BAJA CALIFORNIA,2,BAJA CALIFORNIA,3,TECATE,TIJUANA,"500 - 1,000"
2026-10-07,MDA,BCA,07TCD-69,9,1217.75,1195.72,22.03,0.0,07TCD-69,Tecate Dos,BAJA CALIFORNIA,TIJUANA,69.0,COSTA,BAJA CALIFORNIA,TIJUANA,BAJA CALIFORNIA,2,BAJA CALIFORNIA,3,TECATE,TIJUANA,"1,000 - 2,000"
2026-10-07,MDA,BCA,07TCD-69,10,1114.12,1093.14,20.98,0.0,07TCD-69,Tecate Dos,BAJA CALIFORNIA,TIJUANA,69.0,COSTA,BAJA CALIFORNIA,TIJUANA,BAJA CALIFORNIA,2,BAJA CALIFORNIA,3,TECATE,TIJUANA,"1,000 - 2,000"
2026-10-07,MDA,BCA,07TCD-69,11,1230.84,1207.07,23.77,0.0,07TCD-69,Tecate Dos,BAJA CALIFORNIA,TIJUANA,69.0,COSTA,BAJA CALIFORNIA,TIJUANA,BAJA CALIFORNIA,2,BAJA CALIFORNIA,3,TECATE,TIJUANA,"1,000 - 2,000"
2026-10-07,MDA,BCA,07TCD-69,12,1257.02,1232.59,24.43,0.0,07TCD-69,Tecate Dos,BAJA CALIFORNIA,TIJUANA,69.0,COSTA,BAJA CALIFORNIA,TIJUANA,BAJA CALIFORNIA,2,BAJA CALIFORNIA,3,TECATE,TIJUANA,"1,000 - 2,000"
2026-10-07,MDA,BCA,07TCD-69,13,1219.95,1196.63,23.32,0.0,07TCD-69,Tecate Dos,BAJA CALIFORNIA,TIJUANA,69.0,COSTA,BAJA CALIFORNIA,TIJUANA,BAJA CALIFORNIA,2,BAJA CALIFORNIA,3,TECATE,TIJUANA,"1,000 - 2,000"
2026-10-07,MDA,BCA,07TCD-69,14,1260.13,1235.33,24.8,0.0,07TCD-69,Tecate Dos,BAJA CALIFORNIA,TIJUANA,69.0,COSTA,BAJA CALIFORNIA,TIJUANA,BAJA CALIFORNIA,2,BAJA CALIFORNIA,3,TECATE,TIJUANA,"1,000 - 2,000"
2026-10-07,MDA,BCA,07TCD-69,15,1527.7,1497.11,30.59,0.0,07TCD-69,Tecate Dos,BAJA CALIFORNIA,TIJUANA,69.0,COSTA,BAJA CALIFORNIA,TIJUANA,BAJA CALIFORNIA,2,BAJA CALIFORNIA,3,TECATE,TIJUANA,"1,000 - 2,000"
2026-10-07,MDA,BCA,07TCD-69,16,1524.81,1493.21,31.6,0.0,07TCD-69,Tecate Dos,BAJA CALIFORNIA,TIJUANA,69.0,COSTA,BAJA CALIFORNIA,TIJUANA,BAJA CALIFORNIA,2,BAJA CALIFORNIA,3,TECATE,TIJUANA,"1,000 - 2,000"
2026-10-07,MDA,BCA,07TCD-69,17,1689.1,1653.66,35.44,0.0,07TCD-69,Tecate Dos,BAJA CALIFORNIA,TIJUANA,69.0,COSTA,BAJA CALIFORNIA,TIJUANA,BAJA CALIFORNIA,2,BAJA CALIFORNIA,3,TECATE,TIJUANA,"1,000 - 2,000"
2026-10-07,MDA,BCA,07TCD-69,18,3570.72,3495.89,74.83,0.0,07TCD-69,Tecate Dos,BAJA CALIFORNIA,TIJUANA,69.0,COSTA,BAJA CALIFORNIA,TIJUANA,BAJA CALIFORNIA,2,BAJA CALIFORNIA,3,TECATE,TIJUANA,"2,000 - 5,000"
2026-10-07,MDA,BCA,07TCD-69,19,3899.45,3815.54,83.91,0.0,07TCD-69,Tecate Dos,BAJA CALIFORNIA,TIJUANA,69.0,COSTA,BAJA CALIFORNIA,TIJUANA,BAJA CALIFORNIA,2,BAJA CALIFORNIA,3,TECATE,TIJUANA,"2,000 - 5,000"
2026-10-07,MDA,BCA,07TCD-69,20,3629.37,3549.1,80.27,0.0,07TCD-69,Tecate Dos,BAJA CALIFORNIA,TIJUANA,69.0,COSTA,BAJA CALIFORNIA,TIJUANA,BAJA CALIFORNIA,2,BAJA CALIFORNIA,3,TECATE,TIJUANA,"2,000 - 5,000"
2026-10-07,MDA,BCA,07TCD-69,21,2836.1,2774.55,61.56,0.0,07TCD-69,Tecate Dos,BAJA CALIFORNIA,TIJUANA,69.0,COSTA,BAJA CALIFORNIA,TIJUANA,BAJA CALIFORNIA,2,BAJA CALIFORNIA,3,TECATE,TIJUANA,"2,000 - 5,000"
2026-10-07,MDA,BCA,07TCD-69,22,2588.2,2532.25,55.94,0.0,07TCD-69,Tecate Dos,BAJA CALIFORNIA,TIJUANA,69.0,COSTA,BAJA CALIFORNIA,TIJUANA,BAJA CALIFORNIA,2,BAJA CALIFORNIA,3,TECATE,TIJUANA,"2,000 - 5,000"
2026-10-07,MDA,BCA,07TCD-69,23,1932.8,1891.38,41.43,0.0,07TCD-69,Tecate Dos,BAJA CALIFORNIA,TIJUANA,69.0,COSTA,BAJA CALIFORNIA,TIJUANA,BAJA CALIFORNIA,2,BAJA CALIFORNIA,3,TECATE,TIJUANA,"1,000 - 2,000"
2026-10-07,MDA,BCA,07TCD-69,24,1281.51,1255.72,25.79,0.0,07TCD-69,Tecate Dos,BAJA CALIFORNIA,TIJUANA,69.0,COSTA,BAJA CALIFORNIA,TIJUANA,BAJA CALIFORNIA,2,BAJA CALIFORNIA,3,TECATE,TIJUANA,"1,000 - 2,000"
2026-10-07,MDA,BCA,07TCT-69,1,1781.97,1767.84,14.13,0.0,07TCT-69,Tecate,BAJA CALIFORNIA,TIJUANA,69.0,COSTA,BAJA CALIFORNIA,TIJUANA,BAJA CALIFORNIA,2,BAJA CALIFORNIA,3,TECATE,TIJUANA,"1,000 - 2,000"
2026-10-07,MDA,BCA,07TCT-69,2,1163.78,1154.64,9.15,0.0,07TCT-69,Tecate,BAJA CALIFORNIA,TIJUANA,69.0,COSTA,BAJA CALIFORNIA,TIJUANA,BAJA CALIFORNIA,2,BAJA CALIFORNIA,3,TECATE,TIJUANA,"1,000 - 2,000"
2026-10-07,MDA,BCA,07TCT-69,3,764.26,758.91,5.36,0.0,07TCT-69,Tecate,BAJA CALIFORNIA,TIJUANA,69.0,COSTA,BAJA CALIFORNIA,TIJUANA,BAJA CALIFORNIA,2,BAJA CALIFORNIA,3,TECATE,TIJUANA,"500 - 1,000"
2026-10-07,MDA,BCA,07TCT-69,4,672.84,668.11,4.73,0.0,07TCT-69,Tecate,BAJA CALIFORNIA,TIJUANA,69.0,COSTA,BAJA CALIFORNIA,TIJUANA,BAJA CALIFORNIA,2,BAJA CALIFORNIA,3,TECATE,TIJUANA,"500 - 1,000"
2026-10-07,MDA,BCA,07TCT-69,5,674.49,669.64,4.86,0.0,07TCT-69,Tecate,BAJA CALIFORNIA,TIJUANA,69.0,COSTA,BAJA CALIFORNIA,TIJUANA,BAJA CALIFORNIA,2,BAJA CALIFORNIA,3,TECATE,TIJUANA,"500 - 1,000"
2026-10-07,MDA,BCA,07TCT-69,6,655.57,650.89,4.67,0.0,07TCT-69,Tecate,BAJA CALIFORNIA,TIJUANA,69.0,COSTA,BAJA CALIFORNIA,TIJUANA,BAJA CALIFORNIA,2,BAJA CALIFORNIA,3,TECATE,TIJUANA,"500 - 1,000"
2026-10-07,MDA,BCA,07TCT-69,7,748.99,744.05,4.94,0.0,07TCT-69,Tecate,BAJA CALIFORNIA,TIJUANA,69.0,COSTA,BAJA CALIFORNIA,TIJUANA,BAJA CALIFORNIA,2,BAJA CALIFORNIA,3,TECATE,TIJUANA,"500 - 1,000"
2026-10-07,MDA,BCA,07TCT-69,8,769.2,764.19,5.01,0.0,07TCT-69,Tecate,BAJA CALIFORNIA,TIJUANA,69.0,COSTA,BAJA CALIFORNIA,TIJUANA,BAJA CALIFORNIA,2,BAJA CALIFORNIA,3,TECATE,TIJUANA,"500 - 1,000"
2026-10-07,MDA,BCA,07TCT-69,9,1202.92,1195.72,7.2,0.0,07TCT-69,Tecate,BAJA CALIFORNIA,TIJUANA,69.0,COSTA,BAJA CALIFORNIA,TIJUANA,BAJA CALIFORNIA,2,BAJA CALIFORNIA,3,TECATE,TIJUANA,"1,000 - 2,000"
2026-10-07,MDA,BCA,07TCT-69,10,1099.98,1093.14,6.84,0.0,07TCT-69,Tecate,BAJA CALIFORNIA,TIJUANA,69.0,COSTA,BAJA CALIFORNIA,TIJUANA,BAJA CALIFORNIA,2,BAJA CALIFORNIA,3,TECATE,TIJUANA,"1,000 - 2,000"
2026-10-07,MDA,BCA,07TCT-69,11,1215.1,1207.07,8.03,0.0,07TCT-69,Tecate,BAJA CALIFORNIA,TIJUANA,69.0,COSTA,BAJA CALIFORNIA,TIJUANA,BAJA CALIFORNIA,2,BAJA CALIFORNIA,3,TECATE,TIJUANA,"1,000 - 2,000"
2026-10-07,MDA,BCA,07TCT-69,12,1240.51,1232.59,7.92,0.0,07TCT-69,Tecate,BAJA CALIFORNIA,TIJUANA,69.0,COSTA,BAJA CALIFORNIA,TIJUANA,BAJA CALIFORNIA,2,BAJA CALIFORNIA,3,TECATE,TIJUANA,"1,000 - 2,000"
2026-10-07,MDA,BCA,07TCT-69,13,1203.93,1196.63,7.3,0.0,07TCT-69,Tecate,BAJA CALIFORNIA,TIJUANA,69.0,COSTA,BAJA CALIFORNIA,TIJUANA,BAJA CALIFORNIA,2,BAJA CALIFORNIA,3,TECATE,TIJUANA,"1,000 - 2,000"
2026-10-07,MDA,BCA,07TCT-69,14,1243.1,1235.33,7.77,0.0,07TCT-69,Tecate,BAJA CALIFORNIA,TIJUANA,69.0,COSTA,BAJA CALIFORNIA,TIJUANA,BAJA CALIFORNIA,2,BAJA CALIFORNIA,3,TECATE,TIJUANA,"1,000 - 2,000"
2026-10-07,MDA,BCA,07TCT-69,15,1506.55,1497.11,9.44,0.0,07TCT-69,Tecate,BAJA CALIFORNIA,TIJUANA,69.0,COSTA,BAJA CALIFORNIA,TIJUANA,BAJA CALIFORNIA,2,BAJA CALIFORNIA,3,TECATE,TIJUANA,"1,000 - 2,000"
2026-10-07,MDA,BCA,07TCT-69,16,1503.28,1493.21,10.07,0.0,07TCT-69,Tecate,BAJA CALIFORNIA,TIJUANA,69.0,COSTA,BAJA CALIFORNIA,TIJUANA,BAJA CALIFORNIA,2,BAJA CALIFORNIA,3,TECATE,TIJUANA,"1,000 - 2,000"
2026-10-07,MDA,BCA,07TCT-69,17,1665.19,1653.66,11.53,0.0,07TCT-69,Tecate,BAJA CALIFORNIA,TIJUANA,69.0,COSTA,BAJA CALIFORNIA,TIJUANA,BAJA CALIFORNIA,2,BAJA CALIFORNIA,3,TECATE,TIJUANA,"1,000 - 2,000"
2026-10-07,MDA,BCA,07TCT-69,18,3521.81,3495.89,25.92,0.0,07TCT-69,Tecate,BAJA CALIFORNIA,TIJUANA,69.0,COSTA,BAJA CALIFORNIA,TIJUANA,BAJA CALIFORNIA,2,BAJA CALIFORNIA,3,TECATE,TIJUANA,"2,000 - 5,000"
2026-10-07,MDA,BCA,07TCT-69,19,3846.08,3815.54,30.53,0.0,07TCT-69,Tecate,BAJA CALIFORNIA,TIJUANA,69.0,COSTA,BAJA CALIFORNIA,TIJUANA,BAJA CALIFORNIA,2,BAJA CALIFORNIA,3,TECATE,TIJUANA,"2,000 - 5,000"
2026-10-07,MDA,BCA,07TCT-69,20,3577.59,3549.1,28.49,0.0,07TCT-69,Tecate,BAJA CALIFORNIA,TIJUANA,69.0,COSTA,BAJA CALIFORNIA,TIJUANA,BAJA CALIFORNIA,2,BAJA CALIFORNIA,3,TECATE,TIJUANA,"2,000 - 5,000"
2026-10-07,MDA,BCA,07TCT-69,21,2796.13,2774.55,21.59,0.0,07TCT-69,Tecate,BAJA CALIFORNIA,TIJUANA,69.0,COSTA,BAJA CALIFORNIA,TIJUANA,BAJA CALIFORNIA,2,BAJA CALIFORNIA,3,TECATE,TIJUANA,"2,000 - 5,000"
2026-10-07,MDA,BCA,07TCT-69,22,2552.82,2532.25,20.57,0.0,07TCT-69,Tecate,BAJA CALIFORNIA,TIJUANA,69.0,COSTA,BAJA CALIFORNIA,TIJUANA,BAJA CALIFORNIA,2,BAJA CALIFORNIA,3,TECATE,TIJUANA,"2,000 - 5,000"
2026-10-07,MDA,BCA,07TCT-69,23,1907.39,1891.38,16.02,0.0,07TCT-69,Tecate,BAJA CALIFORNIA,TIJUANA,69.0,COSTA,BAJA CALIFORNIA,TIJUANA,BAJA CALIFORNIA,2,BAJA CALIFORNIA,3,TECATE,TIJUANA,"1,000 - 2,000"
2026-10-07,MDA,BCA,07TCT-69,24,1265.72,1255.72,10.0,0.0,07TCT-69,Tecate,BAJA CALIFORNIA,TIJUANA,69.0,COSTA,BAJA CALIFORNIA,TIJUANA,BAJA CALIFORNIA,2,BAJA CALIFORNIA,3,TECATE,TIJUANA,"1,000 - 2,000"
2026-10-07,MDA,BCA,07TCU-69,1,1803.6,1767.84,35.76,0.0,07TCU-69,Tecate Uno,BAJA CALIFORNIA,TIJUANA,69.0,COSTA,BAJA CALIFORNIA,TIJUANA,BAJA CALIFORNIA,2,BAJA CALIFORNIA,3,TECATE,TIJUANA,"1,000 - 2,000"
2026-10-07,MDA,BCA,07TCU-69,2,1177.48,1154.64,22.85,0.0,07TCU-69,Tecate Uno,BAJA CALIFORNIA,TIJUANA,69.0,COSTA,BAJA CALIFORNIA,TIJUANA,BAJA CALIFORNIA,2,BAJA CALIFORNIA,3,TECATE,TIJUANA,"1,000 - 2,000"
2026-10-07,MDA,BCA,07TCU-69,3,772.94,758.91,14.03,0.0,07TCU-69,Tecate Uno,BAJA CALIFORNIA,TIJUANA,69.0,COSTA,BAJA CALIFORNIA,TIJUANA,BAJA CALIFORNIA,2,BAJA CALIFORNIA,3,TECATE,TIJUANA,"500 - 1,000"
2026-10-07,MDA,BCA,07TCU-69,4,680.22,668.11,12.11,0.0,07TCU-69,Tecate Uno,BAJA CALIFORNIA,TIJUANA,69.0,COSTA,BAJA CALIFORNIA,TIJUANA,BAJA CALIFORNIA,2,BAJA CALIFORNIA,3,TECATE,TIJUANA,"500 - 1,000"
2026-10-07,MDA,BCA,07TCU-69,5,681.84,669.64,12.21,0.0,07TCU-69,Tecate Uno,BAJA CALIFORNIA,TIJUANA,69.0,COSTA,BAJA CALIFORNIA,TIJUANA,BAJA CALIFORNIA,2,BAJA CALIFORNIA,3,TECATE,TIJUANA,"500 - 1,000"
2026-10-07,MDA,BCA,07TCU-69,6,662.75,650.89,11.85,0.0,07TCU-69,Tecate Uno,BAJA CALIFORNIA,TIJUANA,69.0,COSTA,BAJA CALIFORNIA,TIJUANA,BAJA CALIFORNIA,2,BAJA CALIFORNIA,3,TECATE,TIJUANA,"500 - 1,000"
2026-10-07,MDA,BCA,07TCU-69,7,757.6,744.05,13.55,0.0,07TCU-69,Tecate Uno,BAJA CALIFORNIA,TIJUANA,69.0,COSTA,BAJA CALIFORNIA,TIJUANA,BAJA CALIFORNIA,2,BAJA CALIFORNIA,3,TECATE,TIJUANA,"500 - 1,000"
2026-10-07,MDA,BCA,07TCU-69,8,778.8,764.19,14.61,0.0,07TCU-69,Tecate Uno,BAJA CALIFORNIA,TIJUANA,69.0,COSTA,BAJA CALIFORNIA,TIJUANA,BAJA CALIFORNIA,2,BAJA CALIFORNIA,3,TECATE,TIJUANA,"500 - 1,000"
2026-10-07,MDA,BCA,07TCU-69,9,1218.98,1195.72,23.26,0.0,07TCU-69,Tecate Uno,BAJA CALIFORNIA,TIJUANA,69.0,COSTA,BAJA CALIFORNIA,TIJUANA,BAJA CALIFORNIA,2,BAJA CALIFORNIA,3,TECATE,TIJUANA,"1,000 - 2,000"
2026-10-07,MDA,BCA,07TCU-69,10,1115.29,1093.14,22.15,0.0,07TCU-69,Tecate Uno,BAJA CALIFORNIA,TIJUANA,69.0,COSTA,BAJA CALIFORNIA,TIJUANA,BAJA CALIFORNIA,2,BAJA CALIFORNIA,3,TECATE,TIJUANA,"1,000 - 2,000"
2026-10-07,MDA,BCA,07TCU-69,11,1232.45,1207.07,25.38,0.0,07TCU-69,Tecate Uno,BAJA CALIFORNIA,TIJUANA,69.0,COSTA,BAJA CALIFORNIA,TIJUANA,BAJA CALIFORNIA,2,BAJA CALIFORNIA,3,TECATE,TIJUANA,"1,000 - 2,000"
2026-10-07,MDA,BCA,07TCU-69,12,1258.74,1232.59,26.15,0.0,07TCU-69,Tecate Uno,BAJA CALIFORNIA,TIJUANA,69.0,COSTA,BAJA CALIFORNIA,TIJUANA,BAJA CALIFORNIA,2,BAJA CALIFORNIA,3,TECATE,TIJUANA,"1,000 - 2,000"
2026-10-07,MDA,BCA,07TCU-69,13,1221.91,1196.63,25.29,0.0,07TCU-69,Tecate Uno,BAJA CALIFORNIA,TIJUANA,69.0,COSTA,BAJA CALIFORNIA,TIJUANA,BAJA CALIFORNIA,2,BAJA CALIFORNIA,3,TECATE,TIJUANA,"1,000 - 2,000"
2026-10-07,MDA,BCA,07TCU-69,14,1262.26,1235.33,26.93,0.0,07TCU-69,Tecate Uno,BAJA CALIFORNIA,TIJUANA,69.0,COSTA,BAJA CALIFORNIA,TIJUANA,BAJA CALIFORNIA,2,BAJA CALIFORNIA,3,TECATE,TIJUANA,"1,000 - 2,000"
2026-10-07,MDA,BCA,07TCU-69,15,1530.46,1497.11,33.35,0.0,07TCU-69,Tecate Uno,BAJA CALIFORNIA,TIJUANA,69.0,COSTA,BAJA CALIFORNIA,TIJUANA,BAJA CALIFORNIA,2,BAJA CALIFORNIA,3,TECATE,TIJUANA,"1,000 - 2,000"
2026-10-07,MDA,BCA,07TCU-69,16,1527.55,1493.21,34.34,0.0,07TCU-69,Tecate Uno,BAJA CALIFORNIA,TIJUANA,69.0,COSTA,BAJA CALIFORNIA,TIJUANA,BAJA CALIFORNIA,2,BAJA CALIFORNIA,3,TECATE,TIJUANA,"1,000 - 2,000"
2026-10-07,MDA,BCA,07TCU-69,17,1691.89,1653.66,38.23,0.0,07TCU-69,Tecate Uno,BAJA CALIFORNIA,TIJUANA,69.0,COSTA,BAJA CALIFORNIA,TIJUANA,BAJA CALIFORNIA,2,BAJA CALIFORNIA,3,TECATE,TIJUANA,"1,000 - 2,000"
2026-10-07,MDA,BCA,07TCU-69,18,3575.98,3495.89,80.09,0.0,07TCU-69,Tecate Uno,BAJA CALIFORNIA,TIJUANA,69.0,COSTA,BAJA CALIFORNIA,TIJUANA,BAJA CALIFORNIA,2,BAJA CALIFORNIA,3,TECATE,TIJUANA,"2,000 - 5,000"
2026-10-07,MDA,BCA,07TCU-69,19,3904.44,3815.54,88.9,0.0,07TCU-69,Tecate Uno,BAJA CALIFORNIA,TIJUANA,69.0,COSTA,BAJA CALIFORNIA,TIJUANA,BAJA CALIFORNIA,2,BAJA CALIFORNIA,3,TECATE,TIJUANA,"2,000 - 5,000"
2026-10-07,MDA,BCA,07TCU-69,20,3632.42,3549.1,83.31,0.0,07TCU-69,Tecate Uno,BAJA CALIFORNIA,TIJUANA,69.0,COSTA,BAJA CALIFORNIA,TIJUANA,BAJA CALIFORNIA,2,BAJA CALIFORNIA,3,TECATE,TIJUANA,"2,000 - 5,000"
2026-10-07,MDA,BCA,07TCU-69,21,2838.23,2774.55,63.68,0.0,07TCU-69,Tecate Uno,BAJA CALIFORNIA,TIJUANA,69.0,COSTA,BAJA CALIFORNIA,TIJUANA,BAJA CALIFORNIA,2,BAJA CALIFORNIA,3,TECATE,TIJUANA,"2,000 - 5,000"
2026-10-07,MDA,BCA,07TCU-69,22,2590.2,2532.25,57.94,0.0,07TCU-69,Tecate Uno,BAJA CALIFORNIA,TIJUANA,69.0,COSTA,BAJA CALIFORNIA,TIJUANA,BAJA CALIFORNIA,2,BAJA CALIFORNIA,3,TECATE,TIJUANA,"2,000 - 5,000"
2026-10-07,MDA,BCA,07TCU-69,23,1934.43,1891.38,43.05,0.0,07TCU-69,Tecate Uno,BAJA CALIFORNIA,TIJUANA,69.0,COSTA,BAJA CALIFORNIA,TIJUANA,BAJA CALIFORNIA,2,BAJA CALIFORNIA,3,TECATE,TIJUANA,"1,000 - 2,000"
2026-10-07,MDA,BCA,07TCU-69,24,1282.45,1255.72,26.74,0.0,07TCU-69,Tecate Uno,BAJA CALIFORNIA,TIJUANA,69.0,COSTA,BAJA CALIFORNIA,TIJUANA,BAJA CALIFORNIA,2,BAJA CALIFORNIA,3,TECATE,TIJUANA,"1,000 - 2,000"
2026-10-07,MDA,BCA,07TEE-69,1,1779.7,1767.84,11.86,0.0,07TEE-69,Tecolote,BAJA CALIFORNIA,TIJUANA,69.0,COSTA,BAJA CALIFORNIA,TIJUANA,BAJA CALIFORNIA,2,BAJA CALIFORNIA,4,TIJUANA,TIJUANA,"1,000 - 2,000"
2026-10-07,MDA,BCA,07TEE-69,2,1162.12,1154.64,7.48,0.0,07TEE-69,Tecolote,BAJA CALIFORNIA,TIJUANA,69.0,COSTA,BAJA CALIFORNIA,TIJUANA,BAJA CALIFORNIA,2,BAJA CALIFORNIA,4,TIJUANA,TIJUANA,"1,000 - 2,000"
2026-10-07,MDA,BCA,07TEE-69,3,763.5,758.91,4.59,0.0,07TEE-69,Tecolote,BAJA CALIFORNIA,TIJUANA,69.0,COSTA,BAJA CALIFORNIA,TIJUANA,BAJA CALIFORNIA,2,BAJA CALIFORNIA,4,TIJUANA,TIJUANA,"500 - 1,000"
2026-10-07,MDA,BCA,07TEE-69,4,671.97,668.11,3.86,0.0,07TEE-69,Tecolote,BAJA CALIFORNIA,TIJUANA,69.0,COSTA,BAJA CALIFORNIA,TIJUANA,BAJA CALIFORNIA,2,BAJA CALIFORNIA,4,TIJUANA,TIJUANA,"500 - 1,000"
2026-10-07,MDA,BCA,07TEE-69,5,673.54,669.64,3.9,0.0,07TEE-69,Tecolote,BAJA CALIFORNIA,TIJUANA,69.0,COSTA,BAJA CALIFORNIA,TIJUANA,BAJA CALIFORNIA,2,BAJA CALIFORNIA,4,TIJUANA,TIJUANA,"500 - 1,000"
2026-10-07,MDA,BCA,07TEE-69,6,654.68,650.89,3.79,0.0,07TEE-69,Tecolote,BAJA CALIFORNIA,TIJUANA,69.0,COSTA,BAJA CALIFORNIA,TIJUANA,BAJA CALIFORNIA,2,BAJA CALIFORNIA,4,TIJUANA,TIJUANA,"500 - 1,000"
2026-10-07,MDA,BCA,07TEE-69,7,748.63,744.05,4.58,0.0,07TEE-69,Tecolote,BAJA CALIFORNIA,TIJUANA,69.0,COSTA,BAJA CALIFORNIA,TIJUANA,BAJA CALIFORNIA,2,BAJA CALIFORNIA,4,TIJUANA,TIJUANA,"500 - 1,000"
2026-10-07,MDA,BCA,07TEE-69,8,769.21,764.19,5.02,0.0,07TEE-69,Tecolote,BAJA CALIFORNIA,TIJUANA,69.0,COSTA,BAJA CALIFORNIA,TIJUANA,BAJA CALIFORNIA,2,BAJA CALIFORNIA,4,TIJUANA,TIJUANA,"500 - 1,000"
2026-10-07,MDA,BCA,07TEE-69,9,1203.85,1195.72,8.13,0.0,07TEE-69,Tecolote,BAJA CALIFORNIA,TIJUANA,69.0,COSTA,BAJA CALIFORNIA,TIJUANA,BAJA CALIFORNIA,2,BAJA CALIFORNIA,4,TIJUANA,TIJUANA,"1,000 - 2,000"
2026-10-07,MDA,BCA,07TEE-69,10,1100.87,1093.14,7.73,0.0,07TEE-69,Tecolote,BAJA CALIFORNIA,TIJUANA,69.0,COSTA,BAJA CALIFORNIA,TIJUANA,BAJA CALIFORNIA,2,BAJA CALIFORNIA,4,TIJUANA,TIJUANA,"1,000 - 2,000"
2026-10-07,MDA,BCA,07TEE-69,11,1215.87,1207.07,8.8,0.0,07TEE-69,Tecolote,BAJA CALIFORNIA,TIJUANA,69.0,COSTA,BAJA CALIFORNIA,TIJUANA,BAJA CALIFORNIA,2,BAJA CALIFORNIA,4,TIJUANA,TIJUANA,"1,000 - 2,000"
2026-10-07,MDA,BCA,07TEE-69,12,1241.6,1232.59,9.02,0.0,07TEE-69,Tecolote,BAJA CALIFORNIA,TIJUANA,69.0,COSTA,BAJA CALIFORNIA,TIJUANA,BAJA CALIFORNIA,2,BAJA CALIFORNIA,4,TIJUANA,TIJUANA,"1,000 - 2,000"
2026-10-07,MDA,BCA,07TEE-69,13,1205.49,1196.63,8.86,0.0,07TEE-69,Tecolote,BAJA CALIFORNIA,TIJUANA,69.0,COSTA,BAJA CALIFORNIA,TIJUANA,BAJA CALIFORNIA,2,BAJA CALIFORNIA,4,TIJUANA,TIJUANA,"1,000 - 2,000"
2026-10-07,MDA,BCA,07TEE-69,14,1244.38,1235.33,9.06,0.0,07TEE-69,Tecolote,BAJA CALIFORNIA,TIJUANA,69.0,COSTA,BAJA CALIFORNIA,TIJUANA,BAJA CALIFORNIA,2,BAJA CALIFORNIA,4,TIJUANA,TIJUANA,"1,000 - 2,000"
2026-10-07,MDA,BCA,07TEE-69,15,1508.02,1497.11,10.91,0.0,07TEE-69,Tecolote,BAJA CALIFORNIA,TIJUANA,69.0,COSTA,BAJA CALIFORNIA,TIJUANA,BAJA CALIFORNIA,2,BAJA CALIFORNIA,4,TIJUANA,TIJUANA,"1,000 - 2,000"
2026-10-07,MDA,BCA,07TEE-69,16,1504.31,1493.21,11.1,0.0,07TEE-69,Tecolote,BAJA CALIFORNIA,TIJUANA,69.0,COSTA,BAJA CALIFORNIA,TIJUANA,BAJA CALIFORNIA,2,BAJA CALIFORNIA,4,TIJUANA,TIJUANA,"1,000 - 2,000"
2026-10-07,MDA,BCA,07TEE-69,17,1665.83,1653.66,12.17,0.0,07TEE-69,Tecolote,BAJA CALIFORNIA,TIJUANA,69.0,COSTA,BAJA CALIFORNIA,TIJUANA,BAJA CALIFORNIA,2,BAJA CALIFORNIA,4,TIJUANA,TIJUANA,"1,000 - 2,000"
2026-10-07,MDA,BCA,07TEE-69,18,3521.32,3495.89,25.43,0.0,07TEE-69,Tecolote,BAJA CALIFORNIA,TIJUANA,69.0,COSTA,BAJA CALIFORNIA,TIJUANA,BAJA CALIFORNIA,2,BAJA CALIFORNIA,4,TIJUANA,TIJUANA,"2,000 - 5,000"
2026-10-07,MDA,BCA,07TEE-69,19,3843.35,3815.54,27.81,0.0,07TEE-69,Tecolote,BAJA CALIFORNIA,TIJUANA,69.0,COSTA,BAJA CALIFORNIA,TIJUANA,BAJA CALIFORNIA,2,BAJA CALIFORNIA,4,TIJUANA,TIJUANA,"2,000 - 5,000"
2026-10-07,MDA,BCA,07TEE-69,20,3575.38,3549.1,26.28,0.0,07TEE-69,Tecolote,BAJA CALIFORNIA,TIJUANA,69.0,COSTA,BAJA CALIFORNIA,TIJUANA,BAJA CALIFORNIA,2,BAJA CALIFORNIA,4,TIJUANA,TIJUANA,"2,000 - 5,000"
2026-10-07,MDA,BCA,07TEE-69,21,2795.2,2774.55,20.65,0.0,07TEE-69,Tecolote,BAJA CALIFORNIA,TIJUANA,69.0,COSTA,BAJA CALIFORNIA,TIJUANA,BAJA CALIFORNIA,2,BAJA CALIFORNIA,4,TIJUANA,TIJUANA,"2,000 - 5,000"
2026-10-07,MDA,BCA,07TEE-69,22,2551.07,2532.25,18.82,0.0,07TEE-69,Tecolote,BAJA CALIFORNIA,TIJUANA,69.0,COSTA,BAJA CALIFORNIA,TIJUANA,BAJA CALIFORNIA,2,BAJA CALIFORNIA,4,TIJUANA,TIJUANA,"2,000 - 5,000"
2026-10-07,MDA,BCA,07TEE-69,23,1905.22,1891.38,13.84,0.0,07TEE-69,Tecolote,BAJA CALIFORNIA,TIJUANA,69.0,COSTA,BAJA CALIFORNIA,TIJUANA,BAJA CALIFORNIA,2,BAJA CALIFORNIA,4,TIJUANA,TIJUANA,"1,000 - 2,000"
2026-10-07,MDA,BCA,07TEE-69,24,1264.4,1255.72,8.68,0.0,07TEE-69,Tecolote,BAJA CALIFORNIA,TIJUANA,69.0,COSTA,BAJA CALIFORNIA,TIJUANA,BAJA CALIFORNIA,2,BAJA CALIFORNIA,4,TIJUANA,TIJUANA,"1,000 - 2,000"
2026-10-07,MDA,BCA,07TEK-230,1,1762.05,1767.84,-5.78,0.0,07TEK-230,Tecnologico,BAJA CALIFORNIA,MEXICALI,230.0,VALLE,BAJA CALIFORNIA,MEXICALI,BAJA CALIFORNIA,2,BAJA CALIFORNIA,2,MEXICALI,MEXICALI,"1,000 - 2,000"
2026-10-07,MDA,BCA,07TEK-230,2,1149.8,1154.64,-4.83,0.0,07TEK-230,Tecnologico,BAJA CALIFORNIA,MEXICALI,230.0,VALLE,BAJA CALIFORNIA,MEXICALI,BAJA CALIFORNIA,2,BAJA CALIFORNIA,2,MEXICALI,MEXICALI,"1,000 - 2,000"
2026-10-07,MDA,BCA,07TEK-230,3,754.39,758.91,-4.52,0.0,07TEK-230,Tecnologico,BAJA CALIFORNIA,MEXICALI,230.0,VALLE,BAJA CALIFORNIA,MEXICALI,BAJA CALIFORNIA,2,BAJA CALIFORNIA,2,MEXICALI,MEXICALI,"500 - 1,000"
2026-10-07,MDA,BCA,07TEK-230,4,664.58,668.11,-3.53,0.0,07TEK-230,Tecnologico,BAJA CALIFORNIA,MEXICALI,230.0,VALLE,BAJA CALIFORNIA,MEXICALI,BAJA CALIFORNIA,2,BAJA CALIFORNIA,2,MEXICALI,MEXICALI,"500 - 1,000"
2026-10-07,MDA,BCA,07TEK-230,5,666.72,669.64,-2.92,0.0,07TEK-230,Tecnologico,BAJA CALIFORNIA,MEXICALI,230.0,VALLE,BAJA CALIFORNIA,MEXICALI,BAJA CALIFORNIA,2,BAJA CALIFORNIA,2,MEXICALI,MEXICALI,"500 - 1,000"
2026-10-07,MDA,BCA,07TEK-230,6,647.8,650.89,-3.1,0.0,07TEK-230,Tecnologico,BAJA CALIFORNIA,MEXICALI,230.0,VALLE,BAJA CALIFORNIA,MEXICALI,BAJA CALIFORNIA,2,BAJA CALIFORNIA,2,MEXICALI,MEXICALI,"500 - 1,000"
2026-10-07,MDA,BCA,07TEK-230,7,737.89,744.05,-6.16,0.0,07TEK-230,Tecnologico,BAJA CALIFORNIA,MEXICALI,230.0,VALLE,BAJA CALIFORNIA,MEXICALI,BAJA CALIFORNIA,2,BAJA CALIFORNIA,2,MEXICALI,MEXICALI,"500 - 1,000"
2026-10-07,MDA,BCA,07TEK-230,8,755.48,764.19,-8.71,0.0,07TEK-230,Tecnologico,BAJA CALIFORNIA,MEXICALI,230.0,VALLE,BAJA CALIFORNIA,MEXICALI,BAJA CALIFORNIA,2,BAJA CALIFORNIA,2,MEXICALI,MEXICALI,"500 - 1,000"
2026-10-07,MDA,BCA,07TEK-230,9,1170.41,1195.72,-25.3,0.0,07TEK-230,Tecnologico,BAJA CALIFORNIA,MEXICALI,230.0,VALLE,BAJA CALIFORNIA,MEXICALI,BAJA CALIFORNIA,2,BAJA CALIFORNIA,2,MEXICALI,MEXICALI,"1,000 - 2,000"
2026-10-07,MDA,BCA,07TEK-230,10,1068.01,1093.14,-25.13,0.0,07TEK-230,Tecnologico,BAJA CALIFORNIA,MEXICALI,230.0,VALLE,BAJA CALIFORNIA,MEXICALI,BAJA CALIFORNIA,2,BAJA CALIFORNIA,2,MEXICALI,MEXICALI,"1,000 - 2,000"
2026-10-07,MDA,BCA,07TEK-230,11,1185.83,1207.07,-21.24,0.0,07TEK-230,Tecnologico,BAJA CALIFORNIA,MEXICALI,230.0,VALLE,BAJA CALIFORNIA,MEXICALI,BAJA CALIFORNIA,2,BAJA CALIFORNIA,2,MEXICALI,MEXICALI,"1,000 - 2,000"
2026-10-07,MDA,BCA,07TEK-230,12,1210.18,1232.59,-22.41,0.0,07TEK-230,Tecnologico,BAJA CALIFORNIA,MEXICALI,230.0,VALLE,BAJA CALIFORNIA,MEXICALI,BAJA CALIFORNIA,2,BAJA CALIFORNIA,2,MEXICALI,MEXICALI,"1,000 - 2,000"
2026-10-07,MDA,BCA,07TEK-230,13,1166.49,1196.63,-30.14,0.0,07TEK-230,Tecnologico,BAJA CALIFORNIA,MEXICALI,230.0,VALLE,BAJA CALIFORNIA,MEXICALI,BAJA CALIFORNIA,2,BAJA CALIFORNIA,2,MEXICALI,MEXICALI,"1,000 - 2,000"
2026-10-07,MDA,BCA,07TEK-230,14,1204.24,1235.33,-31.09,0.0,07TEK-230,Tecnologico,BAJA CALIFORNIA,MEXICALI,230.0,VALLE,BAJA CALIFORNIA,MEXICALI,BAJA CALIFORNIA,2,BAJA CALIFORNIA,2,MEXICALI,MEXICALI,"1,000 - 2,000"
2026-10-07,MDA,BCA,07TEK-230,15,1463.93,1497.11,-33.18,0.0,07TEK-230,Tecnologico,BAJA CALIFORNIA,MEXICALI,230.0,VALLE,BAJA CALIFORNIA,MEXICALI,BAJA CALIFORNIA,2,BAJA CALIFORNIA,2,MEXICALI,MEXICALI,"1,000 - 2,000"
2026-10-07,MDA,BCA,07TEK-230,16,1457.68,1493.21,-35.54,0.0,07TEK-230,Tecnologico,BAJA CALIFORNIA,MEXICALI,230.0,VALLE,BAJA CALIFORNIA,MEXICALI,BAJA CALIFORNIA,2,BAJA CALIFORNIA,2,MEXICALI,MEXICALI,"1,000 - 2,000"
2026-10-07,MDA,BCA,07TEK-230,17,1630.45,1653.66,-23.21,0.0,07TEK-230,Tecnologico,BAJA CALIFORNIA,MEXICALI,230.0,VALLE,BAJA CALIFORNIA,MEXICALI,BAJA CALIFORNIA,2,BAJA CALIFORNIA,2,MEXICALI,MEXICALI,"1,000 - 2,000"
2026-10-07,MDA,BCA,07TEK-230,18,3455.88,3495.89,-40.01,0.0,07TEK-230,Tecnologico,BAJA CALIFORNIA,MEXICALI,230.0,VALLE,BAJA CALIFORNIA,MEXICALI,BAJA CALIFORNIA,2,BAJA CALIFORNIA,2,MEXICALI,MEXICALI,"2,000 - 5,000"
2026-10-07,MDA,BCA,07TEK-230,19,3781.96,3815.54,-33.58,0.0,07TEK-230,Tecnologico,BAJA CALIFORNIA,MEXICALI,230.0,VALLE,BAJA CALIFORNIA,MEXICALI,BAJA CALIFORNIA,2,BAJA CALIFORNIA,2,MEXICALI,MEXICALI,"2,000 - 5,000"
2026-10-07,MDA,BCA,07TEK-230,20,3515.94,3549.1,-33.17,0.0,07TEK-230,Tecnologico,BAJA CALIFORNIA,MEXICALI,230.0,VALLE,BAJA CALIFORNIA,MEXICALI,BAJA CALIFORNIA,2,BAJA CALIFORNIA,2,MEXICALI,MEXICALI,"2,000 - 5,000"
2026-10-07,MDA,BCA,07TEK-230,21,2747.86,2774.55,-26.69,0.0,07TEK-230,Tecnologico,BAJA CALIFORNIA,MEXICALI,230.0,VALLE,BAJA CALIFORNIA,MEXICALI,BAJA CALIFORNIA,2,BAJA CALIFORNIA,2,MEXICALI,MEXICALI,"2,000 - 5,000"
2026-10-07,MDA,BCA,07TEK-230,22,2509.46,2532.25,-22.8,0.0,07TEK-230,Tecnologico,BAJA CALIFORNIA,MEXICALI,230.0,VALLE,BAJA CALIFORNIA,MEXICALI,BAJA CALIFORNIA,2,BAJA CALIFORNIA,2,MEXICALI,MEXICALI,"2,000 - 5,000"
2026-10-07,MDA,BCA,07TEK-230,23,1872.7,1891.38,-18.68,0.0,07TEK-230,Tecnologico,BAJA CALIFORNIA,MEXICALI,230.0,VALLE,BAJA CALIFORNIA,MEXICALI,BAJA CALIFORNIA,2,BAJA CALIFORNIA,2,MEXICALI,MEXICALI,"1,000 - 2,000"
2026-10-07,MDA,BCA,07TEK-230,24,1241.37,1255.72,-14.35,0.0,07TEK-230,Tecnologico,BAJA CALIFORNIA,MEXICALI,230.0,VALLE,BAJA CALIFORNIA,MEXICALI,BAJA CALIFORNIA,2,BAJA CALIFORNIA,2,MEXICALI,MEXICALI,"1,000 - 2,000"
2026-10-07,MDA,BCA,07TJD-69,1,1795.28,1767.84,27.45,0.0,07TJD-69,Subestacion Tijuana,BAJA CALIFORNIA,TIJUANA,69.0,COSTA,BAJA CALIFORNIA,TIJUANA,BAJA CALIFORNIA,2,BAJA CALIFORNIA,4,TIJUANA,TIJUANA,"1,000 - 2,000"
2026-10-07,MDA,BCA,07TJD-69,2,1172.01,1154.64,17.37,0.0,07TJD-69,Subestacion Tijuana,BAJA CALIFORNIA,TIJUANA,69.0,COSTA,BAJA CALIFORNIA,TIJUANA,BAJA CALIFORNIA,2,BAJA CALIFORNIA,4,TIJUANA,TIJUANA,"1,000 - 2,000"
2026-10-07,MDA,BCA,07TJD-69,3,769.59,758.91,10.68,0.0,07TJD-69,Subestacion Tijuana,BAJA CALIFORNIA,TIJUANA,69.0,COSTA,BAJA CALIFORNIA,TIJUANA,BAJA CALIFORNIA,2,BAJA CALIFORNIA,4,TIJUANA,TIJUANA,"500 - 1,000"
2026-10-07,MDA,BCA,07TJD-69,4,677.32,668.11,9.21,0.0,07TJD-69,Subestacion Tijuana,BAJA CALIFORNIA,TIJUANA,69.0,COSTA,BAJA CALIFORNIA,TIJUANA,BAJA CALIFORNIA,2,BAJA CALIFORNIA,4,TIJUANA,TIJUANA,"500 - 1,000"
2026-10-07,MDA,BCA,07TJD-69,5,678.83,669.64,9.19,0.0,07TJD-69,Subestacion Tijuana,BAJA CALIFORNIA,TIJUANA,69.0,COSTA,BAJA CALIFORNIA,TIJUANA,BAJA CALIFORNIA,2,BAJA CALIFORNIA,4,TIJUANA,TIJUANA,"500 - 1,000"
2026-10-07,MDA,BCA,07TJD-69,6,659.85,650.89,8.96,0.0,07TJD-69,Subestacion Tijuana,BAJA CALIFORNIA,TIJUANA,69.0,COSTA,BAJA CALIFORNIA,TIJUANA,BAJA CALIFORNIA,2,BAJA CALIFORNIA,4,TIJUANA,TIJUANA,"500 - 1,000"
2026-10-07,MDA,BCA,07TJD-69,7,754.51,744.05,10.46,0.0,07TJD-69,Subestacion Tijuana,BAJA CALIFORNIA,TIJUANA,69.0,COSTA,BAJA CALIFORNIA,TIJUANA,BAJA CALIFORNIA,2,BAJA CALIFORNIA,4,TIJUANA,TIJUANA,"500 - 1,000"
2026-10-07,MDA,BCA,07TJD-69,8,775.43,764.19,11.24,0.0,07TJD-69,Subestacion Tijuana,BAJA CALIFORNIA,TIJUANA,69.0,COSTA,BAJA CALIFORNIA,TIJUANA,BAJA CALIFORNIA,2,BAJA CALIFORNIA,4,TIJUANA,TIJUANA,"500 - 1,000"
2026-10-07,MDA,BCA,07TJD-69,9,1213.52,1195.72,17.81,0.0,07TJD-69,Subestacion Tijuana,BAJA CALIFORNIA,TIJUANA,69.0,COSTA,BAJA CALIFORNIA,TIJUANA,BAJA CALIFORNIA,2,BAJA CALIFORNIA,4,TIJUANA,TIJUANA,"1,000 - 2,000"
2026-10-07,MDA,BCA,07TJD-69,10,1110.29,1093.14,17.16,0.0,07TJD-69,Subestacion Tijuana,BAJA CALIFORNIA,TIJUANA,69.0,COSTA,BAJA CALIFORNIA,TIJUANA,BAJA CALIFORNIA,2,BAJA CALIFORNIA,4,TIJUANA,TIJUANA,"1,000 - 2,000"
2026-10-07,MDA,BCA,07TJD-69,11,1226.63,1207.07,19.55,0.0,07TJD-69,Subestacion Tijuana,BAJA CALIFORNIA,TIJUANA,69.0,COSTA,BAJA CALIFORNIA,TIJUANA,BAJA CALIFORNIA,2,BAJA CALIFORNIA,4,TIJUANA,TIJUANA,"1,000 - 2,000"
2026-10-07,MDA,BCA,07TJD-69,12,1252.92,1232.59,20.33,0.0,07TJD-69,Subestacion Tijuana,BAJA CALIFORNIA,TIJUANA,69.0,COSTA,BAJA CALIFORNIA,TIJUANA,BAJA CALIFORNIA,2,BAJA CALIFORNIA,4,TIJUANA,TIJUANA,"1,000 - 2,000"
2026-10-07,MDA,BCA,07TJD-69,13,1216.56,1196.63,19.93,0.0,07TJD-69,Subestacion Tijuana,BAJA CALIFORNIA,TIJUANA,69.0,COSTA,BAJA CALIFORNIA,TIJUANA,BAJA CALIFORNIA,2,BAJA CALIFORNIA,4,TIJUANA,TIJUANA,"1,000 - 2,000"
2026-10-07,MDA,BCA,07TJD-69,14,1256.29,1235.33,20.96,0.0,07TJD-69,Subestacion Tijuana,BAJA CALIFORNIA,TIJUANA,69.0,COSTA,BAJA CALIFORNIA,TIJUANA,BAJA CALIFORNIA,2,BAJA CALIFORNIA,4,TIJUANA,TIJUANA,"1,000 - 2,000"
2026-10-07,MDA,BCA,07TJD-69,15,1522.58,1497.11,25.47,0.0,07TJD-69,Subestacion Tijuana,BAJA CALIFORNIA,TIJUANA,69.0,COSTA,BAJA CALIFORNIA,TIJUANA,BAJA CALIFORNIA,2,BAJA CALIFORNIA,4,TIJUANA,TIJUANA,"1,000 - 2,000"
2026-10-07,MDA,BCA,07TJD-69,16,1519.29,1493.21,26.08,0.0,07TJD-69,Subestacion Tijuana,BAJA CALIFORNIA,TIJUANA,69.0,COSTA,BAJA CALIFORNIA,TIJUANA,BAJA CALIFORNIA,2,BAJA CALIFORNIA,4,TIJUANA,TIJUANA,"1,000 - 2,000"
2026-10-07,MDA,BCA,07TJD-69,17,1682.29,1653.66,28.63,0.0,07TJD-69,Subestacion Tijuana,BAJA CALIFORNIA,TIJUANA,69.0,COSTA,BAJA CALIFORNIA,TIJUANA,BAJA CALIFORNIA,2,BAJA CALIFORNIA,4,TIJUANA,TIJUANA,"1,000 - 2,000"
2026-10-07,MDA,BCA,07TJD-69,18,3555.72,3495.89,59.83,0.0,07TJD-69,Subestacion Tijuana,BAJA CALIFORNIA,TIJUANA,69.0,COSTA,BAJA CALIFORNIA,TIJUANA,BAJA CALIFORNIA,2,BAJA CALIFORNIA,4,TIJUANA,TIJUANA,"2,000 - 5,000"
2026-10-07,MDA,BCA,07TJD-69,19,3880.4,3815.54,64.86,0.0,07TJD-69,Subestacion Tijuana,BAJA CALIFORNIA,TIJUANA,69.0,COSTA,BAJA CALIFORNIA,TIJUANA,BAJA CALIFORNIA,2,BAJA CALIFORNIA,4,TIJUANA,TIJUANA,"2,000 - 5,000"
2026-10-07,MDA,BCA,07TJD-69,20,3609.4,3549.1,60.3,0.0,07TJD-69,Subestacion Tijuana,BAJA CALIFORNIA,TIJUANA,69.0,COSTA,BAJA CALIFORNIA,TIJUANA,BAJA CALIFORNIA,2,BAJA CALIFORNIA,4,TIJUANA,TIJUANA,"2,000 - 5,000"
2026-10-07,MDA,BCA,07TJD-69,21,2821.29,2774.55,46.74,0.0,07TJD-69,Subestacion Tijuana,BAJA CALIFORNIA,TIJUANA,69.0,COSTA,BAJA CALIFORNIA,TIJUANA,BAJA CALIFORNIA,2,BAJA CALIFORNIA,4,TIJUANA,TIJUANA,"2,000 - 5,000"
2026-10-07,MDA,BCA,07TJD-69,22,2574.95,2532.25,42.7,0.0,07TJD-69,Subestacion Tijuana,BAJA CALIFORNIA,TIJUANA,69.0,COSTA,BAJA CALIFORNIA,TIJUANA,BAJA CALIFORNIA,2,BAJA CALIFORNIA,4,TIJUANA,TIJUANA,"2,000 - 5,000"
2026-10-07,MDA,BCA,07TJD-69,23,1923.13,1891.38,31.76,0.0,07TJD-69,Subestacion Tijuana,BAJA CALIFORNIA,TIJUANA,69.0,COSTA,BAJA CALIFORNIA,TIJUANA,BAJA CALIFORNIA,2,BAJA CALIFORNIA,4,TIJUANA,TIJUANA,"1,000 - 2,000"
2026-10-07,MDA,BCA,07TJD-69,24,1275.74,1255.72,20.02,0.0,07TJD-69,Subestacion Tijuana,BAJA CALIFORNIA,TIJUANA,69.0,COSTA,BAJA CALIFORNIA,TIJUANA,BAJA CALIFORNIA,2,BAJA CALIFORNIA,4,TIJUANA,TIJUANA,"1,000 - 2,000"
2026-10-07,MDA,BCA,07TJI-69,1,1777.58,1767.84,9.75,0.0,07TJI-69,Tijuana Uno,BAJA CALIFORNIA,TIJUANA,69.0,COSTA,BAJA CALIFORNIA,TIJUANA,BAJA CALIFORNIA,2,BAJA CALIFORNIA,4,TIJUANA,TIJUANA,"1,000 - 2,000"
2026-10-07,MDA,BCA,07TJI-69,2,1161.14,1154.64,6.51,0.0,07TJI-69,Tijuana Uno,BAJA CALIFORNIA,TIJUANA,69.0,COSTA,BAJA CALIFORNIA,TIJUANA,BAJA CALIFORNIA,2,BAJA CALIFORNIA,4,TIJUANA,TIJUANA,"1,000 - 2,000"
2026-10-07,MDA,BCA,07TJI-69,3,762.77,758.91,3.87,0.0,07TJI-69,Tijuana Uno,BAJA CALIFORNIA,TIJUANA,69.0,COSTA,BAJA CALIFORNIA,TIJUANA,BAJA CALIFORNIA,2,BAJA CALIFORNIA,4,TIJUANA,TIJUANA,"500 - 1,000"
2026-10-07,MDA,BCA,07TJI-69,4,671.54,668.11,3.43,0.0,07TJI-69,Tijuana Uno,BAJA CALIFORNIA,TIJUANA,69.0,COSTA,BAJA CALIFORNIA,TIJUANA,BAJA CALIFORNIA,2,BAJA CALIFORNIA,4,TIJUANA,TIJUANA,"500 - 1,000"
2026-10-07,MDA,BCA,07TJI-69,5,673.13,669.64,3.49,0.0,07TJI-69,Tijuana Uno,BAJA CALIFORNIA,TIJUANA,69.0,COSTA,BAJA CALIFORNIA,TIJUANA,BAJA CALIFORNIA,2,BAJA CALIFORNIA,4,TIJUANA,TIJUANA,"500 - 1,000"
2026-10-07,MDA,BCA,07TJI-69,6,654.25,650.89,3.36,0.0,07TJI-69,Tijuana Uno,BAJA CALIFORNIA,TIJUANA,69.0,COSTA,BAJA CALIFORNIA,TIJUANA,BAJA CALIFORNIA,2,BAJA CALIFORNIA,4,TIJUANA,TIJUANA,"500 - 1,000"
2026-10-07,MDA,BCA,07TJI-69,7,747.77,744.05,3.72,0.0,07TJI-69,Tijuana Uno,BAJA CALIFORNIA,TIJUANA,69.0,COSTA,BAJA CALIFORNIA,TIJUANA,BAJA CALIFORNIA,2,BAJA CALIFORNIA,4,TIJUANA,TIJUANA,"500 - 1,000"
2026-10-07,MDA,BCA,07TJI-69,8,768.06,764.19,3.87,0.0,07TJI-69,Tijuana Uno,BAJA CALIFORNIA,TIJUANA,69.0,COSTA,BAJA CALIFORNIA,TIJUANA,BAJA CALIFORNIA,2,BAJA CALIFORNIA,4,TIJUANA,TIJUANA,"500 - 1,000"
2026-10-07,MDA,BCA,07TJI-69,9,1201.37,1195.72,5.66,0.0,07TJI-69,Tijuana Uno,BAJA CALIFORNIA,TIJUANA,69.0,COSTA,BAJA CALIFORNIA,TIJUANA,BAJA CALIFORNIA,2,BAJA CALIFORNIA,4,TIJUANA,TIJUANA,"1,000 - 2,000"
2026-10-07,MDA,BCA,07TJI-69,10,1098.58,1093.14,5.45,0.0,07TJI-69,Tijuana Uno,BAJA CALIFORNIA,TIJUANA,69.0,COSTA,BAJA CALIFORNIA,TIJUANA,BAJA CALIFORNIA,2,BAJA CALIFORNIA,4,TIJUANA,TIJUANA,"1,000 - 2,000"
2026-10-07,MDA,BCA,07TJI-69,11,1212.78,1207.07,5.71,0.0,07TJI-69,Tijuana Uno,BAJA CALIFORNIA,TIJUANA,69.0,COSTA,BAJA CALIFORNIA,TIJUANA,BAJA CALIFORNIA,2,BAJA CALIFORNIA,4,TIJUANA,TIJUANA,"1,000 - 2,000"
2026-10-07,MDA,BCA,07TJI-69,12,1238.18,1232.59,5.59,0.0,07TJI-69,Tijuana Uno,BAJA CALIFORNIA,TIJUANA,69.0,COSTA,BAJA CALIFORNIA,TIJUANA,BAJA CALIFORNIA,2,BAJA CALIFORNIA,4,TIJUANA,TIJUANA,"1,000 - 2,000"
2026-10-07,MDA,BCA,07TJI-69,13,1201.98,1196.63,5.36,0.0,07TJI-69,Tijuana Uno,BAJA CALIFORNIA,TIJUANA,69.0,COSTA,BAJA CALIFORNIA,TIJUANA,BAJA CALIFORNIA,2,BAJA CALIFORNIA,4,TIJUANA,TIJUANA,"1,000 - 2,000"
2026-10-07,MDA,BCA,07TJI-69,14,1240.79,1235.33,5.46,0.0,07TJI-69,Tijuana Uno,BAJA CALIFORNIA,TIJUANA,69.0,COSTA,BAJA CALIFORNIA,TIJUANA,BAJA CALIFORNIA,2,BAJA CALIFORNIA,4,TIJUANA,TIJUANA,"1,000 - 2,000"
2026-10-07,MDA,BCA,07TJI-69,15,1503.09,1497.11,5.98,0.0,07TJI-69,Tijuana Uno,BAJA CALIFORNIA,TIJUANA,69.0,COSTA,BAJA CALIFORNIA,TIJUANA,BAJA CALIFORNIA,2,BAJA CALIFORNIA,4,TIJUANA,TIJUANA,"1,000 - 2,000"
2026-10-07,MDA,BCA,07TJI-69,16,1499.84,1493.21,6.63,0.0,07TJI-69,Tijuana Uno,BAJA CALIFORNIA,TIJUANA,69.0,COSTA,BAJA CALIFORNIA,TIJUANA,BAJA CALIFORNIA,2,BAJA CALIFORNIA,4,TIJUANA,TIJUANA,"1,000 - 2,000"
2026-10-07,MDA,BCA,07TJI-69,17,1660.87,1653.66,7.21,0.0,07TJI-69,Tijuana Uno,BAJA CALIFORNIA,TIJUANA,69.0,COSTA,BAJA CALIFORNIA,TIJUANA,BAJA CALIFORNIA,2,BAJA CALIFORNIA,4,TIJUANA,TIJUANA,"1,000 - 2,000"
2026-10-07,MDA,BCA,07TJI-69,18,3511.97,3495.89,16.08,0.0,07TJI-69,Tijuana Uno,BAJA CALIFORNIA,TIJUANA,69.0,COSTA,BAJA CALIFORNIA,TIJUANA,BAJA CALIFORNIA,2,BAJA CALIFORNIA,4,TIJUANA,TIJUANA,"2,000 - 5,000"
2026-10-07,MDA,BCA,07TJI-69,19,3833.89,3815.54,18.34,0.0,07TJI-69,Tijuana Uno,BAJA CALIFORNIA,TIJUANA,69.0,COSTA,BAJA CALIFORNIA,TIJUANA,BAJA CALIFORNIA,2,BAJA CALIFORNIA,4,TIJUANA,TIJUANA,"2,000 - 5,000"
2026-10-07,MDA,BCA,07TJI-69,20,3565.85,3549.1,16.74,0.0,07TJI-69,Tijuana Uno,BAJA CALIFORNIA,TIJUANA,69.0,COSTA,BAJA CALIFORNIA,TIJUANA,BAJA CALIFORNIA,2,BAJA CALIFORNIA,4,TIJUANA,TIJUANA,"2,000 - 5,000"
2026-10-07,MDA,BCA,07TJI-69,21,2787.45,2774.55,12.91,0.0,07TJI-69,Tijuana Uno,BAJA CALIFORNIA,TIJUANA,69.0,COSTA,BAJA CALIFORNIA,TIJUANA,BAJA CALIFORNIA,2,BAJA CALIFORNIA,4,TIJUANA,TIJUANA,"2,000 - 5,000"
2026-10-07,MDA,BCA,07TJI-69,22,2544.75,2532.25,12.5,0.0,07TJI-69,Tijuana Uno,BAJA CALIFORNIA,TIJUANA,69.0,COSTA,BAJA CALIFORNIA,TIJUANA,BAJA CALIFORNIA,2,BAJA CALIFORNIA,4,TIJUANA,TIJUANA,"2,000 - 5,000"
2026-10-07,MDA,BCA,07TJI-69,23,1901.75,1891.38,10.38,0.0,07TJI-69,Tijuana Uno,BAJA CALIFORNIA,TIJUANA,69.0,COSTA,BAJA CALIFORNIA,TIJUANA,BAJA CALIFORNIA,2,BAJA CALIFORNIA,4,TIJUANA,TIJUANA,"1,000 - 2,000"
2026-10-07,MDA,BCA,07TJI-69,24,1262.72,1255.72,7.01,0.0,07TJI-69,Tijuana Uno,BAJA CALIFORNIA,TIJUANA,69.0,COSTA,BAJA CALIFORNIA,TIJUANA,BAJA CALIFORNIA,2,BAJA CALIFORNIA,4,TIJUANA,TIJUANA,"1,000 - 2,000"
2026-10-07,MDA,BCA,07TOY-230,1,1775.06,1767.84,7.23,0.0,07TOY-230,Toyota,BAJA CALIFORNIA,TIJUANA,230.0,COSTA,BAJA CALIFORNIA,TIJUANA,BAJA CALIFORNIA,2,BAJA CALIFORNIA,3,TECATE,TIJUANA,"1,000 - 2,000"
2026-10-07,MDA,BCA,07TOY-230,2,1159.43,1154.64,4.8,0.0,07TOY-230,Toyota,BAJA CALIFORNIA,TIJUANA,230.0,COSTA,BAJA CALIFORNIA,TIJUANA,BAJA CALIFORNIA,2,BAJA CALIFORNIA,3,TECATE,TIJUANA,"1,000 - 2,000"
2026-10-07,MDA,BCA,07TOY-230,3,761.57,758.91,2.66,0.0,07TOY-230,Toyota,BAJA CALIFORNIA,TIJUANA,230.0,COSTA,BAJA CALIFORNIA,TIJUANA,BAJA CALIFORNIA,2,BAJA CALIFORNIA,3,TECATE,TIJUANA,"500 - 1,000"
2026-10-07,MDA,BCA,07TOY-230,4,670.55,668.11,2.44,0.0,07TOY-230,Toyota,BAJA CALIFORNIA,TIJUANA,230.0,COSTA,BAJA CALIFORNIA,TIJUANA,BAJA CALIFORNIA,2,BAJA CALIFORNIA,3,TECATE,TIJUANA,"500 - 1,000"
2026-10-07,MDA,BCA,07TOY-230,5,672.2,669.64,2.56,0.0,07TOY-230,Toyota,BAJA CALIFORNIA,TIJUANA,230.0,COSTA,BAJA CALIFORNIA,TIJUANA,BAJA CALIFORNIA,2,BAJA CALIFORNIA,3,TECATE,TIJUANA,"500 - 1,000"
2026-10-07,MDA,BCA,07TOY-230,6,653.32,650.89,2.43,0.0,07TOY-230,Toyota,BAJA CALIFORNIA,TIJUANA,230.0,COSTA,BAJA CALIFORNIA,TIJUANA,BAJA CALIFORNIA,2,BAJA CALIFORNIA,3,TECATE,TIJUANA,"500 - 1,000"
2026-10-07,MDA,BCA,07TOY-230,7,746.39,744.05,2.34,0.0,07TOY-230,Toyota,BAJA CALIFORNIA,TIJUANA,230.0,COSTA,BAJA CALIFORNIA,TIJUANA,BAJA CALIFORNIA,2,BAJA CALIFORNIA,3,TECATE,TIJUANA,"500 - 1,000"
2026-10-07,MDA,BCA,07TOY-230,8,766.38,764.19,2.19,0.0,07TOY-230,Toyota,BAJA CALIFORNIA,TIJUANA,230.0,COSTA,BAJA CALIFORNIA,TIJUANA,BAJA CALIFORNIA,2,BAJA CALIFORNIA,3,TECATE,TIJUANA,"500 - 1,000"
2026-10-07,MDA,BCA,07TOY-230,9,1198.33,1195.72,2.62,0.0,07TOY-230,Toyota,BAJA CALIFORNIA,TIJUANA,230.0,COSTA,BAJA CALIFORNIA,TIJUANA,BAJA CALIFORNIA,2,BAJA CALIFORNIA,3,TECATE,TIJUANA,"1,000 - 2,000"
2026-10-07,MDA,BCA,07TOY-230,10,1095.58,1093.14,2.44,0.0,07TOY-230,Toyota,BAJA CALIFORNIA,TIJUANA,230.0,COSTA,BAJA CALIFORNIA,TIJUANA,BAJA CALIFORNIA,2,BAJA CALIFORNIA,3,TECATE,TIJUANA,"1,000 - 2,000"
2026-10-07,MDA,BCA,07TOY-230,11,1210.05,1207.07,2.97,0.0,07TOY-230,Toyota,BAJA CALIFORNIA,TIJUANA,230.0,COSTA,BAJA CALIFORNIA,TIJUANA,BAJA CALIFORNIA,2,BAJA CALIFORNIA,3,TECATE,TIJUANA,"1,000 - 2,000"
2026-10-07,MDA,BCA,07TOY-230,12,1235.19,1232.59,2.6,0.0,07TOY-230,Toyota,BAJA CALIFORNIA,TIJUANA,230.0,COSTA,BAJA CALIFORNIA,TIJUANA,BAJA CALIFORNIA,2,BAJA CALIFORNIA,3,TECATE,TIJUANA,"1,000 - 2,000"
2026-10-07,MDA,BCA,07TOY-230,13,1198.74,1196.63,2.11,0.0,07TOY-230,Toyota,BAJA CALIFORNIA,TIJUANA,230.0,COSTA,BAJA CALIFORNIA,TIJUANA,BAJA CALIFORNIA,2,BAJA CALIFORNIA,3,TECATE,TIJUANA,"1,000 - 2,000"
2026-10-07,MDA,BCA,07TOY-230,14,1237.54,1235.33,2.22,0.0,07TOY-230,Toyota,BAJA CALIFORNIA,TIJUANA,230.0,COSTA,BAJA CALIFORNIA,TIJUANA,BAJA CALIFORNIA,2,BAJA CALIFORNIA,3,TECATE,TIJUANA,"1,000 - 2,000"
2026-10-07,MDA,BCA,07TOY-230,15,1499.62,1497.11,2.51,0.0,07TOY-230,Toyota,BAJA CALIFORNIA,TIJUANA,230.0,COSTA,BAJA CALIFORNIA,TIJUANA,BAJA CALIFORNIA,2,BAJA CALIFORNIA,3,TECATE,TIJUANA,"1,000 - 2,000"
2026-10-07,MDA,BCA,07TOY-230,16,1496.21,1493.21,3.0,0.0,07TOY-230,Toyota,BAJA CALIFORNIA,TIJUANA,230.0,COSTA,BAJA CALIFORNIA,TIJUANA,BAJA CALIFORNIA,2,BAJA CALIFORNIA,3,TECATE,TIJUANA,"1,000 - 2,000"
2026-10-07,MDA,BCA,07TOY-230,17,1657.31,1653.66,3.65,0.0,07TOY-230,Toyota,BAJA CALIFORNIA,TIJUANA,230.0,COSTA,BAJA CALIFORNIA,TIJUANA,BAJA CALIFORNIA,2,BAJA CALIFORNIA,3,TECATE,TIJUANA,"1,000 - 2,000"
2026-10-07,MDA,BCA,07TOY-230,18,3505.61,3495.89,9.72,0.0,07TOY-230,Toyota,BAJA CALIFORNIA,TIJUANA,230.0,COSTA,BAJA CALIFORNIA,TIJUANA,BAJA CALIFORNIA,2,BAJA CALIFORNIA,3,TECATE,TIJUANA,"2,000 - 5,000"
2026-10-07,MDA,BCA,07TOY-230,19,3828.28,3815.54,12.74,0.0,07TOY-230,Toyota,BAJA CALIFORNIA,TIJUANA,230.0,COSTA,BAJA CALIFORNIA,TIJUANA,BAJA CALIFORNIA,2,BAJA CALIFORNIA,3,TECATE,TIJUANA,"2,000 - 5,000"
2026-10-07,MDA,BCA,07TOY-230,20,3560.65,3549.1,11.54,0.0,07TOY-230,Toyota,BAJA CALIFORNIA,TIJUANA,230.0,COSTA,BAJA CALIFORNIA,TIJUANA,BAJA CALIFORNIA,2,BAJA CALIFORNIA,3,TECATE,TIJUANA,"2,000 - 5,000"
2026-10-07,MDA,BCA,07TOY-230,21,2783.1,2774.55,8.55,0.0,07TOY-230,Toyota,BAJA CALIFORNIA,TIJUANA,230.0,COSTA,BAJA CALIFORNIA,TIJUANA,BAJA CALIFORNIA,2,BAJA CALIFORNIA,3,TECATE,TIJUANA,"2,000 - 5,000"
2026-10-07,MDA,BCA,07TOY-230,22,2541.06,2532.25,8.81,0.0,07TOY-230,Toyota,BAJA CALIFORNIA,TIJUANA,230.0,COSTA,BAJA CALIFORNIA,TIJUANA,BAJA CALIFORNIA,2,BAJA CALIFORNIA,3,TECATE,TIJUANA,"2,000 - 5,000"
2026-10-07,MDA,BCA,07TOY-230,23,1898.89,1891.38,7.51,0.0,07TOY-230,Toyota,BAJA CALIFORNIA,TIJUANA,230.0,COSTA,BAJA CALIFORNIA,TIJUANA,BAJA CALIFORNIA,2,BAJA CALIFORNIA,3,TECATE,TIJUANA,"1,000 - 2,000"
2026-10-07,MDA,BCA,07TOY-230,24,1260.53,1255.72,4.82,0.0,07TOY-230,Toyota,BAJA CALIFORNIA,TIJUANA,230.0,COSTA,BAJA CALIFORNIA,TIJUANA,BAJA CALIFORNIA,2,BAJA CALIFORNIA,3,TECATE,TIJUANA,"1,000 - 2,000"
2026-10-07,MDA,BCA,07TRI-115,1,1954.1,1767.84,186.26,0.0,07TRI-115,Valle de Trinidad,BAJA CALIFORNIA,ENSENADA,115.0,COSTA,BAJA CALIFORNIA,ENSENADA,BAJA CALIFORNIA,2,BAJA CALIFORNIA,1,ENSENADA,ENSENADA,"1,000 - 2,000"
2026-10-07,MDA,BCA,07TRI-115,2,1271.68,1154.64,117.04,0.0,07TRI-115,Valle de Trinidad,BAJA CALIFORNIA,ENSENADA,115.0,COSTA,BAJA CALIFORNIA,ENSENADA,BAJA CALIFORNIA,2,BAJA CALIFORNIA,1,ENSENADA,ENSENADA,"1,000 - 2,000"
2026-10-07,MDA,BCA,07TRI-115,3,835.08,758.91,76.17,0.0,07TRI-115,Valle de Trinidad,BAJA CALIFORNIA,ENSENADA,115.0,COSTA,BAJA CALIFORNIA,ENSENADA,BAJA CALIFORNIA,2,BAJA CALIFORNIA,1,ENSENADA,ENSENADA,"500 - 1,000"
2026-10-07,MDA,BCA,07TRI-115,4,732.93,668.11,64.83,0.0,07TRI-115,Valle de Trinidad,BAJA CALIFORNIA,ENSENADA,115.0,COSTA,BAJA CALIFORNIA,ENSENADA,BAJA CALIFORNIA,2,BAJA CALIFORNIA,1,ENSENADA,ENSENADA,"500 - 1,000"
2026-10-07,MDA,BCA,07TRI-115,5,734.06,669.64,64.42,0.0,07TRI-115,Valle de Trinidad,BAJA CALIFORNIA,ENSENADA,115.0,COSTA,BAJA CALIFORNIA,ENSENADA,BAJA CALIFORNIA,2,BAJA CALIFORNIA,1,ENSENADA,ENSENADA,"500 - 1,000"
2026-10-07,MDA,BCA,07TRI-115,6,713.33,650.89,62.44,0.0,07TRI-115,Valle de Trinidad,BAJA CALIFORNIA,ENSENADA,115.0,COSTA,BAJA CALIFORNIA,ENSENADA,BAJA CALIFORNIA,2,BAJA CALIFORNIA,1,ENSENADA,ENSENADA,"500 - 1,000"
2026-10-07,MDA,BCA,07TRI-115,7,819.16,744.05,75.11,0.0,07TRI-115,Valle de Trinidad,BAJA CALIFORNIA,ENSENADA,115.0,COSTA,BAJA CALIFORNIA,ENSENADA,BAJA CALIFORNIA,2,BAJA CALIFORNIA,1,ENSENADA,ENSENADA,"500 - 1,000"
2026-10-07,MDA,BCA,07TRI-115,8,847.51,764.19,83.32,0.0,07TRI-115,Valle de Trinidad,BAJA CALIFORNIA,ENSENADA,115.0,COSTA,BAJA CALIFORNIA,ENSENADA,BAJA CALIFORNIA,2,BAJA CALIFORNIA,1,ENSENADA,ENSENADA,"500 - 1,000"
2026-10-07,MDA,BCA,07TRI-115,9,1336.48,1195.72,140.77,0.0,07TRI-115,Valle de Trinidad,BAJA CALIFORNIA,ENSENADA,115.0,COSTA,BAJA CALIFORNIA,ENSENADA,BAJA CALIFORNIA,2,BAJA CALIFORNIA,1,ENSENADA,ENSENADA,"1,000 - 2,000"
2026-10-07,MDA,BCA,07TRI-115,10,1226.26,1093.14,133.12,0.0,07TRI-115,Valle de Trinidad,BAJA CALIFORNIA,ENSENADA,115.0,COSTA,BAJA CALIFORNIA,ENSENADA,BAJA CALIFORNIA,2,BAJA CALIFORNIA,1,ENSENADA,ENSENADA,"1,000 - 2,000"
2026-10-07,MDA,BCA,07TRI-115,11,1356.74,1207.07,149.66,0.0,07TRI-115,Valle de Trinidad,BAJA CALIFORNIA,ENSENADA,115.0,COSTA,BAJA CALIFORNIA,ENSENADA,BAJA CALIFORNIA,2,BAJA CALIFORNIA,1,ENSENADA,ENSENADA,"1,000 - 2,000"
2026-10-07,MDA,BCA,07TRI-115,12,7780.7,1232.59,153.54,6394.57,07TRI-115,Valle de Trinidad,BAJA CALIFORNIA,ENSENADA,115.0,COSTA,BAJA CALIFORNIA,ENSENADA,BAJA CALIFORNIA,2,BAJA CALIFORNIA,1,ENSENADA,ENSENADA,"5,000 - 10,000"
2026-10-07,MDA,BCA,07TRI-115,13,9423.04,1196.63,151.82,8074.6,07TRI-115,Valle de Trinidad,BAJA CALIFORNIA,ENSENADA,115.0,COSTA,BAJA CALIFORNIA,ENSENADA,BAJA CALIFORNIA,2,BAJA CALIFORNIA,1,ENSENADA,ENSENADA,"5,000 - 10,000"
2026-10-07,MDA,BCA,07TRI-115,14,10136.49,1235.33,155.81,8745.35,07TRI-115,Valle de Trinidad,BAJA CALIFORNIA,ENSENADA,115.0,COSTA,BAJA CALIFORNIA,ENSENADA,BAJA CALIFORNIA,2,BAJA CALIFORNIA,1,ENSENADA,ENSENADA,"10,000 o más"
2026-10-07,MDA,BCA,07TRI-115,15,7782.96,1497.11,189.83,6096.02,07TRI-115,Valle de Trinidad,BAJA CALIFORNIA,ENSENADA,115.0,COSTA,BAJA CALIFORNIA,ENSENADA,BAJA CALIFORNIA,2,BAJA CALIFORNIA,1,ENSENADA,ENSENADA,"5,000 - 10,000"
2026-10-07,MDA,BCA,07TRI-115,16,9369.57,1493.21,185.86,7690.49,07TRI-115,Valle de Trinidad,BAJA CALIFORNIA,ENSENADA,115.0,COSTA,BAJA CALIFORNIA,ENSENADA,BAJA CALIFORNIA,2,BAJA CALIFORNIA,1,ENSENADA,ENSENADA,"5,000 - 10,000"
2026-10-07,MDA,BCA,07TRI-115,17,10912.46,1653.66,215.21,9043.6,07TRI-115,Valle de Trinidad,BAJA CALIFORNIA,ENSENADA,115.0,COSTA,BAJA CALIFORNIA,ENSENADA,BAJA CALIFORNIA,2,BAJA CALIFORNIA,1,ENSENADA,ENSENADA,"10,000 o más"
2026-10-07,MDA,BCA,07TRI-115,18,11270.09,3495.89,462.14,7312.07,07TRI-115,Valle de Trinidad,BAJA CALIFORNIA,ENSENADA,115.0,COSTA,BAJA CALIFORNIA,ENSENADA,BAJA CALIFORNIA,2,BAJA CALIFORNIA,1,ENSENADA,ENSENADA,"10,000 o más"
2026-10-07,MDA,BCA,07TRI-115,19,10242.31,3815.54,485.54,5941.22,07TRI-115,Valle de Trinidad,BAJA CALIFORNIA,ENSENADA,115.0,COSTA,BAJA CALIFORNIA,ENSENADA,BAJA CALIFORNIA,2,BAJA CALIFORNIA,1,ENSENADA,ENSENADA,"10,000 o más"
2026-10-07,MDA,BCA,07TRI-115,20,10613.84,3549.1,444.71,6620.03,07TRI-115,Valle de Trinidad,BAJA CALIFORNIA,ENSENADA,115.0,COSTA,BAJA CALIFORNIA,ENSENADA,BAJA CALIFORNIA,2,BAJA CALIFORNIA,1,ENSENADA,ENSENADA,"10,000 o más"
2026-10-07,MDA,BCA,07TRI-115,21,9422.91,2774.55,351.28,6297.08,07TRI-115,Valle de Trinidad,BAJA CALIFORNIA,ENSENADA,115.0,COSTA,BAJA CALIFORNIA,ENSENADA,BAJA CALIFORNIA,2,BAJA CALIFORNIA,1,ENSENADA,ENSENADA,"5,000 - 10,000"
2026-10-07,MDA,BCA,07TRI-115,22,10818.96,2532.25,301.36,7985.35,07TRI-115,Valle de Trinidad,BAJA CALIFORNIA,ENSENADA,115.0,COSTA,BAJA CALIFORNIA,ENSENADA,BAJA CALIFORNIA,2,BAJA CALIFORNIA,1,ENSENADA,ENSENADA,"10,000 o más"
2026-10-07,MDA,BCA,07TRI-115,23,2104.85,1891.38,213.48,0.0,07TRI-115,Valle de Trinidad,BAJA CALIFORNIA,ENSENADA,115.0,COSTA,BAJA CALIFORNIA,ENSENADA,BAJA CALIFORNIA,2,BAJA CALIFORNIA,1,ENSENADA,ENSENADA,"2,000 - 5,000"
2026-10-07,MDA,BCA,07TRI-115,24,1391.74,1255.72,136.03,0.0,07TRI-115,Valle de Trinidad,BAJA CALIFORNIA,ENSENADA,115.0,COSTA,BAJA CALIFORNIA,ENSENADA,BAJA CALIFORNIA,2,BAJA CALIFORNIA,1,ENSENADA,ENSENADA,"1,000 - 2,000"
2026-10-07,MDA,BCA,07TUG-161,1,1754.9,1767.84,-12.93,0.0,07TUG-161,Turbogas Gonzalez Ortega,BAJA CALIFORNIA,MEXICALI,161.0,VALLE,BAJA CALIFORNIA,MEXICALI,BAJA CALIFORNIA,2,BAJA CALIFORNIA,2,MEXICALI,MEXICALI,"1,000 - 2,000"
2026-10-07,MDA,BCA,07TUG-161,2,1146.21,1154.64,-8.43,0.0,07TUG-161,Turbogas Gonzalez Ortega,BAJA CALIFORNIA,MEXICALI,161.0,VALLE,BAJA CALIFORNIA,MEXICALI,BAJA CALIFORNIA,2,BAJA CALIFORNIA,2,MEXICALI,MEXICALI,"1,000 - 2,000"
2026-10-07,MDA,BCA,07TUG-161,3,752.49,758.91,-6.42,0.0,07TUG-161,Turbogas Gonzalez Ortega,BAJA CALIFORNIA,MEXICALI,161.0,VALLE,BAJA CALIFORNIA,MEXICALI,BAJA CALIFORNIA,2,BAJA CALIFORNIA,2,MEXICALI,MEXICALI,"500 - 1,000"
2026-10-07,MDA,BCA,07TUG-161,4,662.9,668.11,-5.21,0.0,07TUG-161,Turbogas Gonzalez Ortega,BAJA CALIFORNIA,MEXICALI,161.0,VALLE,BAJA CALIFORNIA,MEXICALI,BAJA CALIFORNIA,2,BAJA CALIFORNIA,2,MEXICALI,MEXICALI,"500 - 1,000"
2026-10-07,MDA,BCA,07TUG-161,5,665.65,669.64,-3.99,0.0,07TUG-161,Turbogas Gonzalez Ortega,BAJA CALIFORNIA,MEXICALI,161.0,VALLE,BAJA CALIFORNIA,MEXICALI,BAJA CALIFORNIA,2,BAJA CALIFORNIA,2,MEXICALI,MEXICALI,"500 - 1,000"
2026-10-07,MDA,BCA,07TUG-161,6,646.74,650.89,-4.15,0.0,07TUG-161,Turbogas Gonzalez Ortega,BAJA CALIFORNIA,MEXICALI,161.0,VALLE,BAJA CALIFORNIA,MEXICALI,BAJA CALIFORNIA,2,BAJA CALIFORNIA,2,MEXICALI,MEXICALI,"500 - 1,000"
2026-10-07,MDA,BCA,07TUG-161,7,736.57,744.05,-7.48,0.0,07TUG-161,Turbogas Gonzalez Ortega,BAJA CALIFORNIA,MEXICALI,161.0,VALLE,BAJA CALIFORNIA,MEXICALI,BAJA CALIFORNIA,2,BAJA CALIFORNIA,2,MEXICALI,MEXICALI,"500 - 1,000"
2026-10-07,MDA,BCA,07TUG-161,8,754.27,764.19,-9.92,0.0,07TUG-161,Turbogas Gonzalez Ortega,BAJA CALIFORNIA,MEXICALI,161.0,VALLE,BAJA CALIFORNIA,MEXICALI,BAJA CALIFORNIA,2,BAJA CALIFORNIA,2,MEXICALI,MEXICALI,"500 - 1,000"
2026-10-07,MDA,BCA,07TUG-161,9,1168.66,1195.72,-27.06,0.0,07TUG-161,Turbogas Gonzalez Ortega,BAJA CALIFORNIA,MEXICALI,161.0,VALLE,BAJA CALIFORNIA,MEXICALI,BAJA CALIFORNIA,2,BAJA CALIFORNIA,2,MEXICALI,MEXICALI,"1,000 - 2,000"
2026-10-07,MDA,BCA,07TUG-161,10,1063.97,1093.14,-29.17,0.0,07TUG-161,Turbogas Gonzalez Ortega,BAJA CALIFORNIA,MEXICALI,161.0,VALLE,BAJA CALIFORNIA,MEXICALI,BAJA CALIFORNIA,2,BAJA CALIFORNIA,2,MEXICALI,MEXICALI,"1,000 - 2,000"
2026-10-07,MDA,BCA,07TUG-161,11,1181.51,1207.07,-25.56,0.0,07TUG-161,Turbogas Gonzalez Ortega,BAJA CALIFORNIA,MEXICALI,161.0,VALLE,BAJA CALIFORNIA,MEXICALI,BAJA CALIFORNIA,2,BAJA CALIFORNIA,2,MEXICALI,MEXICALI,"1,000 - 2,000"
2026-10-07,MDA,BCA,07TUG-161,12,1205.81,1232.59,-26.77,0.0,07TUG-161,Turbogas Gonzalez Ortega,BAJA CALIFORNIA,MEXICALI,161.0,VALLE,BAJA CALIFORNIA,MEXICALI,BAJA CALIFORNIA,2,BAJA CALIFORNIA,2,MEXICALI,MEXICALI,"1,000 - 2,000"
2026-10-07,MDA,BCA,07TUG-161,13,1166.33,1196.63,-30.3,0.0,07TUG-161,Turbogas Gonzalez Ortega,BAJA CALIFORNIA,MEXICALI,161.0,VALLE,BAJA CALIFORNIA,MEXICALI,BAJA CALIFORNIA,2,BAJA CALIFORNIA,2,MEXICALI,MEXICALI,"1,000 - 2,000"
2026-10-07,MDA,BCA,07TUG-161,14,1205.47,1235.33,-29.86,0.0,07TUG-161,Turbogas Gonzalez Ortega,BAJA CALIFORNIA,MEXICALI,161.0,VALLE,BAJA CALIFORNIA,MEXICALI,BAJA CALIFORNIA,2,BAJA CALIFORNIA,2,MEXICALI,MEXICALI,"1,000 - 2,000"
2026-10-07,MDA,BCA,07TUG-161,15,1467.32,1497.11,-29.79,0.0,07TUG-161,Turbogas Gonzalez Ortega,BAJA CALIFORNIA,MEXICALI,161.0,VALLE,BAJA CALIFORNIA,MEXICALI,BAJA CALIFORNIA,2,BAJA CALIFORNIA,2,MEXICALI,MEXICALI,"1,000 - 2,000"
2026-10-07,MDA,BCA,07TUG-161,16,1460.79,1493.21,-32.42,0.0,07TUG-161,Turbogas Gonzalez Ortega,BAJA CALIFORNIA,MEXICALI,161.0,VALLE,BAJA CALIFORNIA,MEXICALI,BAJA CALIFORNIA,2,BAJA CALIFORNIA,2,MEXICALI,MEXICALI,"1,000 - 2,000"
2026-10-07,MDA,BCA,07TUG-161,17,1633.97,1653.66,-19.69,0.0,07TUG-161,Turbogas Gonzalez Ortega,BAJA CALIFORNIA,MEXICALI,161.0,VALLE,BAJA CALIFORNIA,MEXICALI,BAJA CALIFORNIA,2,BAJA CALIFORNIA,2,MEXICALI,MEXICALI,"1,000 - 2,000"
2026-10-07,MDA,BCA,07TUG-161,18,3457.91,3495.89,-37.98,0.0,07TUG-161,Turbogas Gonzalez Ortega,BAJA CALIFORNIA,MEXICALI,161.0,VALLE,BAJA CALIFORNIA,MEXICALI,BAJA CALIFORNIA,2,BAJA CALIFORNIA,2,MEXICALI,MEXICALI,"2,000 - 5,000"
2026-10-07,MDA,BCA,07TUG-161,19,3783.95,3815.54,-31.6,0.0,07TUG-161,Turbogas Gonzalez Ortega,BAJA CALIFORNIA,MEXICALI,161.0,VALLE,BAJA CALIFORNIA,MEXICALI,BAJA CALIFORNIA,2,BAJA CALIFORNIA,2,MEXICALI,MEXICALI,"2,000 - 5,000"
2026-10-07,MDA,BCA,07TUG-161,20,3517.41,3549.1,-31.7,0.0,07TUG-161,Turbogas Gonzalez Ortega,BAJA CALIFORNIA,MEXICALI,161.0,VALLE,BAJA CALIFORNIA,MEXICALI,BAJA CALIFORNIA,2,BAJA CALIFORNIA,2,MEXICALI,MEXICALI,"2,000 - 5,000"
2026-10-07,MDA,BCA,07TUG-161,21,2748.9,2774.55,-25.65,0.0,07TUG-161,Turbogas Gonzalez Ortega,BAJA CALIFORNIA,MEXICALI,161.0,VALLE,BAJA CALIFORNIA,MEXICALI,BAJA CALIFORNIA,2,BAJA CALIFORNIA,2,MEXICALI,MEXICALI,"2,000 - 5,000"
2026-10-07,MDA,BCA,07TUG-161,22,2509.75,2532.25,-22.51,0.0,07TUG-161,Turbogas Gonzalez Ortega,BAJA CALIFORNIA,MEXICALI,161.0,VALLE,BAJA CALIFORNIA,MEXICALI,BAJA CALIFORNIA,2,BAJA CALIFORNIA,2,MEXICALI,MEXICALI,"2,000 - 5,000"
2026-10-07,MDA,BCA,07TUG-161,23,1873.09,1891.38,-18.29,0.0,07TUG-161,Turbogas Gonzalez Ortega,BAJA CALIFORNIA,MEXICALI,161.0,VALLE,BAJA CALIFORNIA,MEXICALI,BAJA CALIFORNIA,2,BAJA CALIFORNIA,2,MEXICALI,MEXICALI,"1,000 - 2,000"
2026-10-07,MDA,BCA,07TUG-161,24,1241.96,1255.72,-13.76,0.0,07TUG-161,Turbogas Gonzalez Ortega,BAJA CALIFORNIA,MEXICALI,161.0,VALLE,BAJA CALIFORNIA,MEXICALI,BAJA CALIFORNIA,2,BAJA CALIFORNIA,2,MEXICALI,MEXICALI,"1,000 - 2,000"
2026-10-07,MDA,BCA,07UND-69,1,1801.88,1767.84,34.04,0.0,07UND-69,Universidad,BAJA CALIFORNIA,TIJUANA,69.0,COSTA,BAJA CALIFORNIA,TIJUANA,BAJA CALIFORNIA,2,BAJA CALIFORNIA,4,TIJUANA,TIJUANA,"1,000 - 2,000"
2026-10-07,MDA,BCA,07UND-69,2,1176.41,1154.64,21.77,0.0,07UND-69,Universidad,BAJA CALIFORNIA,TIJUANA,69.0,COSTA,BAJA CALIFORNIA,TIJUANA,BAJA CALIFORNIA,2,BAJA CALIFORNIA,4,TIJUANA,TIJUANA,"1,000 - 2,000"
2026-10-07,MDA,BCA,07UND-69,3,772.42,758.91,13.51,0.0,07UND-69,Universidad,BAJA CALIFORNIA,TIJUANA,69.0,COSTA,BAJA CALIFORNIA,TIJUANA,BAJA CALIFORNIA,2,BAJA CALIFORNIA,4,TIJUANA,TIJUANA,"500 - 1,000"
2026-10-07,MDA,BCA,07UND-69,4,679.76,668.11,11.65,0.0,07UND-69,Universidad,BAJA CALIFORNIA,TIJUANA,69.0,COSTA,BAJA CALIFORNIA,TIJUANA,BAJA CALIFORNIA,2,BAJA CALIFORNIA,4,TIJUANA,TIJUANA,"500 - 1,000"
2026-10-07,MDA,BCA,07UND-69,5,681.27,669.64,11.63,0.0,07UND-69,Universidad,BAJA CALIFORNIA,TIJUANA,69.0,COSTA,BAJA CALIFORNIA,TIJUANA,BAJA CALIFORNIA,2,BAJA CALIFORNIA,4,TIJUANA,TIJUANA,"500 - 1,000"
2026-10-07,MDA,BCA,07UND-69,6,662.19,650.89,11.3,0.0,07UND-69,Universidad,BAJA CALIFORNIA,TIJUANA,69.0,COSTA,BAJA CALIFORNIA,TIJUANA,BAJA CALIFORNIA,2,BAJA CALIFORNIA,4,TIJUANA,TIJUANA,"500 - 1,000"
2026-10-07,MDA,BCA,07UND-69,7,757.69,744.05,13.64,0.0,07UND-69,Universidad,BAJA CALIFORNIA,TIJUANA,69.0,COSTA,BAJA CALIFORNIA,TIJUANA,BAJA CALIFORNIA,2,BAJA CALIFORNIA,4,TIJUANA,TIJUANA,"500 - 1,000"
2026-10-07,MDA,BCA,07UND-69,8,779.44,764.19,15.25,0.0,07UND-69,Universidad,BAJA CALIFORNIA,TIJUANA,69.0,COSTA,BAJA CALIFORNIA,TIJUANA,BAJA CALIFORNIA,2,BAJA CALIFORNIA,4,TIJUANA,TIJUANA,"500 - 1,000"
2026-10-07,MDA,BCA,07UND-69,9,1220.73,1195.72,25.01,0.0,07UND-69,Universidad,BAJA CALIFORNIA,TIJUANA,69.0,COSTA,BAJA CALIFORNIA,TIJUANA,BAJA CALIFORNIA,2,BAJA CALIFORNIA,4,TIJUANA,TIJUANA,"1,000 - 2,000"
2026-10-07,MDA,BCA,07UND-69,10,1117.48,1093.14,24.34,0.0,07UND-69,Universidad,BAJA CALIFORNIA,TIJUANA,69.0,COSTA,BAJA CALIFORNIA,TIJUANA,BAJA CALIFORNIA,2,BAJA CALIFORNIA,4,TIJUANA,TIJUANA,"1,000 - 2,000"
2026-10-07,MDA,BCA,07UND-69,11,1235.12,1207.07,28.05,0.0,07UND-69,Universidad,BAJA CALIFORNIA,TIJUANA,69.0,COSTA,BAJA CALIFORNIA,TIJUANA,BAJA CALIFORNIA,2,BAJA CALIFORNIA,4,TIJUANA,TIJUANA,"1,000 - 2,000"
2026-10-07,MDA,BCA,07UND-69,12,1261.57,1232.59,28.98,0.0,07UND-69,Universidad,BAJA CALIFORNIA,TIJUANA,69.0,COSTA,BAJA CALIFORNIA,TIJUANA,BAJA CALIFORNIA,2,BAJA CALIFORNIA,4,TIJUANA,TIJUANA,"1,000 - 2,000"
2026-10-07,MDA,BCA,07UND-69,13,1224.94,1196.63,28.31,0.0,07UND-69,Universidad,BAJA CALIFORNIA,TIJUANA,69.0,COSTA,BAJA CALIFORNIA,TIJUANA,BAJA CALIFORNIA,2,BAJA CALIFORNIA,4,TIJUANA,TIJUANA,"1,000 - 2,000"
2026-10-07,MDA,BCA,07UND-69,14,1264.39,1235.33,29.06,0.0,07UND-69,Universidad,BAJA CALIFORNIA,TIJUANA,69.0,COSTA,BAJA CALIFORNIA,TIJUANA,BAJA CALIFORNIA,2,BAJA CALIFORNIA,4,TIJUANA,TIJUANA,"1,000 - 2,000"
2026-10-07,MDA,BCA,07UND-69,15,1531.83,1497.11,34.72,0.0,07UND-69,Universidad,BAJA CALIFORNIA,TIJUANA,69.0,COSTA,BAJA CALIFORNIA,TIJUANA,BAJA CALIFORNIA,2,BAJA CALIFORNIA,4,TIJUANA,TIJUANA,"1,000 - 2,000"
2026-10-07,MDA,BCA,07UND-69,16,1528.26,1493.21,35.04,0.0,07UND-69,Universidad,BAJA CALIFORNIA,TIJUANA,69.0,COSTA,BAJA CALIFORNIA,TIJUANA,BAJA CALIFORNIA,2,BAJA CALIFORNIA,4,TIJUANA,TIJUANA,"1,000 - 2,000"
2026-10-07,MDA,BCA,07UND-69,17,1691.6,1653.66,37.94,0.0,07UND-69,Universidad,BAJA CALIFORNIA,TIJUANA,69.0,COSTA,BAJA CALIFORNIA,TIJUANA,BAJA CALIFORNIA,2,BAJA CALIFORNIA,4,TIJUANA,TIJUANA,"1,000 - 2,000"
2026-10-07,MDA,BCA,07UND-69,18,3574.17,3495.89,78.28,0.0,07UND-69,Universidad,BAJA CALIFORNIA,TIJUANA,69.0,COSTA,BAJA CALIFORNIA,TIJUANA,BAJA CALIFORNIA,2,BAJA CALIFORNIA,4,TIJUANA,TIJUANA,"2,000 - 5,000"
2026-10-07,MDA,BCA,07UND-69,19,3899.78,3815.54,84.24,0.0,07UND-69,Universidad,BAJA CALIFORNIA,TIJUANA,69.0,COSTA,BAJA CALIFORNIA,TIJUANA,BAJA CALIFORNIA,2,BAJA CALIFORNIA,4,TIJUANA,TIJUANA,"2,000 - 5,000"
2026-10-07,MDA,BCA,07UND-69,20,3626.89,3549.1,77.79,0.0,07UND-69,Universidad,BAJA CALIFORNIA,TIJUANA,69.0,COSTA,BAJA CALIFORNIA,TIJUANA,BAJA CALIFORNIA,2,BAJA CALIFORNIA,4,TIJUANA,TIJUANA,"2,000 - 5,000"
2026-10-07,MDA,BCA,07UND-69,21,2834.13,2774.55,59.59,0.0,07UND-69,Universidad,BAJA CALIFORNIA,TIJUANA,69.0,COSTA,BAJA CALIFORNIA,TIJUANA,BAJA CALIFORNIA,2,BAJA CALIFORNIA,4,TIJUANA,TIJUANA,"2,000 - 5,000"
2026-10-07,MDA,BCA,07UND-69,22,2585.03,2532.25,52.77,0.0,07UND-69,Universidad,BAJA CALIFORNIA,TIJUANA,69.0,COSTA,BAJA CALIFORNIA,TIJUANA,BAJA CALIFORNIA,2,BAJA CALIFORNIA,4,TIJUANA,TIJUANA,"2,000 - 5,000"
2026-10-07,MDA,BCA,07UND-69,23,1930.23,1891.38,38.85,0.0,07UND-69,Universidad,BAJA CALIFORNIA,TIJUANA,69.0,COSTA,BAJA CALIFORNIA,TIJUANA,BAJA CALIFORNIA,2,BAJA CALIFORNIA,4,TIJUANA,TIJUANA,"1,000 - 2,000"
2026-10-07,MDA,BCA,07UND-69,24,1280.57,1255.72,24.85,0.0,07UND-69,Universidad,BAJA CALIFORNIA,TIJUANA,69.0,COSTA,BAJA CALIFORNIA,TIJUANA,BAJA CALIFORNIA,2,BAJA CALIFORNIA,4,TIJUANA,TIJUANA,"1,000 - 2,000"
2026-10-07,MDA,BCA,07VAS-69,1,1803.56,1767.84,35.73,0.0,07VAS-69,P. I. Valle Sur,BAJA CALIFORNIA,TIJUANA,69.0,COSTA,BAJA CALIFORNIA,TIJUANA,BAJA CALIFORNIA,2,BAJA CALIFORNIA,4,TIJUANA,TIJUANA,"1,000 - 2,000"
2026-10-07,MDA,BCA,07VAS-69,2,1176.99,1154.64,22.36,0.0,07VAS-69,P. I. Valle Sur,BAJA CALIFORNIA,TIJUANA,69.0,COSTA,BAJA CALIFORNIA,TIJUANA,BAJA CALIFORNIA,2,BAJA CALIFORNIA,4,TIJUANA,TIJUANA,"1,000 - 2,000"
2026-10-07,MDA,BCA,07VAS-69,3,772.83,758.91,13.92,0.0,07VAS-69,P. I. Valle Sur,BAJA CALIFORNIA,TIJUANA,69.0,COSTA,BAJA CALIFORNIA,TIJUANA,BAJA CALIFORNIA,2,BAJA CALIFORNIA,4,TIJUANA,TIJUANA,"500 - 1,000"
2026-10-07,MDA,BCA,07VAS-69,4,679.99,668.11,11.88,0.0,07VAS-69,P. I. Valle Sur,BAJA CALIFORNIA,TIJUANA,69.0,COSTA,BAJA CALIFORNIA,TIJUANA,BAJA CALIFORNIA,2,BAJA CALIFORNIA,4,TIJUANA,TIJUANA,"500 - 1,000"
2026-10-07,MDA,BCA,07VAS-69,5,681.44,669.64,11.81,0.0,07VAS-69,P. I. Valle Sur,BAJA CALIFORNIA,TIJUANA,69.0,COSTA,BAJA CALIFORNIA,TIJUANA,BAJA CALIFORNIA,2,BAJA CALIFORNIA,4,TIJUANA,TIJUANA,"500 - 1,000"
2026-10-07,MDA,BCA,07VAS-69,6,662.34,650.89,11.45,0.0,07VAS-69,P. I. Valle Sur,BAJA CALIFORNIA,TIJUANA,69.0,COSTA,BAJA CALIFORNIA,TIJUANA,BAJA CALIFORNIA,2,BAJA CALIFORNIA,4,TIJUANA,TIJUANA,"500 - 1,000"
2026-10-07,MDA,BCA,07VAS-69,7,757.78,744.05,13.73,0.0,07VAS-69,P. I. Valle Sur,BAJA CALIFORNIA,TIJUANA,69.0,COSTA,BAJA CALIFORNIA,TIJUANA,BAJA CALIFORNIA,2,BAJA CALIFORNIA,4,TIJUANA,TIJUANA,"500 - 1,000"
2026-10-07,MDA,BCA,07VAS-69,8,779.23,764.19,15.04,0.0,07VAS-69,P. I. Valle Sur,BAJA CALIFORNIA,TIJUANA,69.0,COSTA,BAJA CALIFORNIA,TIJUANA,BAJA CALIFORNIA,2,BAJA CALIFORNIA,4,TIJUANA,TIJUANA,"500 - 1,000"
2026-10-07,MDA,BCA,07VAS-69,9,1220.79,1195.72,25.08,0.0,07VAS-69,P. I. Valle Sur,BAJA CALIFORNIA,TIJUANA,69.0,COSTA,BAJA CALIFORNIA,TIJUANA,BAJA CALIFORNIA,2,BAJA CALIFORNIA,4,TIJUANA,TIJUANA,"1,000 - 2,000"
2026-10-07,MDA,BCA,07VAS-69,10,1117.81,1093.14,24.67,0.0,07VAS-69,P. I. Valle Sur,BAJA CALIFORNIA,TIJUANA,69.0,COSTA,BAJA CALIFORNIA,TIJUANA,BAJA CALIFORNIA,2,BAJA CALIFORNIA,4,TIJUANA,TIJUANA,"1,000 - 2,000"
2026-10-07,MDA,BCA,07VAS-69,11,1235.73,1207.07,28.65,0.0,07VAS-69,P. I. Valle Sur,BAJA CALIFORNIA,TIJUANA,69.0,COSTA,BAJA CALIFORNIA,TIJUANA,BAJA CALIFORNIA,2,BAJA CALIFORNIA,4,TIJUANA,TIJUANA,"1,000 - 2,000"
2026-10-07,MDA,BCA,07VAS-69,12,1262.59,1232.59,30.0,0.0,07VAS-69,P. I. Valle Sur,BAJA CALIFORNIA,TIJUANA,69.0,COSTA,BAJA CALIFORNIA,TIJUANA,BAJA CALIFORNIA,2,BAJA CALIFORNIA,4,TIJUANA,TIJUANA,"1,000 - 2,000"
2026-10-07,MDA,BCA,07VAS-69,13,1226.16,1196.63,29.53,0.0,07VAS-69,P. I. Valle Sur,BAJA CALIFORNIA,TIJUANA,69.0,COSTA,BAJA CALIFORNIA,TIJUANA,BAJA CALIFORNIA,2,BAJA CALIFORNIA,4,TIJUANA,TIJUANA,"1,000 - 2,000"
2026-10-07,MDA,BCA,07VAS-69,14,1266.18,1235.33,30.86,0.0,07VAS-69,P. I. Valle Sur,BAJA CALIFORNIA,TIJUANA,69.0,COSTA,BAJA CALIFORNIA,TIJUANA,BAJA CALIFORNIA,2,BAJA CALIFORNIA,4,TIJUANA,TIJUANA,"1,000 - 2,000"
2026-10-07,MDA,BCA,07VAS-69,15,1534.67,1497.11,37.56,0.0,07VAS-69,P. I. Valle Sur,BAJA CALIFORNIA,TIJUANA,69.0,COSTA,BAJA CALIFORNIA,TIJUANA,BAJA CALIFORNIA,2,BAJA CALIFORNIA,4,TIJUANA,TIJUANA,"1,000 - 2,000"
2026-10-07,MDA,BCA,07VAS-69,16,1530.71,1493.21,37.5,0.0,07VAS-69,P. I. Valle Sur,BAJA CALIFORNIA,TIJUANA,69.0,COSTA,BAJA CALIFORNIA,TIJUANA,BAJA CALIFORNIA,2,BAJA CALIFORNIA,4,TIJUANA,TIJUANA,"1,000 - 2,000"
2026-10-07,MDA,BCA,07VAS-69,17,1695.3,1653.66,41.64,0.0,07VAS-69,P. I. Valle Sur,BAJA CALIFORNIA,TIJUANA,69.0,COSTA,BAJA CALIFORNIA,TIJUANA,BAJA CALIFORNIA,2,BAJA CALIFORNIA,4,TIJUANA,TIJUANA,"1,000 - 2,000"
2026-10-07,MDA,BCA,07VAS-69,18,3582.48,3495.89,86.59,0.0,07VAS-69,P. I. Valle Sur,BAJA CALIFORNIA,TIJUANA,69.0,COSTA,BAJA CALIFORNIA,TIJUANA,BAJA CALIFORNIA,2,BAJA CALIFORNIA,4,TIJUANA,TIJUANA,"2,000 - 5,000"
2026-10-07,MDA,BCA,07VAS-69,19,3908.09,3815.54,92.54,0.0,07VAS-69,P. I. Valle Sur,BAJA CALIFORNIA,TIJUANA,69.0,COSTA,BAJA CALIFORNIA,TIJUANA,BAJA CALIFORNIA,2,BAJA CALIFORNIA,4,TIJUANA,TIJUANA,"2,000 - 5,000"
2026-10-07,MDA,BCA,07VAS-69,20,3634.85,3549.1,85.74,0.0,07VAS-69,P. I. Valle Sur,BAJA CALIFORNIA,TIJUANA,69.0,COSTA,BAJA CALIFORNIA,TIJUANA,BAJA CALIFORNIA,2,BAJA CALIFORNIA,4,TIJUANA,TIJUANA,"2,000 - 5,000"
2026-10-07,MDA,BCA,07VAS-69,21,2840.13,2774.55,65.58,0.0,07VAS-69,P. I. Valle Sur,BAJA CALIFORNIA,TIJUANA,69.0,COSTA,BAJA CALIFORNIA,TIJUANA,BAJA CALIFORNIA,2,BAJA CALIFORNIA,4,TIJUANA,TIJUANA,"2,000 - 5,000"
2026-10-07,MDA,BCA,07VAS-69,22,2590.45,2532.25,58.2,0.0,07VAS-69,P. I. Valle Sur,BAJA CALIFORNIA,TIJUANA,69.0,COSTA,BAJA CALIFORNIA,TIJUANA,BAJA CALIFORNIA,2,BAJA CALIFORNIA,4,TIJUANA,TIJUANA,"2,000 - 5,000"
2026-10-07,MDA,BCA,07VAS-69,23,1933.02,1891.38,41.65,0.0,07VAS-69,P. I. Valle Sur,BAJA CALIFORNIA,TIJUANA,69.0,COSTA,BAJA CALIFORNIA,TIJUANA,BAJA CALIFORNIA,2,BAJA CALIFORNIA,4,TIJUANA,TIJUANA,"1,000 - 2,000"
2026-10-07,MDA,BCA,07VAS-69,24,1281.77,1255.72,26.05,0.0,07VAS-69,P. I. Valle Sur,BAJA CALIFORNIA,TIJUANA,69.0,COSTA,BAJA CALIFORNIA,TIJUANA,BAJA CALIFORNIA,2,BAJA CALIFORNIA,4,TIJUANA,TIJUANA,"1,000 - 2,000"
2026-10-07,MDA,BCA,07VIG-69,1,1796.49,1767.84,28.66,0.0,07VIG-69,Carga particular en linea de transmision HMO-63240-INA,BAJA CALIFORNIA,TIJUANA,69.0,COSTA,BAJA CALIFORNIA,TIJUANA,BAJA CALIFORNIA,2,BAJA CALIFORNIA,4,TIJUANA,TIJUANA,"1,000 - 2,000"
2026-10-07,MDA,BCA,07VIG-69,2,1172.82,1154.64,18.19,0.0,07VIG-69,Carga particular en linea de transmision HMO-63240-INA,BAJA CALIFORNIA,TIJUANA,69.0,COSTA,BAJA CALIFORNIA,TIJUANA,BAJA CALIFORNIA,2,BAJA CALIFORNIA,4,TIJUANA,TIJUANA,"1,000 - 2,000"
2026-10-07,MDA,BCA,07VIG-69,3,770.19,758.91,11.29,0.0,07VIG-69,Carga particular en linea de transmision HMO-63240-INA,BAJA CALIFORNIA,TIJUANA,69.0,COSTA,BAJA CALIFORNIA,TIJUANA,BAJA CALIFORNIA,2,BAJA CALIFORNIA,4,TIJUANA,TIJUANA,"500 - 1,000"
2026-10-07,MDA,BCA,07VIG-69,4,677.83,668.11,9.72,0.0,07VIG-69,Carga particular en linea de transmision HMO-63240-INA,BAJA CALIFORNIA,TIJUANA,69.0,COSTA,BAJA CALIFORNIA,TIJUANA,BAJA CALIFORNIA,2,BAJA CALIFORNIA,4,TIJUANA,TIJUANA,"500 - 1,000"
2026-10-07,MDA,BCA,07VIG-69,5,679.32,669.64,9.69,0.0,07VIG-69,Carga particular en linea de transmision HMO-63240-INA,BAJA CALIFORNIA,TIJUANA,69.0,COSTA,BAJA CALIFORNIA,TIJUANA,BAJA CALIFORNIA,2,BAJA CALIFORNIA,4,TIJUANA,TIJUANA,"500 - 1,000"
2026-10-07,MDA,BCA,07VIG-69,6,660.3,650.89,9.41,0.0,07VIG-69,Carga particular en linea de transmision HMO-63240-INA,BAJA CALIFORNIA,TIJUANA,69.0,COSTA,BAJA CALIFORNIA,TIJUANA,BAJA CALIFORNIA,2,BAJA CALIFORNIA,4,TIJUANA,TIJUANA,"500 - 1,000"
2026-10-07,MDA,BCA,07VIG-69,7,755.29,744.05,11.24,0.0,07VIG-69,Carga particular en linea de transmision HMO-63240-INA,BAJA CALIFORNIA,TIJUANA,69.0,COSTA,BAJA CALIFORNIA,TIJUANA,BAJA CALIFORNIA,2,BAJA CALIFORNIA,4,TIJUANA,TIJUANA,"500 - 1,000"
2026-10-07,MDA,BCA,07VIG-69,8,776.54,764.19,12.35,0.0,07VIG-69,Carga particular en linea de transmision HMO-63240-INA,BAJA CALIFORNIA,TIJUANA,69.0,COSTA,BAJA CALIFORNIA,TIJUANA,BAJA CALIFORNIA,2,BAJA CALIFORNIA,4,TIJUANA,TIJUANA,"500 - 1,000"
2026-10-07,MDA,BCA,07VIG-69,9,1215.9,1195.72,20.19,0.0,07VIG-69,Carga particular en linea de transmision HMO-63240-INA,BAJA CALIFORNIA,TIJUANA,69.0,COSTA,BAJA CALIFORNIA,TIJUANA,BAJA CALIFORNIA,2,BAJA CALIFORNIA,4,TIJUANA,TIJUANA,"1,000 - 2,000"
2026-10-07,MDA,BCA,07VIG-69,10,1112.75,1093.14,19.62,0.0,07VIG-69,Carga particular en linea de transmision HMO-63240-INA,BAJA CALIFORNIA,TIJUANA,69.0,COSTA,BAJA CALIFORNIA,TIJUANA,BAJA CALIFORNIA,2,BAJA CALIFORNIA,4,TIJUANA,TIJUANA,"1,000 - 2,000"
2026-10-07,MDA,BCA,07VIG-69,11,1229.48,1207.07,22.41,0.0,07VIG-69,Carga particular en linea de transmision HMO-63240-INA,BAJA CALIFORNIA,TIJUANA,69.0,COSTA,BAJA CALIFORNIA,TIJUANA,BAJA CALIFORNIA,2,BAJA CALIFORNIA,4,TIJUANA,TIJUANA,"1,000 - 2,000"
2026-10-07,MDA,BCA,07VIG-69,12,1255.82,1232.59,23.23,0.0,07VIG-69,Carga particular en linea de transmision HMO-63240-INA,BAJA CALIFORNIA,TIJUANA,69.0,COSTA,BAJA CALIFORNIA,TIJUANA,BAJA CALIFORNIA,2,BAJA CALIFORNIA,4,TIJUANA,TIJUANA,"1,000 - 2,000"
2026-10-07,MDA,BCA,07VIG-69,13,1219.41,1196.63,22.78,0.0,07VIG-69,Carga particular en linea de transmision HMO-63240-INA,BAJA CALIFORNIA,TIJUANA,69.0,COSTA,BAJA CALIFORNIA,TIJUANA,BAJA CALIFORNIA,2,BAJA CALIFORNIA,4,TIJUANA,TIJUANA,"1,000 - 2,000"
2026-10-07,MDA,BCA,07VIG-69,14,1259.06,1235.33,23.73,0.0,07VIG-69,Carga particular en linea de transmision HMO-63240-INA,BAJA CALIFORNIA,TIJUANA,69.0,COSTA,BAJA CALIFORNIA,TIJUANA,BAJA CALIFORNIA,2,BAJA CALIFORNIA,4,TIJUANA,TIJUANA,"1,000 - 2,000"
2026-10-07,MDA,BCA,07VIG-69,15,1525.64,1497.11,28.53,0.0,07VIG-69,Carga particular en linea de transmision HMO-63240-INA,BAJA CALIFORNIA,TIJUANA,69.0,COSTA,BAJA CALIFORNIA,TIJUANA,BAJA CALIFORNIA,2,BAJA CALIFORNIA,4,TIJUANA,TIJUANA,"1,000 - 2,000"
2026-10-07,MDA,BCA,07VIG-69,16,1522.0,1493.21,28.79,0.0,07VIG-69,Carga particular en linea de transmision HMO-63240-INA,BAJA CALIFORNIA,TIJUANA,69.0,COSTA,BAJA CALIFORNIA,TIJUANA,BAJA CALIFORNIA,2,BAJA CALIFORNIA,4,TIJUANA,TIJUANA,"1,000 - 2,000"
2026-10-07,MDA,BCA,07VIG-69,17,1685.22,1653.66,31.56,0.0,07VIG-69,Carga particular en linea de transmision HMO-63240-INA,BAJA CALIFORNIA,TIJUANA,69.0,COSTA,BAJA CALIFORNIA,TIJUANA,BAJA CALIFORNIA,2,BAJA CALIFORNIA,4,TIJUANA,TIJUANA,"1,000 - 2,000"
2026-10-07,MDA,BCA,07VIG-69,18,3561.5,3495.89,65.61,0.0,07VIG-69,Carga particular en linea de transmision HMO-63240-INA,BAJA CALIFORNIA,TIJUANA,69.0,COSTA,BAJA CALIFORNIA,TIJUANA,BAJA CALIFORNIA,2,BAJA CALIFORNIA,4,TIJUANA,TIJUANA,"2,000 - 5,000"
2026-10-07,MDA,BCA,07VIG-69,19,3886.05,3815.54,70.5,0.0,07VIG-69,Carga particular en linea de transmision HMO-63240-INA,BAJA CALIFORNIA,TIJUANA,69.0,COSTA,BAJA CALIFORNIA,TIJUANA,BAJA CALIFORNIA,2,BAJA CALIFORNIA,4,TIJUANA,TIJUANA,"2,000 - 5,000"
2026-10-07,MDA,BCA,07VIG-69,20,3614.13,3549.1,65.03,0.0,07VIG-69,Carga particular en linea de transmision HMO-63240-INA,BAJA CALIFORNIA,TIJUANA,69.0,COSTA,BAJA CALIFORNIA,TIJUANA,BAJA CALIFORNIA,2,BAJA CALIFORNIA,4,TIJUANA,TIJUANA,"2,000 - 5,000"
2026-10-07,MDA,BCA,07VIG-69,21,2824.48,2774.55,49.93,0.0,07VIG-69,Carga particular en linea de transmision HMO-63240-INA,BAJA CALIFORNIA,TIJUANA,69.0,COSTA,BAJA CALIFORNIA,TIJUANA,BAJA CALIFORNIA,2,BAJA CALIFORNIA,4,TIJUANA,TIJUANA,"2,000 - 5,000"
2026-10-07,MDA,BCA,07VIG-69,22,2577.02,2532.25,44.77,0.0,07VIG-69,Carga particular en linea de transmision HMO-63240-INA,BAJA CALIFORNIA,TIJUANA,69.0,COSTA,BAJA CALIFORNIA,TIJUANA,BAJA CALIFORNIA,2,BAJA CALIFORNIA,4,TIJUANA,TIJUANA,"2,000 - 5,000"
2026-10-07,MDA,BCA,07VIG-69,23,1924.22,1891.38,32.84,0.0,07VIG-69,Carga particular en linea de transmision HMO-63240-INA,BAJA CALIFORNIA,TIJUANA,69.0,COSTA,BAJA CALIFORNIA,TIJUANA,BAJA CALIFORNIA,2,BAJA CALIFORNIA,4,TIJUANA,TIJUANA,"1,000 - 2,000"
2026-10-07,MDA,BCA,07VIG-69,24,1276.58,1255.72,20.86,0.0,07VIG-69,Carga particular en linea de transmision HMO-63240-INA,BAJA CALIFORNIA,TIJUANA,69.0,COSTA,BAJA CALIFORNIA,TIJUANA,BAJA CALIFORNIA,2,BAJA CALIFORNIA,4,TIJUANA,TIJUANA,"1,000 - 2,000"
2026-10-07,MDA,BCA,07VLP-69,1,1836.61,1767.84,68.78,0.0,07VLP-69,Valle de Guadalupe,BAJA CALIFORNIA,ENSENADA,69.0,COSTA,BAJA CALIFORNIA,ENSENADA,BAJA CALIFORNIA,2,BAJA CALIFORNIA,1,ENSENADA,ENSENADA,"1,000 - 2,000"
2026-10-07,MDA,BCA,07VLP-69,2,1197.81,1154.64,43.17,0.0,07VLP-69,Valle de Guadalupe,BAJA CALIFORNIA,ENSENADA,69.0,COSTA,BAJA CALIFORNIA,ENSENADA,BAJA CALIFORNIA,2,BAJA CALIFORNIA,1,ENSENADA,ENSENADA,"1,000 - 2,000"
2026-10-07,MDA,BCA,07VLP-69,3,787.87,758.91,28.96,0.0,07VLP-69,Valle de Guadalupe,BAJA CALIFORNIA,ENSENADA,69.0,COSTA,BAJA CALIFORNIA,ENSENADA,BAJA CALIFORNIA,2,BAJA CALIFORNIA,1,ENSENADA,ENSENADA,"500 - 1,000"
2026-10-07,MDA,BCA,07VLP-69,4,693.0,668.11,24.89,0.0,07VLP-69,Valle de Guadalupe,BAJA CALIFORNIA,ENSENADA,69.0,COSTA,BAJA CALIFORNIA,ENSENADA,BAJA CALIFORNIA,2,BAJA CALIFORNIA,1,ENSENADA,ENSENADA,"500 - 1,000"
2026-10-07,MDA,BCA,07VLP-69,5,694.53,669.64,24.89,0.0,07VLP-69,Valle de Guadalupe,BAJA CALIFORNIA,ENSENADA,69.0,COSTA,BAJA CALIFORNIA,ENSENADA,BAJA CALIFORNIA,2,BAJA CALIFORNIA,1,ENSENADA,ENSENADA,"500 - 1,000"
2026-10-07,MDA,BCA,07VLP-69,6,675.62,650.89,24.73,0.0,07VLP-69,Valle de Guadalupe,BAJA CALIFORNIA,ENSENADA,69.0,COSTA,BAJA CALIFORNIA,ENSENADA,BAJA CALIFORNIA,2,BAJA CALIFORNIA,1,ENSENADA,ENSENADA,"500 - 1,000"
2026-10-07,MDA,BCA,07VLP-69,7,773.17,744.05,29.12,0.0,07VLP-69,Valle de Guadalupe,BAJA CALIFORNIA,ENSENADA,69.0,COSTA,BAJA CALIFORNIA,ENSENADA,BAJA CALIFORNIA,2,BAJA CALIFORNIA,1,ENSENADA,ENSENADA,"500 - 1,000"
2026-10-07,MDA,BCA,07VLP-69,8,795.65,764.19,31.46,0.0,07VLP-69,Valle de Guadalupe,BAJA CALIFORNIA,ENSENADA,69.0,COSTA,BAJA CALIFORNIA,ENSENADA,BAJA CALIFORNIA,2,BAJA CALIFORNIA,1,ENSENADA,ENSENADA,"500 - 1,000"
2026-10-07,MDA,BCA,07VLP-69,9,1248.88,1195.72,53.16,0.0,07VLP-69,Valle de Guadalupe,BAJA CALIFORNIA,ENSENADA,69.0,COSTA,BAJA CALIFORNIA,ENSENADA,BAJA CALIFORNIA,2,BAJA CALIFORNIA,1,ENSENADA,ENSENADA,"1,000 - 2,000"
2026-10-07,MDA,BCA,07VLP-69,10,1140.45,1093.14,47.32,0.0,07VLP-69,Valle de Guadalupe,BAJA CALIFORNIA,ENSENADA,69.0,COSTA,BAJA CALIFORNIA,ENSENADA,BAJA CALIFORNIA,2,BAJA CALIFORNIA,1,ENSENADA,ENSENADA,"1,000 - 2,000"
2026-10-07,MDA,BCA,07VLP-69,11,1260.88,1207.07,53.81,0.0,07VLP-69,Valle de Guadalupe,BAJA CALIFORNIA,ENSENADA,69.0,COSTA,BAJA CALIFORNIA,ENSENADA,BAJA CALIFORNIA,2,BAJA CALIFORNIA,1,ENSENADA,ENSENADA,"1,000 - 2,000"
2026-10-07,MDA,BCA,07VLP-69,12,7683.37,1232.59,56.22,6394.57,07VLP-69,Valle de Guadalupe,BAJA CALIFORNIA,ENSENADA,69.0,COSTA,BAJA CALIFORNIA,ENSENADA,BAJA CALIFORNIA,2,BAJA CALIFORNIA,1,ENSENADA,ENSENADA,"5,000 - 10,000"
2026-10-07,MDA,BCA,07VLP-69,13,9326.01,1196.63,54.79,8074.6,07VLP-69,Valle de Guadalupe,BAJA CALIFORNIA,ENSENADA,69.0,COSTA,BAJA CALIFORNIA,ENSENADA,BAJA CALIFORNIA,2,BAJA CALIFORNIA,1,ENSENADA,ENSENADA,"5,000 - 10,000"
2026-10-07,MDA,BCA,07VLP-69,14,10037.5,1235.33,56.82,8745.35,07VLP-69,Valle de Guadalupe,BAJA CALIFORNIA,ENSENADA,69.0,COSTA,BAJA CALIFORNIA,ENSENADA,BAJA CALIFORNIA,2,BAJA CALIFORNIA,1,ENSENADA,ENSENADA,"10,000 o más"
2026-10-07,MDA,BCA,07VLP-69,15,7667.82,1497.11,74.69,6096.02,07VLP-69,Valle de Guadalupe,BAJA CALIFORNIA,ENSENADA,69.0,COSTA,BAJA CALIFORNIA,ENSENADA,BAJA CALIFORNIA,2,BAJA CALIFORNIA,1,ENSENADA,ENSENADA,"5,000 - 10,000"
2026-10-07,MDA,BCA,07VLP-69,16,9258.56,1493.21,74.86,7690.49,07VLP-69,Valle de Guadalupe,BAJA CALIFORNIA,ENSENADA,69.0,COSTA,BAJA CALIFORNIA,ENSENADA,BAJA CALIFORNIA,2,BAJA CALIFORNIA,1,ENSENADA,ENSENADA,"5,000 - 10,000"
2026-10-07,MDA,BCA,07VLP-69,17,10781.52,1653.66,84.27,9043.6,07VLP-69,Valle de Guadalupe,BAJA CALIFORNIA,ENSENADA,69.0,COSTA,BAJA CALIFORNIA,ENSENADA,BAJA CALIFORNIA,2,BAJA CALIFORNIA,1,ENSENADA,ENSENADA,"10,000 o más"
2026-10-07,MDA,BCA,07VLP-69,18,10988.66,3495.89,180.71,7312.07,07VLP-69,Valle de Guadalupe,BAJA CALIFORNIA,ENSENADA,69.0,COSTA,BAJA CALIFORNIA,ENSENADA,BAJA CALIFORNIA,2,BAJA CALIFORNIA,1,ENSENADA,ENSENADA,"10,000 o más"
2026-10-07,MDA,BCA,07VLP-69,19,9953.12,3815.54,196.35,5941.22,07VLP-69,Valle de Guadalupe,BAJA CALIFORNIA,ENSENADA,69.0,COSTA,BAJA CALIFORNIA,ENSENADA,BAJA CALIFORNIA,2,BAJA CALIFORNIA,1,ENSENADA,ENSENADA,"5,000 - 10,000"
2026-10-07,MDA,BCA,07VLP-69,20,10348.98,3549.1,179.84,6620.03,07VLP-69,Valle de Guadalupe,BAJA CALIFORNIA,ENSENADA,69.0,COSTA,BAJA CALIFORNIA,ENSENADA,BAJA CALIFORNIA,2,BAJA CALIFORNIA,1,ENSENADA,ENSENADA,"10,000 o más"
2026-10-07,MDA,BCA,07VLP-69,21,9210.78,2774.55,139.15,6297.08,07VLP-69,Valle de Guadalupe,BAJA CALIFORNIA,ENSENADA,69.0,COSTA,BAJA CALIFORNIA,ENSENADA,BAJA CALIFORNIA,2,BAJA CALIFORNIA,1,ENSENADA,ENSENADA,"5,000 - 10,000"
2026-10-07,MDA,BCA,07VLP-69,22,10635.52,2532.25,117.91,7985.35,07VLP-69,Valle de Guadalupe,BAJA CALIFORNIA,ENSENADA,69.0,COSTA,BAJA CALIFORNIA,ENSENADA,BAJA CALIFORNIA,2,BAJA CALIFORNIA,1,ENSENADA,ENSENADA,"10,000 o más"
2026-10-07,MDA,BCA,07VLP-69,23,1973.58,1891.38,82.21,0.0,07VLP-69,Valle de Guadalupe,BAJA CALIFORNIA,ENSENADA,69.0,COSTA,BAJA CALIFORNIA,ENSENADA,BAJA CALIFORNIA,2,BAJA CALIFORNIA,1,ENSENADA,ENSENADA,"1,000 - 2,000"
2026-10-07,MDA,BCA,07VLP-69,24,1308.26,1255.72,52.54,0.0,07VLP-69,Valle de Guadalupe,BAJA CALIFORNIA,ENSENADA,69.0,COSTA,BAJA CALIFORNIA,ENSENADA,BAJA CALIFORNIA,2,BAJA CALIFORNIA,1,ENSENADA,ENSENADA,"1,000 - 2,000"
2026-10-07,MDA,BCA,07VPA-230,1,1757.44,1767.84,-10.4,0.0,07VPA-230,Valle de Puebla,BAJA CALIFORNIA,MEXICALI,230.0,VALLE,BAJA CALIFORNIA,MEXICALI,BAJA CALIFORNIA,2,BAJA CALIFORNIA,2,MEXICALI,MEXICALI,"1,000 - 2,000"
2026-10-07,MDA,BCA,07VPA-230,2,1146.76,1154.64,-7.88,0.0,07VPA-230,Valle de Puebla,BAJA CALIFORNIA,MEXICALI,230.0,VALLE,BAJA CALIFORNIA,MEXICALI,BAJA CALIFORNIA,2,BAJA CALIFORNIA,2,MEXICALI,MEXICALI,"1,000 - 2,000"
2026-10-07,MDA,BCA,07VPA-230,3,752.44,758.91,-6.47,0.0,07VPA-230,Valle de Puebla,BAJA CALIFORNIA,MEXICALI,230.0,VALLE,BAJA CALIFORNIA,MEXICALI,BAJA CALIFORNIA,2,BAJA CALIFORNIA,2,MEXICALI,MEXICALI,"500 - 1,000"
2026-10-07,MDA,BCA,07VPA-230,4,662.92,668.11,-5.19,0.0,07VPA-230,Valle de Puebla,BAJA CALIFORNIA,MEXICALI,230.0,VALLE,BAJA CALIFORNIA,MEXICALI,BAJA CALIFORNIA,2,BAJA CALIFORNIA,2,MEXICALI,MEXICALI,"500 - 1,000"
2026-10-07,MDA,BCA,07VPA-230,5,665.09,669.64,-4.55,0.0,07VPA-230,Valle de Puebla,BAJA CALIFORNIA,MEXICALI,230.0,VALLE,BAJA CALIFORNIA,MEXICALI,BAJA CALIFORNIA,2,BAJA CALIFORNIA,2,MEXICALI,MEXICALI,"500 - 1,000"
2026-10-07,MDA,BCA,07VPA-230,6,646.23,650.89,-4.66,0.0,07VPA-230,Valle de Puebla,BAJA CALIFORNIA,MEXICALI,230.0,VALLE,BAJA CALIFORNIA,MEXICALI,BAJA CALIFORNIA,2,BAJA CALIFORNIA,2,MEXICALI,MEXICALI,"500 - 1,000"
2026-10-07,MDA,BCA,07VPA-230,7,736.0,744.05,-8.06,0.0,07VPA-230,Valle de Puebla,BAJA CALIFORNIA,MEXICALI,230.0,VALLE,BAJA CALIFORNIA,MEXICALI,BAJA CALIFORNIA,2,BAJA CALIFORNIA,2,MEXICALI,MEXICALI,"500 - 1,000"
2026-10-07,MDA,BCA,07VPA-230,8,753.46,764.19,-10.73,0.0,07VPA-230,Valle de Puebla,BAJA CALIFORNIA,MEXICALI,230.0,VALLE,BAJA CALIFORNIA,MEXICALI,BAJA CALIFORNIA,2,BAJA CALIFORNIA,2,MEXICALI,MEXICALI,"500 - 1,000"
2026-10-07,MDA,BCA,07VPA-230,9,1167.2,1195.72,-28.51,0.0,07VPA-230,Valle de Puebla,BAJA CALIFORNIA,MEXICALI,230.0,VALLE,BAJA CALIFORNIA,MEXICALI,BAJA CALIFORNIA,2,BAJA CALIFORNIA,2,MEXICALI,MEXICALI,"1,000 - 2,000"
2026-10-07,MDA,BCA,07VPA-230,10,1064.91,1093.14,-28.23,0.0,07VPA-230,Valle de Puebla,BAJA CALIFORNIA,MEXICALI,230.0,VALLE,BAJA CALIFORNIA,MEXICALI,BAJA CALIFORNIA,2,BAJA CALIFORNIA,2,MEXICALI,MEXICALI,"1,000 - 2,000"
2026-10-07,MDA,BCA,07VPA-230,11,1182.47,1207.07,-24.6,0.0,07VPA-230,Valle de Puebla,BAJA CALIFORNIA,MEXICALI,230.0,VALLE,BAJA CALIFORNIA,MEXICALI,BAJA CALIFORNIA,2,BAJA CALIFORNIA,2,MEXICALI,MEXICALI,"1,000 - 2,000"
2026-10-07,MDA,BCA,07VPA-230,12,1206.81,1232.59,-25.78,0.0,07VPA-230,Valle de Puebla,BAJA CALIFORNIA,MEXICALI,230.0,VALLE,BAJA CALIFORNIA,MEXICALI,BAJA CALIFORNIA,2,BAJA CALIFORNIA,2,MEXICALI,MEXICALI,"1,000 - 2,000"
2026-10-07,MDA,BCA,07VPA-230,13,1163.73,1196.63,-32.9,0.0,07VPA-230,Valle de Puebla,BAJA CALIFORNIA,MEXICALI,230.0,VALLE,BAJA CALIFORNIA,MEXICALI,BAJA CALIFORNIA,2,BAJA CALIFORNIA,2,MEXICALI,MEXICALI,"1,000 - 2,000"
2026-10-07,MDA,BCA,07VPA-230,14,1201.62,1235.33,-33.7,0.0,07VPA-230,Valle de Puebla,BAJA CALIFORNIA,MEXICALI,230.0,VALLE,BAJA CALIFORNIA,MEXICALI,BAJA CALIFORNIA,2,BAJA CALIFORNIA,2,MEXICALI,MEXICALI,"1,000 - 2,000"
2026-10-07,MDA,BCA,07VPA-230,15,1461.61,1497.11,-35.5,0.0,07VPA-230,Valle de Puebla,BAJA CALIFORNIA,MEXICALI,230.0,VALLE,BAJA CALIFORNIA,MEXICALI,BAJA CALIFORNIA,2,BAJA CALIFORNIA,2,MEXICALI,MEXICALI,"1,000 - 2,000"
2026-10-07,MDA,BCA,07VPA-230,16,1454.71,1493.21,-38.51,0.0,07VPA-230,Valle de Puebla,BAJA CALIFORNIA,MEXICALI,230.0,VALLE,BAJA CALIFORNIA,MEXICALI,BAJA CALIFORNIA,2,BAJA CALIFORNIA,2,MEXICALI,MEXICALI,"1,000 - 2,000"
2026-10-07,MDA,BCA,07VPA-230,17,1627.28,1653.66,-26.38,0.0,07VPA-230,Valle de Puebla,BAJA CALIFORNIA,MEXICALI,230.0,VALLE,BAJA CALIFORNIA,MEXICALI,BAJA CALIFORNIA,2,BAJA CALIFORNIA,2,MEXICALI,MEXICALI,"1,000 - 2,000"
2026-10-07,MDA,BCA,07VPA-230,18,3449.08,3495.89,-46.81,0.0,07VPA-230,Valle de Puebla,BAJA CALIFORNIA,MEXICALI,230.0,VALLE,BAJA CALIFORNIA,MEXICALI,BAJA CALIFORNIA,2,BAJA CALIFORNIA,2,MEXICALI,MEXICALI,"2,000 - 5,000"
2026-10-07,MDA,BCA,07VPA-230,19,3774.83,3815.54,-40.71,0.0,07VPA-230,Valle de Puebla,BAJA CALIFORNIA,MEXICALI,230.0,VALLE,BAJA CALIFORNIA,MEXICALI,BAJA CALIFORNIA,2,BAJA CALIFORNIA,2,MEXICALI,MEXICALI,"2,000 - 5,000"
2026-10-07,MDA,BCA,07VPA-230,20,3509.34,3549.1,-39.77,0.0,07VPA-230,Valle de Puebla,BAJA CALIFORNIA,MEXICALI,230.0,VALLE,BAJA CALIFORNIA,MEXICALI,BAJA CALIFORNIA,2,BAJA CALIFORNIA,2,MEXICALI,MEXICALI,"2,000 - 5,000"
2026-10-07,MDA,BCA,07VPA-230,21,2743.48,2774.55,-31.07,0.0,07VPA-230,Valle de Puebla,BAJA CALIFORNIA,MEXICALI,230.0,VALLE,BAJA CALIFORNIA,MEXICALI,BAJA CALIFORNIA,2,BAJA CALIFORNIA,2,MEXICALI,MEXICALI,"2,000 - 5,000"
2026-10-07,MDA,BCA,07VPA-230,22,2505.45,2532.25,-26.81,0.0,07VPA-230,Valle de Puebla,BAJA CALIFORNIA,MEXICALI,230.0,VALLE,BAJA CALIFORNIA,MEXICALI,BAJA CALIFORNIA,2,BAJA CALIFORNIA,2,MEXICALI,MEXICALI,"2,000 - 5,000"
2026-10-07,MDA,BCA,07VPA-230,23,1869.62,1891.38,-21.76,0.0,07VPA-230,Valle de Puebla,BAJA CALIFORNIA,MEXICALI,230.0,VALLE,BAJA CALIFORNIA,MEXICALI,BAJA CALIFORNIA,2,BAJA CALIFORNIA,2,MEXICALI,MEXICALI,"1,000 - 2,000"
2026-10-07,MDA,BCA,07VPA-230,24,1239.14,1255.72,-16.58,0.0,07VPA-230,Valle de Puebla,BAJA CALIFORNIA,MEXICALI,230.0,VALLE,BAJA CALIFORNIA,MEXICALI,BAJA CALIFORNIA,2,BAJA CALIFORNIA,2,MEXICALI,MEXICALI,"1,000 - 2,000"
2026-10-07,MDA,BCA,07VPM-69,1,1812.68,1767.84,44.85,0.0,07VPM-69,Valle de Palmas,BAJA CALIFORNIA,TIJUANA,69.0,COSTA,BAJA CALIFORNIA,TIJUANA,BAJA CALIFORNIA,2,BAJA CALIFORNIA,3,TECATE,TIJUANA,"1,000 - 2,000"
2026-10-07,MDA,BCA,07VPM-69,2,1182.51,1154.64,27.88,0.0,07VPM-69,Valle de Palmas,BAJA CALIFORNIA,TIJUANA,69.0,COSTA,BAJA CALIFORNIA,TIJUANA,BAJA CALIFORNIA,2,BAJA CALIFORNIA,3,TECATE,TIJUANA,"1,000 - 2,000"
2026-10-07,MDA,BCA,07VPM-69,3,776.87,758.91,17.96,0.0,07VPM-69,Valle de Palmas,BAJA CALIFORNIA,TIJUANA,69.0,COSTA,BAJA CALIFORNIA,TIJUANA,BAJA CALIFORNIA,2,BAJA CALIFORNIA,3,TECATE,TIJUANA,"500 - 1,000"
2026-10-07,MDA,BCA,07VPM-69,4,683.88,668.11,15.77,0.0,07VPM-69,Valle de Palmas,BAJA CALIFORNIA,TIJUANA,69.0,COSTA,BAJA CALIFORNIA,TIJUANA,BAJA CALIFORNIA,2,BAJA CALIFORNIA,3,TECATE,TIJUANA,"500 - 1,000"
2026-10-07,MDA,BCA,07VPM-69,5,685.62,669.64,15.99,0.0,07VPM-69,Valle de Palmas,BAJA CALIFORNIA,TIJUANA,69.0,COSTA,BAJA CALIFORNIA,TIJUANA,BAJA CALIFORNIA,2,BAJA CALIFORNIA,3,TECATE,TIJUANA,"500 - 1,000"
2026-10-07,MDA,BCA,07VPM-69,6,667.42,650.89,16.53,0.0,07VPM-69,Valle de Palmas,BAJA CALIFORNIA,TIJUANA,69.0,COSTA,BAJA CALIFORNIA,TIJUANA,BAJA CALIFORNIA,2,BAJA CALIFORNIA,3,TECATE,TIJUANA,"500 - 1,000"
2026-10-07,MDA,BCA,07VPM-69,7,763.12,744.05,19.07,0.0,07VPM-69,Valle de Palmas,BAJA CALIFORNIA,TIJUANA,69.0,COSTA,BAJA CALIFORNIA,TIJUANA,BAJA CALIFORNIA,2,BAJA CALIFORNIA,3,TECATE,TIJUANA,"500 - 1,000"
2026-10-07,MDA,BCA,07VPM-69,8,785.3,764.19,21.11,0.0,07VPM-69,Valle de Palmas,BAJA CALIFORNIA,TIJUANA,69.0,COSTA,BAJA CALIFORNIA,TIJUANA,BAJA CALIFORNIA,2,BAJA CALIFORNIA,3,TECATE,TIJUANA,"500 - 1,000"
2026-10-07,MDA,BCA,07VPM-69,9,1230.08,1195.72,34.36,0.0,07VPM-69,Valle de Palmas,BAJA CALIFORNIA,TIJUANA,69.0,COSTA,BAJA CALIFORNIA,TIJUANA,BAJA CALIFORNIA,2,BAJA CALIFORNIA,3,TECATE,TIJUANA,"1,000 - 2,000"
2026-10-07,MDA,BCA,07VPM-69,10,1124.45,1093.14,31.31,0.0,07VPM-69,Valle de Palmas,BAJA CALIFORNIA,TIJUANA,69.0,COSTA,BAJA CALIFORNIA,TIJUANA,BAJA CALIFORNIA,2,BAJA CALIFORNIA,3,TECATE,TIJUANA,"1,000 - 2,000"
2026-10-07,MDA,BCA,07VPM-69,11,1242.28,1207.07,35.2,0.0,07VPM-69,Valle de Palmas,BAJA CALIFORNIA,TIJUANA,69.0,COSTA,BAJA CALIFORNIA,TIJUANA,BAJA CALIFORNIA,2,BAJA CALIFORNIA,3,TECATE,TIJUANA,"1,000 - 2,000"
2026-10-07,MDA,BCA,07VPM-69,12,7663.83,1232.59,36.67,6394.57,07VPM-69,Valle de Palmas,BAJA CALIFORNIA,TIJUANA,69.0,COSTA,BAJA CALIFORNIA,TIJUANA,BAJA CALIFORNIA,2,BAJA CALIFORNIA,3,TECATE,TIJUANA,"5,000 - 10,000"
2026-10-07,MDA,BCA,07VPM-69,13,9306.6,1196.63,35.37,8074.6,07VPM-69,Valle de Palmas,BAJA CALIFORNIA,TIJUANA,69.0,COSTA,BAJA CALIFORNIA,TIJUANA,BAJA CALIFORNIA,2,BAJA CALIFORNIA,3,TECATE,TIJUANA,"5,000 - 10,000"
2026-10-07,MDA,BCA,07VPM-69,14,10016.57,1235.33,35.89,8745.35,07VPM-69,Valle de Palmas,BAJA CALIFORNIA,TIJUANA,69.0,COSTA,BAJA CALIFORNIA,TIJUANA,BAJA CALIFORNIA,2,BAJA CALIFORNIA,3,TECATE,TIJUANA,"10,000 o más"
2026-10-07,MDA,BCA,07VPM-69,15,7638.54,1497.11,45.41,6096.02,07VPM-69,Valle de Palmas,BAJA CALIFORNIA,TIJUANA,69.0,COSTA,BAJA CALIFORNIA,TIJUANA,BAJA CALIFORNIA,2,BAJA CALIFORNIA,3,TECATE,TIJUANA,"5,000 - 10,000"
2026-10-07,MDA,BCA,07VPM-69,16,9229.57,1493.21,45.86,7690.49,07VPM-69,Valle de Palmas,BAJA CALIFORNIA,TIJUANA,69.0,COSTA,BAJA CALIFORNIA,TIJUANA,BAJA CALIFORNIA,2,BAJA CALIFORNIA,3,TECATE,TIJUANA,"5,000 - 10,000"
2026-10-07,MDA,BCA,07VPM-69,17,10749.17,1653.66,51.92,9043.6,07VPM-69,Valle de Palmas,BAJA CALIFORNIA,TIJUANA,69.0,COSTA,BAJA CALIFORNIA,TIJUANA,BAJA CALIFORNIA,2,BAJA CALIFORNIA,3,TECATE,TIJUANA,"10,000 o más"
2026-10-07,MDA,BCA,07VPM-69,18,10918.16,3495.89,110.2,7312.07,07VPM-69,Valle de Palmas,BAJA CALIFORNIA,TIJUANA,69.0,COSTA,BAJA CALIFORNIA,TIJUANA,BAJA CALIFORNIA,2,BAJA CALIFORNIA,3,TECATE,TIJUANA,"10,000 o más"
2026-10-07,MDA,BCA,07VPM-69,19,9879.41,3815.54,122.64,5941.22,07VPM-69,Valle de Palmas,BAJA CALIFORNIA,TIJUANA,69.0,COSTA,BAJA CALIFORNIA,TIJUANA,BAJA CALIFORNIA,2,BAJA CALIFORNIA,3,TECATE,TIJUANA,"5,000 - 10,000"
2026-10-07,MDA,BCA,07VPM-69,20,10281.91,3549.1,112.77,6620.03,07VPM-69,Valle de Palmas,BAJA CALIFORNIA,TIJUANA,69.0,COSTA,BAJA CALIFORNIA,TIJUANA,BAJA CALIFORNIA,2,BAJA CALIFORNIA,3,TECATE,TIJUANA,"10,000 o más"
2026-10-07,MDA,BCA,07VPM-69,21,9158.47,2774.55,86.85,6297.08,07VPM-69,Valle de Palmas,BAJA CALIFORNIA,TIJUANA,69.0,COSTA,BAJA CALIFORNIA,TIJUANA,BAJA CALIFORNIA,2,BAJA CALIFORNIA,3,TECATE,TIJUANA,"5,000 - 10,000"
2026-10-07,MDA,BCA,07VPM-69,22,10594.0,2532.25,76.39,7985.35,07VPM-69,Valle de Palmas,BAJA CALIFORNIA,TIJUANA,69.0,COSTA,BAJA CALIFORNIA,TIJUANA,BAJA CALIFORNIA,2,BAJA CALIFORNIA,3,TECATE,TIJUANA,"10,000 o más"
2026-10-07,MDA,BCA,07VPM-69,23,1945.64,1891.38,54.27,0.0,07VPM-69,Valle de Palmas,BAJA CALIFORNIA,TIJUANA,69.0,COSTA,BAJA CALIFORNIA,TIJUANA,BAJA CALIFORNIA,2,BAJA CALIFORNIA,3,TECATE,TIJUANA,"1,000 - 2,000"
2026-10-07,MDA,BCA,07VPM-69,24,1289.95,1255.72,34.23,0.0,07VPM-69,Valle de Palmas,BAJA CALIFORNIA,TIJUANA,69.0,COSTA,BAJA CALIFORNIA,TIJUANA,BAJA CALIFORNIA,2,BAJA CALIFORNIA,3,TECATE,TIJUANA,"1,000 - 2,000"
2026-10-07,MDA,BCA,07WIS-230,1,1761.5,1767.84,-6.34,0.0,07WIS-230,Wisteria,BAJA CALIFORNIA,MEXICALI,230.0,VALLE,BAJA CALIFORNIA,MEXICALI,BAJA CALIFORNIA,2,BAJA CALIFORNIA,2,MEXICALI,MEXICALI,"1,000 - 2,000"
2026-10-07,MDA,BCA,07WIS-230,2,1149.83,1154.64,-4.8,0.0,07WIS-230,Wisteria,BAJA CALIFORNIA,MEXICALI,230.0,VALLE,BAJA CALIFORNIA,MEXICALI,BAJA CALIFORNIA,2,BAJA CALIFORNIA,2,MEXICALI,MEXICALI,"1,000 - 2,000"
2026-10-07,MDA,BCA,07WIS-230,3,754.47,758.91,-4.44,0.0,07WIS-230,Wisteria,BAJA CALIFORNIA,MEXICALI,230.0,VALLE,BAJA CALIFORNIA,MEXICALI,BAJA CALIFORNIA,2,BAJA CALIFORNIA,2,MEXICALI,MEXICALI,"500 - 1,000"
2026-10-07,MDA,BCA,07WIS-230,4,664.7,668.11,-3.41,0.0,07WIS-230,Wisteria,BAJA CALIFORNIA,MEXICALI,230.0,VALLE,BAJA CALIFORNIA,MEXICALI,BAJA CALIFORNIA,2,BAJA CALIFORNIA,2,MEXICALI,MEXICALI,"500 - 1,000"
2026-10-07,MDA,BCA,07WIS-230,5,666.76,669.64,-2.88,0.0,07WIS-230,Wisteria,BAJA CALIFORNIA,MEXICALI,230.0,VALLE,BAJA CALIFORNIA,MEXICALI,BAJA CALIFORNIA,2,BAJA CALIFORNIA,2,MEXICALI,MEXICALI,"500 - 1,000"
2026-10-07,MDA,BCA,07WIS-230,6,647.81,650.89,-3.08,0.0,07WIS-230,Wisteria,BAJA CALIFORNIA,MEXICALI,230.0,VALLE,BAJA CALIFORNIA,MEXICALI,BAJA CALIFORNIA,2,BAJA CALIFORNIA,2,MEXICALI,MEXICALI,"500 - 1,000"
2026-10-07,MDA,BCA,07WIS-230,7,738.05,744.05,-6.0,0.0,07WIS-230,Wisteria,BAJA CALIFORNIA,MEXICALI,230.0,VALLE,BAJA CALIFORNIA,MEXICALI,BAJA CALIFORNIA,2,BAJA CALIFORNIA,2,MEXICALI,MEXICALI,"500 - 1,000"
2026-10-07,MDA,BCA,07WIS-230,8,755.73,764.19,-8.46,0.0,07WIS-230,Wisteria,BAJA CALIFORNIA,MEXICALI,230.0,VALLE,BAJA CALIFORNIA,MEXICALI,BAJA CALIFORNIA,2,BAJA CALIFORNIA,2,MEXICALI,MEXICALI,"500 - 1,000"
2026-10-07,MDA,BCA,07WIS-230,9,1170.77,1195.72,-24.95,0.0,07WIS-230,Wisteria,BAJA CALIFORNIA,MEXICALI,230.0,VALLE,BAJA CALIFORNIA,MEXICALI,BAJA CALIFORNIA,2,BAJA CALIFORNIA,2,MEXICALI,MEXICALI,"1,000 - 2,000"
2026-10-07,MDA,BCA,07WIS-230,10,1068.54,1093.14,-24.59,0.0,07WIS-230,Wisteria,BAJA CALIFORNIA,MEXICALI,230.0,VALLE,BAJA CALIFORNIA,MEXICALI,BAJA CALIFORNIA,2,BAJA CALIFORNIA,2,MEXICALI,MEXICALI,"1,000 - 2,000"
2026-10-07,MDA,BCA,07WIS-230,11,1185.69,1207.07,-21.38,0.0,07WIS-230,Wisteria,BAJA CALIFORNIA,MEXICALI,230.0,VALLE,BAJA CALIFORNIA,MEXICALI,BAJA CALIFORNIA,2,BAJA CALIFORNIA,2,MEXICALI,MEXICALI,"1,000 - 2,000"
2026-10-07,MDA,BCA,07WIS-230,12,1209.24,1232.59,-23.35,0.0,07WIS-230,Wisteria,BAJA CALIFORNIA,MEXICALI,230.0,VALLE,BAJA CALIFORNIA,MEXICALI,BAJA CALIFORNIA,2,BAJA CALIFORNIA,2,MEXICALI,MEXICALI,"1,000 - 2,000"
2026-10-07,MDA,BCA,07WIS-230,13,1169.42,1196.63,-27.2,0.0,07WIS-230,Wisteria,BAJA CALIFORNIA,MEXICALI,230.0,VALLE,BAJA CALIFORNIA,MEXICALI,BAJA CALIFORNIA,2,BAJA CALIFORNIA,2,MEXICALI,MEXICALI,"1,000 - 2,000"
2026-10-07,MDA,BCA,07WIS-230,14,1207.82,1235.33,-27.51,0.0,07WIS-230,Wisteria,BAJA CALIFORNIA,MEXICALI,230.0,VALLE,BAJA CALIFORNIA,MEXICALI,BAJA CALIFORNIA,2,BAJA CALIFORNIA,2,MEXICALI,MEXICALI,"1,000 - 2,000"
2026-10-07,MDA,BCA,07WIS-230,15,1467.89,1497.11,-29.22,0.0,07WIS-230,Wisteria,BAJA CALIFORNIA,MEXICALI,230.0,VALLE,BAJA CALIFORNIA,MEXICALI,BAJA CALIFORNIA,2,BAJA CALIFORNIA,2,MEXICALI,MEXICALI,"1,000 - 2,000"
2026-10-07,MDA,BCA,07WIS-230,16,1462.64,1493.21,-30.57,0.0,07WIS-230,Wisteria,BAJA CALIFORNIA,MEXICALI,230.0,VALLE,BAJA CALIFORNIA,MEXICALI,BAJA CALIFORNIA,2,BAJA CALIFORNIA,2,MEXICALI,MEXICALI,"1,000 - 2,000"
2026-10-07,MDA,BCA,07WIS-230,17,1635.55,1653.66,-18.1,0.0,07WIS-230,Wisteria,BAJA CALIFORNIA,MEXICALI,230.0,VALLE,BAJA CALIFORNIA,MEXICALI,BAJA CALIFORNIA,2,BAJA CALIFORNIA,2,MEXICALI,MEXICALI,"1,000 - 2,000"
2026-10-07,MDA,BCA,07WIS-230,18,3467.55,3495.89,-28.34,0.0,07WIS-230,Wisteria,BAJA CALIFORNIA,MEXICALI,230.0,VALLE,BAJA CALIFORNIA,MEXICALI,BAJA CALIFORNIA,2,BAJA CALIFORNIA,2,MEXICALI,MEXICALI,"2,000 - 5,000"
2026-10-07,MDA,BCA,07WIS-230,19,3794.79,3815.54,-20.76,0.0,07WIS-230,Wisteria,BAJA CALIFORNIA,MEXICALI,230.0,VALLE,BAJA CALIFORNIA,MEXICALI,BAJA CALIFORNIA,2,BAJA CALIFORNIA,2,MEXICALI,MEXICALI,"2,000 - 5,000"
2026-10-07,MDA,BCA,07WIS-230,20,3528.36,3549.1,-20.75,0.0,07WIS-230,Wisteria,BAJA CALIFORNIA,MEXICALI,230.0,VALLE,BAJA CALIFORNIA,MEXICALI,BAJA CALIFORNIA,2,BAJA CALIFORNIA,2,MEXICALI,MEXICALI,"2,000 - 5,000"
2026-10-07,MDA,BCA,07WIS-230,21,2756.69,2774.55,-17.86,0.0,07WIS-230,Wisteria,BAJA CALIFORNIA,MEXICALI,230.0,VALLE,BAJA CALIFORNIA,MEXICALI,BAJA CALIFORNIA,2,BAJA CALIFORNIA,2,MEXICALI,MEXICALI,"2,000 - 5,000"
2026-10-07,MDA,BCA,07WIS-230,22,2517.99,2532.25,-14.27,0.0,07WIS-230,Wisteria,BAJA CALIFORNIA,MEXICALI,230.0,VALLE,BAJA CALIFORNIA,MEXICALI,BAJA CALIFORNIA,2,BAJA CALIFORNIA,2,MEXICALI,MEXICALI,"2,000 - 5,000"
2026-10-07,MDA,BCA,07WIS-230,23,1879.89,1891.38,-11.48,0.0,07WIS-230,Wisteria,BAJA CALIFORNIA,MEXICALI,230.0,VALLE,BAJA CALIFORNIA,MEXICALI,BAJA CALIFORNIA,2,BAJA CALIFORNIA,2,MEXICALI,MEXICALI,"1,000 - 2,000"
2026-10-07,MDA,BCA,07WIS-230,24,1245.99,1255.72,-9.73,0.0,07WIS-230,Wisteria,BAJA CALIFORNIA,MEXICALI,230.0,VALLE,BAJA CALIFORNIA,MEXICALI,BAJA CALIFORNIA,2,BAJA CALIFORNIA,2,MEXICALI,MEXICALI,"1,000 - 2,000"
2026-10-07,MDA,BCA,07XCO-230,1,1762.67,1767.84,-5.17,0.0,07XCO-230,Xochimilco,BAJA CALIFORNIA,MEXICALI,230.0,VALLE,BAJA CALIFORNIA,MEXICALI,BAJA CALIFORNIA,2,BAJA CALIFORNIA,2,MEXICALI,MEXICALI,"1,000 - 2,000"
2026-10-07,MDA,BCA,07XCO-230,2,1150.47,1154.64,-4.16,0.0,07XCO-230,Xochimilco,BAJA CALIFORNIA,MEXICALI,230.0,VALLE,BAJA CALIFORNIA,MEXICALI,BAJA CALIFORNIA,2,BAJA CALIFORNIA,2,MEXICALI,MEXICALI,"1,000 - 2,000"
2026-10-07,MDA,BCA,07XCO-230,3,754.86,758.91,-4.05,0.0,07XCO-230,Xochimilco,BAJA CALIFORNIA,MEXICALI,230.0,VALLE,BAJA CALIFORNIA,MEXICALI,BAJA CALIFORNIA,2,BAJA CALIFORNIA,2,MEXICALI,MEXICALI,"500 - 1,000"
2026-10-07,MDA,BCA,07XCO-230,4,665.02,668.11,-3.09,0.0,07XCO-230,Xochimilco,BAJA CALIFORNIA,MEXICALI,230.0,VALLE,BAJA CALIFORNIA,MEXICALI,BAJA CALIFORNIA,2,BAJA CALIFORNIA,2,MEXICALI,MEXICALI,"500 - 1,000"
2026-10-07,MDA,BCA,07XCO-230,5,667.1,669.64,-2.54,0.0,07XCO-230,Xochimilco,BAJA CALIFORNIA,MEXICALI,230.0,VALLE,BAJA CALIFORNIA,MEXICALI,BAJA CALIFORNIA,2,BAJA CALIFORNIA,2,MEXICALI,MEXICALI,"500 - 1,000"
2026-10-07,MDA,BCA,07XCO-230,6,648.14,650.89,-2.76,0.0,07XCO-230,Xochimilco,BAJA CALIFORNIA,MEXICALI,230.0,VALLE,BAJA CALIFORNIA,MEXICALI,BAJA CALIFORNIA,2,BAJA CALIFORNIA,2,MEXICALI,MEXICALI,"500 - 1,000"
2026-10-07,MDA,BCA,07XCO-230,7,738.38,744.05,-5.68,0.0,07XCO-230,Xochimilco,BAJA CALIFORNIA,MEXICALI,230.0,VALLE,BAJA CALIFORNIA,MEXICALI,BAJA CALIFORNIA,2,BAJA CALIFORNIA,2,MEXICALI,MEXICALI,"500 - 1,000"
2026-10-07,MDA,BCA,07XCO-230,8,756.03,764.19,-8.16,0.0,07XCO-230,Xochimilco,BAJA CALIFORNIA,MEXICALI,230.0,VALLE,BAJA CALIFORNIA,MEXICALI,BAJA CALIFORNIA,2,BAJA CALIFORNIA,2,MEXICALI,MEXICALI,"500 - 1,000"
2026-10-07,MDA,BCA,07XCO-230,9,1171.23,1195.72,-24.49,0.0,07XCO-230,Xochimilco,BAJA CALIFORNIA,MEXICALI,230.0,VALLE,BAJA CALIFORNIA,MEXICALI,BAJA CALIFORNIA,2,BAJA CALIFORNIA,2,MEXICALI,MEXICALI,"1,000 - 2,000"
2026-10-07,MDA,BCA,07XCO-230,10,1068.92,1093.14,-24.22,0.0,07XCO-230,Xochimilco,BAJA CALIFORNIA,MEXICALI,230.0,VALLE,BAJA CALIFORNIA,MEXICALI,BAJA CALIFORNIA,2,BAJA CALIFORNIA,2,MEXICALI,MEXICALI,"1,000 - 2,000"
2026-10-07,MDA,BCA,07XCO-230,11,1186.35,1207.07,-20.73,0.0,07XCO-230,Xochimilco,BAJA CALIFORNIA,MEXICALI,230.0,VALLE,BAJA CALIFORNIA,MEXICALI,BAJA CALIFORNIA,2,BAJA CALIFORNIA,2,MEXICALI,MEXICALI,"1,000 - 2,000"
2026-10-07,MDA,BCA,07XCO-230,12,1210.16,1232.59,-22.43,0.0,07XCO-230,Xochimilco,BAJA CALIFORNIA,MEXICALI,230.0,VALLE,BAJA CALIFORNIA,MEXICALI,BAJA CALIFORNIA,2,BAJA CALIFORNIA,2,MEXICALI,MEXICALI,"1,000 - 2,000"
2026-10-07,MDA,BCA,07XCO-230,13,1169.77,1196.63,-26.86,0.0,07XCO-230,Xochimilco,BAJA CALIFORNIA,MEXICALI,230.0,VALLE,BAJA CALIFORNIA,MEXICALI,BAJA CALIFORNIA,2,BAJA CALIFORNIA,2,MEXICALI,MEXICALI,"1,000 - 2,000"
2026-10-07,MDA,BCA,07XCO-230,14,1208.11,1235.33,-27.21,0.0,07XCO-230,Xochimilco,BAJA CALIFORNIA,MEXICALI,230.0,VALLE,BAJA CALIFORNIA,MEXICALI,BAJA CALIFORNIA,2,BAJA CALIFORNIA,2,MEXICALI,MEXICALI,"1,000 - 2,000"
2026-10-07,MDA,BCA,07XCO-230,15,1468.52,1497.11,-28.59,0.0,07XCO-230,Xochimilco,BAJA CALIFORNIA,MEXICALI,230.0,VALLE,BAJA CALIFORNIA,MEXICALI,BAJA CALIFORNIA,2,BAJA CALIFORNIA,2,MEXICALI,MEXICALI,"1,000 - 2,000"
2026-10-07,MDA,BCA,07XCO-230,16,1463.08,1493.21,-30.13,0.0,07XCO-230,Xochimilco,BAJA CALIFORNIA,MEXICALI,230.0,VALLE,BAJA CALIFORNIA,MEXICALI,BAJA CALIFORNIA,2,BAJA CALIFORNIA,2,MEXICALI,MEXICALI,"1,000 - 2,000"
2026-10-07,MDA,BCA,07XCO-230,17,1636.15,1653.66,-17.51,0.0,07XCO-230,Xochimilco,BAJA CALIFORNIA,MEXICALI,230.0,VALLE,BAJA CALIFORNIA,MEXICALI,BAJA CALIFORNIA,2,BAJA CALIFORNIA,2,MEXICALI,MEXICALI,"1,000 - 2,000"
2026-10-07,MDA,BCA,07XCO-230,18,3468.62,3495.89,-27.27,0.0,07XCO-230,Xochimilco,BAJA CALIFORNIA,MEXICALI,230.0,VALLE,BAJA CALIFORNIA,MEXICALI,BAJA CALIFORNIA,2,BAJA CALIFORNIA,2,MEXICALI,MEXICALI,"2,000 - 5,000"
2026-10-07,MDA,BCA,07XCO-230,19,3795.96,3815.54,-19.58,0.0,07XCO-230,Xochimilco,BAJA CALIFORNIA,MEXICALI,230.0,VALLE,BAJA CALIFORNIA,MEXICALI,BAJA CALIFORNIA,2,BAJA CALIFORNIA,2,MEXICALI,MEXICALI,"2,000 - 5,000"
2026-10-07,MDA,BCA,07XCO-230,20,3529.35,3549.1,-19.76,0.0,07XCO-230,Xochimilco,BAJA CALIFORNIA,MEXICALI,230.0,VALLE,BAJA CALIFORNIA,MEXICALI,BAJA CALIFORNIA,2,BAJA CALIFORNIA,2,MEXICALI,MEXICALI,"2,000 - 5,000"
2026-10-07,MDA,BCA,07XCO-230,21,2757.58,2774.55,-16.97,0.0,07XCO-230,Xochimilco,BAJA CALIFORNIA,MEXICALI,230.0,VALLE,BAJA CALIFORNIA,MEXICALI,BAJA CALIFORNIA,2,BAJA CALIFORNIA,2,MEXICALI,MEXICALI,"2,000 - 5,000"
2026-10-07,MDA,BCA,07XCO-230,22,2518.73,2532.25,-13.52,0.0,07XCO-230,Xochimilco,BAJA CALIFORNIA,MEXICALI,230.0,VALLE,BAJA CALIFORNIA,MEXICALI,BAJA CALIFORNIA,2,BAJA CALIFORNIA,2,MEXICALI,MEXICALI,"2,000 - 5,000"
2026-10-07,MDA,BCA,07XCO-230,23,1880.24,1891.38,-11.14,0.0,07XCO-230,Xochimilco,BAJA CALIFORNIA,MEXICALI,230.0,VALLE,BAJA CALIFORNIA,MEXICALI,BAJA CALIFORNIA,2,BAJA CALIFORNIA,2,MEXICALI,MEXICALI,"1,000 - 2,000"
2026-10-07,MDA,BCA,07XCO-230,24,1246.16,1255.72,-9.56,0.0,07XCO-230,Xochimilco,BAJA CALIFORNIA,MEXICALI,230.0,VALLE,BAJA CALIFORNIA,MEXICALI,BAJA CALIFORNIA,2,BAJA CALIFORNIA,2,MEXICALI,MEXICALI,"1,000 - 2,000"
